mode,sample_index,model_id,ev_count,cal_direction,error_feas,error_opt
interpolation,0,0,94,1,1.2929125250949307e-12,0.31280712225366836
interpolation,0,0,94,2,4.207690046313667e-12,0.1276275605131699
interpolation,0,0,94,3,9.933186969425756e-13,0.12119929556816057
interpolation,0,0,94,4,5.765476017333145e-10,0.1208385873887097
interpolation,0,0,94,5,1.4853837577315973e-09,0.20129239687919512
interpolation,0,0,94,6,1.9584060061272688e-10,0.14434448137676417
interpolation,0,0,94,7,5.829685569536489e-13,0.14088258969496573
interpolation,0,0,94,8,1.3891103432712032e-11,0.1111227347608711
interpolation,0,0,94,9,6.7583043448150135e-12,0.1179175467418597
interpolation,0,0,94,10,3.993236307768138e-10,0.11151965509792106
interpolation,1,1,71,1,4.198212624642516e-10,0.10164532111339027
interpolation,1,1,71,2,2.1382229093700854e-09,0.13809856170975723
interpolation,1,1,71,3,1.0528703337326134e-09,0.14103287937799444
interpolation,1,1,71,4,5.609259447970947e-10,0.1142173205635226
interpolation,1,1,71,5,1.1320882621666484e-14,0.11987296756762994
interpolation,1,1,71,6,7.031038484228609e-10,0.10109829519449147
interpolation,1,1,71,7,7.015387053172028e-10,0.11393357057654463
interpolation,1,1,71,8,2.1142358481252818e-13,0.19287886696020148
interpolation,1,1,71,9,3.0104197766696744e-10,0.125962485732467
interpolation,1,1,71,10,8.306912419501442e-11,0.15827556964670786
interpolation,2,2,63,1,1.4109707297277383e-09,0.10083862778882689
interpolation,2,2,63,2,5.420705513327661e-11,0.08809125460336764
interpolation,2,2,63,3,4.656861752052397e-11,0.0879188470593626
interpolation,2,2,63,4,5.68235392861971e-09,0.09314034659032845
interpolation,2,2,63,5,3.668346601051345e-11,0.09010570949696559
interpolation,2,2,63,6,2.25044557679915e-09,0.10009488126437475
interpolation,2,2,63,7,3.2131451460604035e-11,0.08658923973185689
interpolation,2,2,63,8,1.3787558359063338e-10,0.08097349389527192
interpolation,2,2,63,9,2.372910756009023e-13,0.11099661387875245
interpolation,2,2,63,10,3.7843674153467405e-12,0.12368108395653964
interpolation,3,3,93,1,2.135386716764608e-13,0.10756408205677401
interpolation,3,3,93,2,1.7984246785364164e-12,0.12802390468633798
interpolation,3,3,93,3,9.623133980499415e-12,0.09646858629466894
interpolation,3,3,93,4,1.0522611172150484e-09,0.11730677670231857
interpolation,3,3,93,5,3.5020668842556592e-09,0.15842359447405324
interpolation,3,3,93,6,0.006175352117489232,0.14800498580929122
interpolation,3,3,93,7,8.792402355069675e-11,0.11664376414593126
interpolation,3,3,93,8,1.7047703915185475e-09,0.10217342390772538
interpolation,3,3,93,9,4.0464307269147547e-13,0.15197035157479552
interpolation,3,3,93,10,8.069279031406369e-10,0.32176240508243625
interpolation,4,4,80,1,5.3021864775885176e-11,0.1417516565002619
interpolation,4,4,80,2,5.171658175500026e-11,0.1413205296503503
interpolation,4,4,80,3,2.2974948434191464e-10,0.11876035720228934
interpolation,4,4,80,4,3.635017159477311e-10,0.15534993858676338
interpolation,4,4,80,5,1.6749312386641613e-09,0.10483750830859626
interpolation,4,4,80,6,3.1924507797000203e-09,0.12159524266356073
interpolation,4,4,80,7,1.8026873892070052e-11,0.30289947397682043
interpolation,4,4,80,8,1.436466996409233e-12,0.12771170512116564
interpolation,4,4,80,9,2.17671646148072e-10,0.17031730405584913
interpolation,4,4,80,10,1.3719854806099653e-09,0.10560887767537244
interpolation,5,5,89,1,2.104347976981206e-10,0.1263119342700918
interpolation,5,5,89,2,2.6771683174230877e-09,0.20652233095852568
interpolation,5,5,89,3,5.358485162435845e-10,0.12796627146005823
interpolation,5,5,89,4,2.2902740824083494e-09,0.11971860129396371
interpolation,5,5,89,5,7.172376288665146e-10,0.1200990977647022
interpolation,5,5,89,6,2.565681794749124e-09,0.1286592799839741
interpolation,5,5,89,7,2.2517149652317607e-12,0.14168924447099243
interpolation,5,5,89,8,1.4124131522557732e-13,0.17405793032485598
interpolation,5,5,89,9,1.0974905055960662e-11,0.12120078928599735
interpolation,5,5,89,10,6.467107269579775e-10,0.07519499764756146
interpolation,6,6,82,1,1.4764383760537033e-10,0.08834021521377473
interpolation,6,6,82,2,1.5280747232849995e-09,0.26693505534024065
interpolation,6,6,82,3,1.660616954730926e-09,0.1128359242532379
interpolation,6,6,82,4,3.3396848325462344e-12,0.19435785621652737
interpolation,6,6,82,5,2.440153543061277e-09,0.26339802579466454
interpolation,6,6,82,6,1.7454639980634882e-09,0.14840981355116684
interpolation,6,6,82,7,4.4101841558105413e-13,0.1087696317046241
interpolation,6,6,82,8,1.5730243274218442e-10,0.13630176255317966
interpolation,6,6,82,9,1.3092801608153244e-12,0.11793186537088063
interpolation,6,6,82,10,1.7240238148123056e-09,0.22395058266326184
interpolation,7,7,93,1,2.09580267594361e-12,0.1522449628416902
interpolation,7,7,93,2,3.585749161952894e-09,0.12177151407139425
interpolation,7,7,93,3,6.275193778638611e-12,0.09606481939880537
interpolation,7,7,93,4,3.731903210108907e-09,0.1254976089587857
interpolation,7,7,93,5,5.343288471325721e-11,0.14282848423476135
interpolation,7,7,93,6,1.0164462623337007e-09,0.12556545235497735
interpolation,7,7,93,7,1.357201744801893e-10,0.15108857896335998
interpolation,7,7,93,8,2.5951555182645088e-09,0.15508829486750303
interpolation,7,7,93,9,3.4320527865491813e-09,0.10488637294369246
interpolation,7,7,93,10,9.822088373815977e-10,0.1260368222023397
interpolation,8,8,76,1,2.210531094189727e-10,0.09611227875008693
interpolation,8,8,76,2,1.6068872538815522e-11,0.16206833418866137
interpolation,8,8,76,3,2.238894310579862e-09,0.1310871553728006
interpolation,8,8,76,4,7.924705856437423e-15,0.1217899687711406
interpolation,8,8,76,5,1.3731802963011332e-11,0.32595957997919567
interpolation,8,8,76,6,6.875019986736861e-11,0.12542667207909708
interpolation,8,8,76,7,1.146605136141163e-11,0.1695848747416394
interpolation,8,8,76,8,1.467862923252569e-09,0.11516302587650248
interpolation,8,8,76,9,4.5352733153820935e-13,0.16042928318236827
interpolation,8,8,76,10,4.820266387133538e-12,0.10681280938302117
interpolation,9,9,61,1,1.0419969745771294e-11,0.13910691065823733
interpolation,9,9,61,2,1.1487206475189446e-10,0.14625375261413892
interpolation,9,9,61,3,1.1281615591433578e-12,0.10391938016313909
interpolation,9,9,61,4,5.674621468735866e-13,0.12908985866379463
interpolation,9,9,61,5,2.564078069181514e-10,0.19258795532481454
interpolation,9,9,61,6,3.975712008441933e-09,0.13067403975460568
interpolation,9,9,61,7,2.1158456017818895e-10,0.12922564292056654
interpolation,9,9,61,8,1.5814919169146899e-09,0.1902090727889244
interpolation,9,9,61,9,1.2498707613124385e-10,0.10718875368824014
interpolation,9,9,61,10,2.8597178556247536e-09,0.14620501983439177
interpolation,10,10,94,1,1.520572384830628e-09,0.07355643146042501
interpolation,10,10,94,2,1.18587872608656e-10,0.07262257191144847
interpolation,10,10,94,3,6.424298382150333e-10,0.10437545148143301
interpolation,10,10,94,4,3.0239399954724048e-09,0.1404105176891591
interpolation,10,10,94,5,2.305677281640415e-12,0.13894530929063414
interpolation,10,10,94,6,1.9537905958654646e-10,0.21050490457780138
interpolation,10,10,94,7,1.019032830986897e-10,0.09290642672235869
interpolation,10,10,94,8,1.6816258084162653e-10,0.11694191814620236
interpolation,10,10,94,9,5.663159152868203e-10,0.09979292858356277
interpolation,10,10,94,10,2.965279803052173e-05,0.1443971840874098
interpolation,11,11,95,1,5.6214215001445055e-11,0.08308835949031969
interpolation,11,11,95,2,1.3784872266878734e-09,0.10809972164020903
interpolation,11,11,95,3,1.1100528795537318e-09,0.14475544824397113
interpolation,11,11,95,4,7.424621443689347e-10,0.07692293225546235
interpolation,11,11,95,5,1.950874412373377e-09,0.09225557414315172
interpolation,11,11,95,6,2.487210454669653e-10,0.09067475511514919
interpolation,11,11,95,7,2.2156990701372817e-12,0.06088371775365712
interpolation,11,11,95,8,5.832268474152582e-11,0.06980499761938944
interpolation,11,11,95,9,6.093327595249058e-11,0.10161192345731992
interpolation,11,11,95,10,2.9191611083050114e-11,0.12460524667783046
interpolation,12,12,63,1,6.51976647103226e-06,0.08614195175724683
interpolation,12,12,63,2,4.068693318089229e-12,0.10420571595627709
interpolation,12,12,63,3,2.5599546119741134e-10,0.10509797188822323
interpolation,12,12,63,4,7.64277721251642e-10,0.10535483743770013
interpolation,12,12,63,5,4.1901748787593533e-10,0.09220155353752818
interpolation,12,12,63,6,3.2522287314676883e-13,0.09091518187686197
interpolation,12,12,63,7,8.002878929062589e-10,0.11370569443393228
interpolation,12,12,63,8,4.409613913619812e-11,0.09265432666216093
interpolation,12,12,63,9,1.4236836528737738e-10,0.10822079398819484
interpolation,12,12,63,10,6.703444898265489e-10,0.08630785091311652
interpolation,13,13,77,1,8.834054963619182e-11,0.11884807487580212
interpolation,13,13,77,2,9.265371328745064e-11,0.09574314717099702
interpolation,13,13,77,3,1.836848461162384e-09,0.12781511059598463
interpolation,13,13,77,4,4.359142400570754e-11,0.11677422921189444
interpolation,13,13,77,5,1.1896378698079161e-09,0.11756634886385421
interpolation,13,13,77,6,1.2737748616076799e-09,0.10999207304778118
interpolation,13,13,77,7,6.997069174545059e-13,0.11743378421590053
interpolation,13,13,77,8,5.1393914172804246e-14,0.11056811743547046
interpolation,13,13,77,9,1.5413430451350785e-11,0.11512516926218253
interpolation,13,13,77,10,0.00023741343565974495,0.27129932062225276
interpolation,14,14,60,1,1.5140665862377625e-10,0.16153789835643678
interpolation,14,14,60,2,3.410765702606178e-11,0.10259086116648591
interpolation,14,14,60,3,1.4252643882399185e-10,0.13189436433538304
interpolation,14,14,60,4,1.1129390803953443e-12,0.12201023759066015
interpolation,14,14,60,5,1.1457083957236599e-13,0.19842364142287988
interpolation,14,14,60,6,3.196411614146901e-10,0.1657543672950525
interpolation,14,14,60,7,4.3910649438575746e-12,0.16132671302343116
interpolation,14,14,60,8,6.609487125993497e-11,0.12039863079047369
interpolation,14,14,60,9,8.508548011394743e-12,0.1604384650068425
interpolation,14,14,60,10,1.181714717061092e-12,0.125878385246311
interpolation,15,15,87,1,2.0155935148351614e-10,0.08270650709069152
interpolation,15,15,87,2,8.979196158557307e-10,0.12677847139976003
interpolation,15,15,87,3,4.853999276232514e-09,0.12366929215525484
interpolation,15,15,87,4,5.962038256027363e-11,0.11640785580959467
interpolation,15,15,87,5,1.325444906045482e-10,0.1393880666892304
interpolation,15,15,87,6,4.423805283731554e-09,0.13169104354383837
interpolation,15,15,87,7,2.116717031876572e-09,0.1224801716286813
interpolation,15,15,87,8,1.5672948206773842e-10,0.14017438959599238
interpolation,15,15,87,9,2.002757897819097e-12,0.0994276419450428
interpolation,15,15,87,10,2.7834076600198385e-11,0.149929900335813
interpolation,16,16,70,1,1.7896355153282822e-12,0.15776678282262627
interpolation,16,16,70,2,2.092578431303061e-12,0.11543712753812876
interpolation,16,16,70,3,6.709121937307527e-09,0.12077964934820684
interpolation,16,16,70,4,6.646416016578445e-09,0.1368502862251758
interpolation,16,16,70,5,2.0281373906944124e-12,0.10946016353046041
interpolation,16,16,70,6,3.885277391099383e-09,0.14052055773050018
interpolation,16,16,70,7,6.159174269595416e-09,0.20057210263682607
interpolation,16,16,70,8,1.1524673902476777e-09,0.08948779411512602
interpolation,16,16,70,9,8.177577781812536e-10,0.07218761753160702
interpolation,16,16,70,10,3.588626187827512e-12,0.10684298183984256
interpolation,17,17,75,1,7.200652577388017e-12,0.1284935019536159
interpolation,17,17,75,2,3.162771780978343e-09,0.1429827711348903
interpolation,17,17,75,3,3.6769683544110943e-09,0.12892024495042903
interpolation,17,17,75,4,1.8289352327686955e-09,0.13703023437266743
interpolation,17,17,75,5,8.258735467668771e-13,0.130240903670771
interpolation,17,17,75,6,1.2402949176062263e-12,0.1472325369648281
interpolation,17,17,75,7,4.0491147175485117e-11,0.08356712137266281
interpolation,17,17,75,8,1.6179979958154568e-09,0.12870845487844948
interpolation,17,17,75,9,2.212300719721701e-12,0.14151719713767813
interpolation,17,17,75,10,2.5661418596681338e-11,0.16859750938522394
interpolation,18,18,93,1,6.86631140967649e-10,0.2704212054657772
interpolation,18,18,93,2,3.967429392215114e-09,0.24707170366175019
interpolation,18,18,93,3,1.4384269356788292e-10,0.10423081849508115
interpolation,18,18,93,4,2.5304329917424937e-12,0.1242193119009189
interpolation,18,18,93,5,1.4719823950779632e-09,0.44475878127236945
interpolation,18,18,93,6,6.195511033362726e-10,0.11210963587641215
interpolation,18,18,93,7,8.185911941383198e-12,0.1646644409781471
interpolation,18,18,93,8,3.866828594092517e-11,0.15275399915181043
interpolation,18,18,93,9,3.9887686367807415e-09,0.4372800382792852
interpolation,18,18,93,10,1.7340292827855594e-10,0.13668346816393126
interpolation,19,19,88,1,6.375202313161057e-12,0.18686408495890894
interpolation,19,19,88,2,3.58026725030387e-11,0.12510663740863137
interpolation,19,19,88,3,1.7857012029866538e-09,0.13874847656502243
interpolation,19,19,88,4,2.1554513901855106e-12,0.12191763752332109
interpolation,19,19,88,5,4.3324207932616395e-10,0.1210706111976693
interpolation,19,19,88,6,4.47751581600985e-12,0.09048775256878354
interpolation,19,19,88,7,2.5054973431487294e-09,0.09764246184881788
interpolation,19,19,88,8,7.316184779860814e-10,0.11602544441500541
interpolation,19,19,88,9,1.736326020503385e-12,0.10775364272175289
interpolation,19,19,88,10,1.878332452621726e-13,0.10719063409236684
interpolation,20,20,94,1,1.1424563389328193e-12,0.12150265667831377
interpolation,20,20,94,2,3.7034680826788053e-09,0.12263981918821877
interpolation,20,20,94,3,4.683001444519e-11,0.10660724857712418
interpolation,20,20,94,4,2.2527707596232385e-10,0.12504499693802296
interpolation,20,20,94,5,2.6486401313771262e-14,0.09693320870251526
interpolation,20,20,94,6,4.3061825454456117e-10,0.11706976253864318
interpolation,20,20,94,7,1.18110154406792e-13,0.3741571352850701
interpolation,20,20,94,8,2.932791293393942e-10,0.12582623750148778
interpolation,20,20,94,9,4.200918695721716e-12,0.1283480733484045
interpolation,20,20,94,10,7.469942937738648e-10,0.09675417554958926
interpolation,21,21,75,1,5.421838442478533e-12,0.24625140145072713
interpolation,21,21,75,2,3.5876875843875482e-12,0.13912790369215425
interpolation,21,21,75,3,5.155848470061934e-11,0.14982019936469104
interpolation,21,21,75,4,1.4712830709771085e-09,0.1515368994957429
interpolation,21,21,75,5,1.8659629170875505e-13,0.15459827004543736
interpolation,21,21,75,6,8.988427815983705e-12,0.12501592034001138
interpolation,21,21,75,7,8.126101183157405e-11,0.14754303619065984
interpolation,21,21,75,8,6.634651250745743e-12,0.187862669359261
interpolation,21,21,75,9,3.3694121282364884e-10,0.37104767800211913
interpolation,21,21,75,10,5.782120390624231e-12,0.1397438223713456
interpolation,22,22,83,1,2.0510684566834085e-10,0.10461162440730772
interpolation,22,22,83,2,4.2819620254624813e-13,0.3528084899145554
interpolation,22,22,83,3,4.2628002905765036e-09,0.1044450947737926
interpolation,22,22,83,4,1.8639345524180516e-09,0.13054900106830167
interpolation,22,22,83,5,4.412500269538635e-12,0.13143105374857533
interpolation,22,22,83,6,2.1526540488210233e-09,0.4106665464623794
interpolation,22,22,83,7,7.737023461424352e-11,0.1228215399145624
interpolation,22,22,83,8,2.576095412277895e-09,0.15734146402234142
interpolation,22,22,83,9,1.2949134325162268e-09,0.18738105654751497
interpolation,22,22,83,10,2.875403357033001e-09,0.12222967902779137
interpolation,23,23,81,1,2.972894590011808e-10,0.13373187990761523
interpolation,23,23,81,2,3.739433490951381e-11,0.09410023925379243
interpolation,23,23,81,3,2.559665293432189e-09,0.1095255266633596
interpolation,23,23,81,4,1.581945969240293e-10,0.10209227763435337
interpolation,23,23,81,5,8.019811462157746e-10,0.13264833981456675
interpolation,23,23,81,6,5.936822134768269e-11,0.09834049706511047
interpolation,23,23,81,7,3.0301325961610074e-09,0.10224006459843907
interpolation,23,23,81,8,5.9691324799928556e-12,0.12964424895442694
interpolation,23,23,81,9,1.4136453559156233e-10,0.12217660255976107
interpolation,23,23,81,10,1.2484447263574565e-09,0.2040418445390052
interpolation,24,24,77,1,2.4434023442133066e-12,0.17367015248833548
interpolation,24,24,77,2,2.0038417755048822e-10,0.23000705679554767
interpolation,24,24,77,3,1.6543535496976192e-13,0.09700832929741922
interpolation,24,24,77,4,1.8289565049832383e-09,0.10996807626485453
interpolation,24,24,77,5,1.2390086004515242e-10,0.15918748692379958
interpolation,24,24,77,6,7.619823660715059e-10,0.15877236004471462
interpolation,24,24,77,7,4.4141033419132184e-12,0.16061915433579493
interpolation,24,24,77,8,1.507625972537135e-09,0.09181720627543274
interpolation,24,24,77,9,6.667704796309389e-13,0.13652931258365444
interpolation,24,24,77,10,1.3515381159916585e-09,0.12786711841709103
interpolation,25,25,96,1,2.2626412542179488e-11,0.08804337962499159
interpolation,25,25,96,2,2.6825357074484625e-13,0.11827673101514105
interpolation,25,25,96,3,2.753043087393144e-09,0.10735513238227495
interpolation,25,25,96,4,5.854314594413044e-09,0.17118276478116579
interpolation,25,25,96,5,1.0760492670147603e-12,0.12942795847397193
interpolation,25,25,96,6,1.7572577828901372e-09,0.09192987359463903
interpolation,25,25,96,7,1.974315103539089e-13,0.06418188553277371
interpolation,25,25,96,8,6.151138948618789e-10,0.15444253469878466
interpolation,25,25,96,9,6.907459756511196e-10,0.09023467207764171
interpolation,25,25,96,10,6.524319590097059e-10,0.10655191693487752
interpolation,26,26,81,1,2.482146049616066e-09,0.19850913269199477
interpolation,26,26,81,2,1.3805227290826797e-09,0.07958553586395041
interpolation,26,26,81,3,2.119122420428072e-12,0.1729345150375027
interpolation,26,26,81,4,4.242858703691829e-09,0.10530601211338503
interpolation,26,26,81,5,2.5907108339480787e-09,0.07971304682864294
interpolation,26,26,81,6,3.3877381405078923e-09,0.10456242352100187
interpolation,26,26,81,7,1.4636179718220568e-09,0.1077652148166794
interpolation,26,26,81,8,2.1060281130754e-11,0.08380399720425885
interpolation,26,26,81,9,1.5244659813080312e-10,0.1252244345964648
interpolation,26,26,81,10,3.1705901636641402e-12,0.08489184269463101
interpolation,27,27,83,1,6.563244866375213e-14,0.09413596796882637
interpolation,27,27,83,2,6.384016541239961e-12,0.06830364705308482
interpolation,27,27,83,3,0.00030299871118777503,0.05414420273356265
interpolation,27,27,83,4,4.125822848075244e-09,0.07441880236107273
interpolation,27,27,83,5,4.225839066823503e-11,0.07908269632598024
interpolation,27,27,83,6,1.1795123578800748e-09,0.0756095878773718
interpolation,27,27,83,7,1.2643239271408984e-09,0.09106197907592839
interpolation,27,27,83,8,9.001219963282744e-10,0.09573809443502371
interpolation,27,27,83,9,9.211495528043278e-12,0.1184794797409521
interpolation,27,27,83,10,1.8038633624286197e-10,0.11814324132079451
interpolation,28,28,89,1,1.2814787429306093e-10,0.12386944877838414
interpolation,28,28,89,2,8.003183493211861e-11,0.10626093130192729
interpolation,28,28,89,3,9.872920881049152e-10,0.11449563719138511
interpolation,28,28,89,4,1.110098230862384e-11,0.14835696975521806
interpolation,28,28,89,5,2.961323262363817e-10,0.16403531395601348
interpolation,28,28,89,6,1.5895129251918531e-10,0.2008119307520283
interpolation,28,28,89,7,9.889358525863626e-12,0.10582004090751833
interpolation,28,28,89,8,6.473559839856982e-12,0.12730343945569964
interpolation,28,28,89,9,8.712182896681411e-12,0.23574369734637818
interpolation,28,28,89,10,2.738170213212363e-09,0.18314134904566448
interpolation,29,29,73,1,4.528685967343299e-09,0.0988680987059516
interpolation,29,29,73,2,1.8170878733950367e-09,0.08133789159008942
interpolation,29,29,73,3,1.5013994659575377e-09,0.06935808947098175
interpolation,29,29,73,4,3.5002079760359077e-09,0.11365346878441591
interpolation,29,29,73,5,6.810621964288628e-11,0.0782263092600833
interpolation,29,29,73,6,3.977366361423629e-09,0.1158087660020396
interpolation,29,29,73,7,7.216998319985194e-12,0.16417741282259501
interpolation,29,29,73,8,1.32218175080504e-13,0.14320031738065897
interpolation,29,29,73,9,1.4088854173809679e-12,0.1185139847668906
interpolation,29,29,73,10,3.2493746994631802e-09,0.15276129599828026
interpolation,30,30,73,1,3.158948544037864e-09,0.10625581243907145
interpolation,30,30,73,2,4.343345578798904e-09,0.21971635942524312
interpolation,30,30,73,3,3.113758385759831e-10,0.09072197861688015
interpolation,30,30,73,4,7.240257917602934e-10,0.10818130659957963
interpolation,30,30,73,5,6.69898896617407e-11,0.12247402523347155
interpolation,30,30,73,6,3.4333454131555446e-12,0.2594449386245959
interpolation,30,30,73,7,5.929582772997738e-12,0.19471274066715616
interpolation,30,30,73,8,1.885791630004719e-12,0.1474960636696716
interpolation,30,30,73,9,2.2567560919990095e-09,0.13096171277298319
interpolation,30,30,73,10,1.0264352756704964e-11,0.10657879378131468
interpolation,31,31,69,1,9.47625050723435e-12,0.11601646800134215
interpolation,31,31,69,2,1.0493661354960967e-09,0.1362039200251473
interpolation,31,31,69,3,2.1011993178371257e-10,0.13113448724358098
interpolation,31,31,69,4,9.762927273680861e-11,0.14567167109230605
interpolation,31,31,69,5,2.67894225131507e-10,0.15925628761718597
interpolation,31,31,69,6,3.3871269990273137e-09,0.09395093993045571
interpolation,31,31,69,7,3.093286415393647e-10,0.15423872758262203
interpolation,31,31,69,8,3.775854885136392e-09,0.2471216390520853
interpolation,31,31,69,9,7.291096196759017e-11,0.10261681618091348
interpolation,31,31,69,10,1.3941440193780222e-12,0.10710000397133257
interpolation,32,32,61,1,1.1833087862029495e-09,0.0799349624889297
interpolation,32,32,61,2,4.521528172496918e-05,0.16914219376391654
interpolation,32,32,61,3,2.929656114315833e-09,0.14619607878111632
interpolation,32,32,61,4,8.921183212618831e-10,0.12247575766215349
interpolation,32,32,61,5,1.5162198818951745e-12,0.10129290941651067
interpolation,32,32,61,6,2.2772086994674388e-10,0.08491819708334224
interpolation,32,32,61,7,1.2150903969547412e-10,0.11163370035035339
interpolation,32,32,61,8,1.2495536738125187e-08,0.12414329587950183
interpolation,32,32,61,9,5.827643800152236e-11,0.0996607065242062
interpolation,32,32,61,10,5.265620428063843e-11,0.08891826143422593
interpolation,33,33,94,1,7.971694547172727e-12,0.10773821614070671
interpolation,33,33,94,2,1.4166715378910273e-11,0.04839347762068959
interpolation,33,33,94,3,3.611225647899228e-10,0.12241408465358007
interpolation,33,33,94,4,6.409732960164165e-10,0.11885887110435506
interpolation,33,33,94,5,1.007206596402451e-09,0.09591109331575373
interpolation,33,33,94,6,2.1642423134589647e-12,0.1614039580602683
interpolation,33,33,94,7,1.1456356966022708e-13,0.13256237806592625
interpolation,33,33,94,8,3.286985764078344e-12,0.1242369948384138
interpolation,33,33,94,9,1.9982836600120793e-09,0.12643847445987189
interpolation,33,33,94,10,2.569050199390499e-11,0.12283551317867179
interpolation,34,34,72,1,1.195935630651974e-09,0.08305340027715823
interpolation,34,34,72,2,3.975051359629148e-13,0.06814073427204614
interpolation,34,34,72,3,2.2337741477673302e-09,0.11214361934015232
interpolation,34,34,72,4,5.773339914701972e-10,0.09769824674681772
interpolation,34,34,72,5,7.210256072702263e-10,0.11175101374126976
interpolation,34,34,72,6,1.6277655637776227e-14,0.06601114412100116
interpolation,34,34,72,7,1.3112957612635727e-10,0.07478720955347709
interpolation,34,34,72,8,1.954764302560887e-09,0.07010703747360117
interpolation,34,34,72,9,4.403297690631188e-11,0.1611198507513108
interpolation,34,34,72,10,7.569287404424358e-12,0.09250923889759932
interpolation,35,35,95,1,8.20244795949929e-11,0.05944182380689033
interpolation,35,35,95,2,3.942134194231364e-10,0.09489845460699055
interpolation,35,35,95,3,2.5188362643791194e-11,0.09220471884544004
interpolation,35,35,95,4,3.6507849988209082e-09,0.07257508308473035
interpolation,35,35,95,5,6.24872029158373e-10,0.15592942285054467
interpolation,35,35,95,6,5.832201591983075e-10,0.124815750184068
interpolation,35,35,95,7,1.763653745690397e-11,0.1741867132800789
interpolation,35,35,95,8,2.6931658342093926e-09,0.11349100786808562
interpolation,35,35,95,9,6.787497120435058e-14,0.1159321485407486
interpolation,35,35,95,10,2.8520280463721326e-10,0.08732503295395476
interpolation,36,36,87,1,3.6101552020428607e-10,0.10114676271818099
interpolation,36,36,87,2,1.3977319535404584e-09,0.08203248667117574
interpolation,36,36,87,3,5.146773406239444e-09,0.07407962229783742
interpolation,36,36,87,4,2.706027389930222e-12,0.08046282684684225
interpolation,36,36,87,5,2.898165330937219e-13,0.09782873213260251
interpolation,36,36,87,6,3.8378353898809134e-13,0.0876787389000656
interpolation,36,36,87,7,2.412244370549952e-09,0.098805574675042
interpolation,36,36,87,8,1.357147364289523e-11,0.10734022965493097
interpolation,36,36,87,9,1.7401801103245504e-12,0.11205316784219024
interpolation,36,36,87,10,9.004309288502068e-12,0.09721561268989526
interpolation,37,37,66,1,2.429827980877728e-09,0.22248983648378481
interpolation,37,37,66,2,1.917948855556798e-09,0.11235260073556379
interpolation,37,37,66,3,3.48816482507994e-09,0.12514669104666581
interpolation,37,37,66,4,4.834128426616187e-13,0.12669257680978244
interpolation,37,37,66,5,5.123169258421646e-11,0.1465931686503478
interpolation,37,37,66,6,4.634211516517482e-12,0.13066604800898024
interpolation,37,37,66,7,7.338734228867366e-10,0.12210861798975262
interpolation,37,37,66,8,2.6760256157029317e-10,0.12549429837710094
interpolation,37,37,66,9,5.52065071392072e-11,0.09104804702238935
interpolation,37,37,66,10,3.346327510714317e-10,0.09410633587131519
interpolation,38,38,96,1,4.937688347913147e-09,0.3010082871180555
interpolation,38,38,96,2,5.867276106181563e-11,0.14431768293561326
interpolation,38,38,96,3,1.1234474907131931e-09,0.15345206797475716
interpolation,38,38,96,4,1.0853564978675356e-12,0.10659001417549581
interpolation,38,38,96,5,1.0692385787666751e-12,0.14159660988067926
interpolation,38,38,96,6,2.439214723356376e-10,0.10332618023144169
interpolation,38,38,96,7,6.165709421431774e-11,0.12597518359173046
interpolation,38,38,96,8,4.969546160809968e-10,0.12299369357753251
interpolation,38,38,96,9,2.0453278008450295e-10,0.13862209408299014
interpolation,38,38,96,10,1.4283330485722465e-13,0.11956079491611596
interpolation,39,39,69,1,3.9307296926293054e-10,0.1650673196093085
interpolation,39,39,69,2,9.215177715976032e-13,0.1527424008559464
interpolation,39,39,69,3,1.818569306955234e-11,0.1740884954260402
interpolation,39,39,69,4,1.2930268579837023e-09,0.15077649187638853
interpolation,39,39,69,5,6.476822936800748e-10,0.1800502046994456
interpolation,39,39,69,6,6.489564989850987e-14,0.15209783228638868
interpolation,39,39,69,7,4.301350073534148e-10,0.24759266483444964
interpolation,39,39,69,8,1.2004180505080575e-10,0.1480629482849373
interpolation,39,39,69,9,8.501318333942419e-10,0.17151750586225056
interpolation,39,39,69,10,1.4943151630389555e-11,0.20125435980164885
