xi_id,price_id,true_cost,method_cost,cost_diff,normalized_cost_diff,abs_decomp_error,rel_decomp_error,decomp_failed
0,0,1401.0827161706115,1922.8518197316773,521.7691035610658,0.05479016361853884,205.67606420011742,0.025080850625499484,True
0,1,2032.9371715595573,2850.1381338287,817.2009622691428,0.08482647041240739,0.0,0.0,False
0,2,3127.6920440272943,4098.806454883955,971.1144108566605,0.0938279539126687,0.0,0.0,False
0,3,1735.0515628812393,2454.812503955812,719.7609410745729,0.08374816528473435,0.0,0.0,False
0,4,1553.773310323721,2371.6427865858327,817.8694762621117,0.10376951008345336,0.0,0.0,False
0,5,1911.7209200640482,2672.6646404461044,760.9437203820562,0.08316795625132307,0.0,0.0,False
0,6,2749.3005771227604,3869.8978131315353,1120.5972360087749,0.10671100684837806,0.0,0.0,False
0,7,2447.0275939655494,3247.081194886963,800.0536009214138,0.07391689774458718,0.0,0.0,False
0,8,3142.713658555387,4120.244157452869,977.5304988974822,0.08617494875143188,0.0,0.0,False
0,9,1867.7951806672706,2614.4967118530694,746.7015311857988,0.08745211458648955,0.0,0.0,False
1,0,1344.7766195266695,1795.1199367208105,450.34331719414104,0.04636681849041452,279.62017011165716,0.03394225147420005,True
1,1,1967.94390941154,2772.632054068137,804.6881446565972,0.08248470257471077,0.0,0.0,False
1,2,3078.2383274715517,4037.4674253893836,959.229097917832,0.09194514693791567,0.0,0.0,False
1,3,1690.1842740402815,2395.998853347981,705.8145793076994,0.08112420750592575,0.0,0.0,False
1,4,1492.9121250804737,2316.00056085749,823.0884357770165,0.10319774728586369,0.0,0.0,False
1,5,1857.2855546475507,2592.624107773193,735.3385531256422,0.07920329569016568,0.0,0.0,False
1,6,2699.3184800927015,3781.622831980729,1082.3043518880277,0.10174439011859422,0.0,0.0,False
1,7,2373.697239628867,3112.1843456393362,738.4871060104692,0.06711286057180099,0.0,0.0,False
1,8,3079.3697949971443,4036.3695851348148,956.9997901376705,0.08357114531037733,0.0,0.0,False
1,9,1835.4354545719627,2574.474743415171,739.0392888432082,0.08474087484829536,0.0,0.0,False
2,0,1333.962943672149,1816.190947314783,482.2280036426339,0.05005355520410827,276.6880148820552,0.03345583299179313,True
2,1,1961.0723046077358,2784.153902632235,823.081598024499,0.08486780940858567,0.0,0.0,False
2,2,3080.992927586398,4067.965310362929,986.972382776531,0.0945587489264669,0.0,0.0,False
2,3,1691.7678530848314,2424.509942070852,732.7420889860207,0.08442056999188009,0.0,0.0,False
2,4,1487.6855488202998,2329.738892951841,842.0533441315413,0.10577867629386521,0.0,0.0,False
2,5,1849.9601384474743,2610.927785402565,760.9676469550907,0.08231537940078783,0.0,0.0,False
2,6,2709.6354425497993,3799.67543171695,1090.0399891671505,0.10254652347959035,0.0,0.0,False
2,7,2365.1885098798934,3141.7928008451745,776.604290965281,0.07086726818330776,0.0,0.0,False
2,8,3081.7968431231543,4071.1710521956065,989.3742090724522,0.0865185709129101,0.0,0.0,False
2,9,1837.5868698484187,2577.6341018164712,740.0472319680525,0.0852081818323555,0.0,0.0,False
3,0,1433.1406365468463,1940.0063839194222,506.8657473725759,0.05395660634422377,216.89403729734948,0.026988016488506322,True
3,1,2033.4603202400094,2845.8618112723716,812.4014910323622,0.08607557203353161,0.0,0.0,False
3,2,3147.4661077735227,4102.68336041054,955.2172526370177,0.09368874192154726,0.0,0.0,False
3,3,1743.3147370587787,2474.5596835722463,731.2449465134675,0.08696648585808339,0.0,0.0,False
3,4,1556.0629240255012,2373.2641208327864,817.2011968072852,0.10529897838894738,0.0,0.0,False
3,5,1934.1390385196432,2673.6812601682304,739.5422216485872,0.08167130075558644,0.0,0.0,False
3,6,2760.2960905725595,3804.3487945688044,1044.0527039962449,0.10101600149078233,0.0,0.0,False
3,7,2448.8781753032645,3239.049671384357,790.1714960810928,0.07441993175505172,0.0,0.0,False
3,8,3150.1348713432344,4091.5542570275165,941.4193856842821,0.08450223120391198,0.0,0.0,False
3,9,1893.6158852356566,2614.915742681518,721.2998574458616,0.08521339434039188,0.0,0.0,False
4,0,1306.1949732738706,1888.141505887368,581.9465326134975,0.060851961972539025,114.83058538226138,0.013933470479513354,True
4,1,1953.9943980523678,2835.5651665406776,881.5707684883098,0.09134752776578003,0.0,0.0,False
4,2,3067.671819456661,4106.761580161456,1039.0897607047946,0.09997002582162015,0.0,0.0,False
4,3,1677.1328529566488,2458.747266488719,781.6144135320703,0.09050799934382131,0.0,0.0,False
4,4,1480.4517255880135,2367.2142484510423,886.7625228630288,0.11190180003670225,0.0,0.0,False
4,5,1836.007449120729,2657.41470937226,821.4072602515309,0.08939091907765398,0.0,0.0,False
4,6,2691.1894759068114,3852.2381161702697,1161.0486402634583,0.1097498932503754,0.0,0.0,False
4,7,2348.755649101835,3204.8096742519924,856.0540251501575,0.07854263018116027,0.0,0.0,False
4,8,3064.018783546523,4118.357882672017,1054.3390991254937,0.092657082062997,0.0,0.0,False
4,9,1818.1110688826689,2614.476448847954,796.3653799652852,0.09214873009597588,0.0,0.0,False
5,0,1390.6741938065036,1966.9355253284011,576.2613315218975,0.06102866616149878,128.1225417595167,0.015489349479993864,True
5,1,2028.763884827375,2875.573281937749,846.809397110374,0.08845828579926701,0.0,0.0,False
5,2,3151.6575118140026,4164.235541290831,1012.5780294768283,0.09769906410223898,0.0,0.0,False
5,3,1758.5529215188776,2504.376356899422,745.8234353805442,0.08697096753267426,0.0,0.0,False
5,4,1556.5614284598437,2391.515909770126,834.9544813102825,0.10587391757122296,0.0,0.0,False
5,5,1905.465241208493,2699.970032289133,794.5047910806402,0.08727856377684243,0.0,0.0,False
5,6,2784.787713882116,3900.246499630897,1115.4587857487809,0.10582243937165793,0.0,0.0,False
5,7,2454.009030844938,3280.3527466796368,826.3437158346987,0.07645591199047183,0.0,0.0,False
5,8,3174.494381092719,4176.752090238389,1002.2577091456706,0.08858831246417316,0.0,0.0,False
5,9,1877.2532884323764,2643.7548044401283,766.5015160077519,0.08956454929144202,0.0,0.0,False
6,0,1481.2594687926764,2039.5413304707065,558.28186167803,0.0596482799615805,149.5702603764902,0.018313222381110977,True
6,1,2101.1487531292314,2932.3683749368583,831.2196218076269,0.0876776943277915,0.0,0.0,False
6,2,3191.6111600873037,4193.824241447903,1002.2130813605991,0.09771914810132726,0.0,0.0,False
6,3,1788.568507389121,2543.7412883445063,755.1727809553854,0.08912490050800166,0.0,0.0,False
6,4,1604.3920408670344,2439.7081147230874,835.316073856053,0.1071680896791887,0.0,0.0,False
6,5,1978.7654164671492,2753.4004749561673,774.6350584890181,0.08579033836204049,0.0,0.0,False
6,6,2804.7481469078957,3927.7287925581345,1122.9806456502388,0.10779539395124865,0.0,0.0,False
6,7,2518.9242363584144,3345.47707580436,826.5528394459457,0.0773317377558739,0.0,0.0,False
6,8,3193.4867515570213,4202.30903212506,1008.8222805680389,0.09020664138536962,0.0,0.0,False
6,9,1925.159856697178,2686.7347324593793,761.5748757622014,0.08947863453703035,0.0,0.0,False
7,0,1339.4247679311184,1888.9266668920648,549.5018989609464,0.05742688048572246,163.76055968310357,0.02012394458316884,True
7,1,1960.9251065430437,2828.6768117123856,867.7517051693419,0.09010901050242504,0.0,0.0,False
7,2,3065.755666035319,4076.7932582176495,1011.0375921823306,0.09794706577985327,0.0,0.0,False
7,3,1670.0632534382005,2436.84263653752,766.7793830993194,0.08945267489925696,0.0,0.0,False
7,4,1484.485902491297,2357.069113192227,872.5832107009301,0.11076679774207193,0.0,0.0,False
7,5,1849.4831248050762,2646.489007937591,797.0058831325148,0.0868754846895705,0.0,0.0,False
7,6,2673.104342880177,3821.4894352237616,1148.3850923435848,0.10944063425300321,0.0,0.0,False
7,7,2355.9348519142955,3197.1398641854344,841.2050122711389,0.07766158723170809,0.0,0.0,False
7,8,3055.683119732317,4087.1479775785638,1031.4648578462466,0.09119594901329939,0.0,0.0,False
7,9,1822.7516698339248,2608.4204284093753,785.6687585754505,0.0914317829853549,0.0,0.0,False
8,0,1325.4255625254623,1850.9244437690804,525.4988812436181,0.054559473229123426,171.35896298945553,0.02087084480316327,True
8,1,1947.5009759407696,2810.1653726266704,862.6643966859008,0.08896272251202783,0.0,0.0,False
8,2,3076.2243545897745,4078.725351250002,1002.5009966602274,0.09641361097297681,0.0,0.0,False
8,3,1691.5135152793969,2439.1206295681786,747.6071142887818,0.08641302676685501,0.0,0.0,False
8,4,1482.0992919845871,2340.9385088515605,858.8392168669734,0.10820851936835091,0.0,0.0,False
8,5,1839.157667896699,2626.0867142239476,786.9290463272487,0.08535649637135277,0.0,0.0,False
8,6,2704.49748587304,3810.4384481315137,1105.9409622584735,0.10431474853753255,0.0,0.0,False
8,7,2354.2722137181227,3168.8181280409112,814.5459143227886,0.07450202508373562,0.0,0.0,False
8,8,3084.2052486001726,4091.4058850070573,1007.2006364068848,0.08840169094743823,0.0,0.0,False
8,9,1822.732980655813,2598.0497153931747,775.3167347373617,0.08945871969011468,0.0,0.0,False
9,0,1459.602109620187,1956.1067721286881,496.50466250850104,0.05187066536499343,205.18164824459302,0.025284027582313406,True
9,1,2059.5323349557616,2890.488154972492,830.9558200167303,0.08610668665246363,0.0,0.0,False
9,2,3159.5578921790375,4141.660232770588,982.1023405915503,0.09511856420020208,0.0,0.0,False
9,3,1765.543110967835,2498.741297393899,733.198186426064,0.08531225507823575,0.0,0.0,False
9,4,1573.7210010495717,2405.60182189228,831.8808208427083,0.10537971089872118,0.0,0.0,False
9,5,1945.3682317592284,2700.6841890494698,755.3159572902414,0.08247622942725141,0.0,0.0,False
9,6,2771.8285319994893,3877.3627570425906,1105.5342250431013,0.1050055979682693,0.0,0.0,False
9,7,2483.8382679577517,3257.264182148058,773.4259141903062,0.07110167645019137,0.0,0.0,False
9,8,3165.0782308914936,4158.4650503604125,993.3868194689189,0.0878522081658848,0.0,0.0,False
9,9,1906.3949936919757,2664.8272301338557,758.4322364418799,0.08762347286313123,0.0,0.0,False
10,0,1349.669386491924,1870.3159313681738,520.6465448762499,0.05420899967317967,203.58330050318918,0.02497712757367787,True
10,1,1972.2278475432042,2819.5855462914496,847.3576987482454,0.08769027567123142,0.0,0.0,False
10,2,3069.0689961815956,4091.0734137581576,1022.004417576562,0.09854828972872219,0.0,0.0,False
10,3,1673.697753124883,2449.7683796680967,776.0706265432136,0.09012358530704286,0.0,0.0,False
10,4,1488.2729003776426,2360.4835029966057,872.2106026189631,0.11028186988229789,0.0,0.0,False
10,5,1856.008376980669,2647.0274868976235,791.0191099169544,0.085941172640488,0.0,0.0,False
10,6,2676.254813127459,3814.426881443047,1138.1720683155881,0.10784362110120023,0.0,0.0,False
10,7,2366.6001825566236,3191.6738332067066,825.073650650083,0.07573113951863142,0.0,0.0,False
10,8,3038.47216069672,4089.243901303155,1050.7717406064348,0.0926351366339506,0.0,0.0,False
10,9,1832.6355538959408,2614.5305641164373,781.8950102204965,0.09017927773285071,0.0,0.0,False
11,0,1261.5001846242076,1783.2796961240717,521.7795114998642,0.053515247916942905,243.5492919679477,0.029456186266300477,True
11,1,1892.456349119499,2761.315368053998,868.8590189344991,0.08865919668706425,0.0,0.0,False
11,2,3002.3005602209996,4054.217003719319,1051.9164434983195,0.10035849416384973,0.0,0.0,False
11,3,1609.320917931093,2404.538174333833,795.2172564027401,0.09127240402491536,0.0,0.0,False
11,4,1418.9002113059364,2308.2127882289415,889.312576923005,0.11082875326974545,0.0,0.0,False
11,5,1769.177025502851,2583.774445500378,814.5974199975271,0.08751247534181905,0.0,0.0,False
11,6,2616.8482321842494,3768.272210777432,1151.4239785931827,0.10793800556253115,0.0,0.0,False
11,7,2270.0636640652,3117.814196565521,847.7505325003208,0.07677787433898985,0.0,0.0,False
11,8,2959.041230068178,4051.064706551372,1092.0234764831944,0.095170530752033,0.0,0.0,False
11,9,1777.5158614534282,2568.245035920114,790.7291744666857,0.09042238904273318,0.0,0.0,False
12,0,1496.5528170080338,1948.918811159046,452.3659941510123,0.04818266901492116,322.018679294323,0.04001947184607381,True
12,1,2078.0854076818396,2854.548430405336,776.4630227234966,0.08215840834310327,0.0,0.0,False
12,2,3176.604073213687,4099.411916567058,922.807843353371,0.09046525411417092,0.0,0.0,False
12,3,1766.1280016166238,2472.7744164898645,706.6464148732407,0.08384055687598697,0.0,0.0,False
12,4,1576.6008700515997,2377.7010504751725,801.1001804235727,0.10346155946746595,0.0,0.0,False
12,5,1973.3969441682152,2679.1185325941083,705.7215884258931,0.07801295409339312,0.0,0.0,False
12,6,2784.3216012941884,3824.2305742349026,1039.9089729407142,0.10034905979204126,0.0,0.0,False
12,7,2487.3426831674205,3250.2555788408918,762.9128956734712,0.07179307168703018,0.0,0.0,False
12,8,3182.782843987302,4103.881265757667,921.0984217703653,0.08261696208004285,0.0,0.0,False
12,9,1924.8612225843824,2624.1107609254577,699.2495383410753,0.0826226085347725,0.0,0.0,False
13,0,1405.1107435060326,1857.974688899246,452.8639453932135,0.04746866332076623,300.8504453315626,0.036309242632944445,True
13,1,2026.231578572816,2808.013912135074,781.7823335622579,0.08131489483730157,0.0,0.0,False
13,2,3152.8927336109446,4109.686552791183,956.7938191802386,0.09193963130356277,0.0,0.0,False
13,3,1756.3753003624106,2456.569618776769,700.1943184143583,0.08122230185785415,0.0,0.0,False
13,4,1554.9688632788202,2340.131285317558,785.162422038738,0.09897060547191644,0.0,0.0,False
13,5,1908.798766175691,2628.5695665178046,719.7708003421135,0.07838861341324642,0.0,0.0,False
13,6,2786.8775383252982,3818.741849265759,1031.8643109404607,0.09729831956073062,0.0,0.0,False
13,7,2452.121412074672,3169.8715788965746,717.7501668219024,0.06593862250386152,0.0,0.0,False
13,8,3168.6338067328584,4105.757570711368,937.1237639785099,0.08240424970830595,0.0,0.0,False
13,9,1888.8040469695447,2592.285292864797,703.4812458952524,0.08140479349175724,0.0,0.0,False
14,0,1532.3079496169767,1892.7394204893092,360.4314708723325,0.037577853567626114,373.10462318874534,0.04630281264106981,True
14,1,2101.1191081463685,2834.5714559333546,733.4523477869861,0.0761250494626587,0.0,0.0,False
14,2,3206.8516790954773,4056.2740730394503,849.422393943973,0.08266005569752978,0.0,0.0,False
14,3,1801.5945995927539,2427.2511639054073,625.6565643126535,0.0730432119879784,0.0,0.0,False
14,4,1607.0108085437973,2357.1588577867574,750.14804924296,0.09563396159589659,0.0,0.0,False
14,5,1999.4870702342148,2646.628438016135,647.1413677819203,0.07057979021164851,0.0,0.0,False
14,6,2821.954728253879,3811.867877975663,989.9131497217841,0.09449746376015951,0.0,0.0,False
14,7,2536.846732604926,3176.211307001954,639.3645743970283,0.059067583897570074,253.25534651395478,0.03094785527863697,True
14,8,3236.647665238525,4065.406163804405,828.75849856588,0.073425252253104,0.0,0.0,False
14,9,1941.0800405787352,2616.909781717247,675.8297411385117,0.07861675692104092,0.0,0.0,False
15,0,1347.7141499541033,1858.771231704045,511.05708174994174,0.0528812165243141,199.2508578732096,0.024337471631514732,True
15,1,1968.296769484533,2814.5646406416226,846.2678711570898,0.08706718987668316,0.0,0.0,False
15,2,3077.2382137264804,4072.131564185551,994.8933504590705,0.09579645921418171,0.0,0.0,False
15,3,1690.6294930169101,2427.8804804178253,737.2509874009152,0.08526113958023614,0.0,0.0,False
15,4,1492.7611516752727,2345.719558884816,852.9584072095431,0.10738195524369715,0.0,0.0,False
15,5,1850.6393898735423,2629.3367881106415,778.6973982370992,0.08430929009415897,0.0,0.0,False
15,6,2695.0665328928408,3816.036749607721,1120.9702167148803,0.10588890204589023,0.0,0.0,False
15,7,2371.3858032756084,3166.6161296595724,795.230326383964,0.07263560181549451,0.0,0.0,False
15,8,3057.8097462184587,4080.7074544139837,1022.897708195525,0.08986575905917973,0.0,0.0,False
15,9,1837.4701345682247,2609.5637761926355,772.0936416244108,0.08884902902655145,0.0,0.0,False
16,0,1411.4873107671651,1816.1235537827258,404.6362430155607,0.04237672072867312,453.6488381425796,0.05484469240291583,True
16,1,2024.4282157602017,2769.511842566363,745.0836268061614,0.07752391122608171,111.91999109949653,0.014173131198654312,True
16,2,3123.7865306089807,4067.2920367108377,943.505506101857,0.09064199282188827,0.0,0.0,False
16,3,1716.4105753046324,2419.968217275228,703.5576419705958,0.081672403171304,0.0,0.0,False
16,4,1532.9251894639556,2319.869325352165,786.9441358882095,0.09945751248850768,0.0,0.0,False
16,5,1906.4713665537424,2603.761378295139,697.2900117413965,0.07579423340969264,14.600150946954727,0.0018788627941722347,True
16,6,2737.508972157227,3787.161379011597,1049.65240685437,0.09910262297162976,0.0,0.0,False
16,7,2424.6077374483193,3139.570876127492,714.9631386791725,0.06577363712902967,30.667230901117833,0.0037586373941295385,True
16,8,3115.1397816652297,4058.2178036869186,943.0780220216889,0.08295107581939758,0.0,0.0,False
16,9,1878.4715359065851,2568.8836228314294,690.4120869248443,0.07994670485851621,0.0,0.0,False
17,0,1434.6732845228585,1802.989184599005,368.3159000761466,0.03789509308918232,366.3119346998676,0.04432716838115764,True
17,1,2040.232165189814,2782.0763388313107,741.8441736414968,0.07593741556033898,0.0,0.0,False
17,2,3160.5486431858294,4058.601670473914,898.0530272880846,0.08583680081380839,0.0,0.0,False
17,3,1760.8622336980106,2409.9317818377895,649.0695481397788,0.07448151924147549,0.0,0.0,False
17,4,1564.9150853155784,2327.9650560034743,763.0499706878959,0.0953851073561467,0.0,0.0,False
17,5,1930.6687914155432,2604.1903086685847,673.5215172530416,0.07245246667738416,0.0,0.0,False
17,6,2783.2636866120556,3797.11052415779,1013.8468375457346,0.09506001951892477,0.0,0.0,False
17,7,2477.5163828027203,3123.5555549993005,646.0391721965802,0.05854023340697754,0.0,0.0,False
17,8,3168.3702688043077,4054.2063386585305,885.8360698542228,0.07728954289304402,0.0,0.0,False
17,9,1896.008778757535,2588.543358711857,692.5345799543218,0.07900828444562212,0.0,0.0,False
18,0,1496.714402954563,2013.0327480314436,516.3183450768806,0.054955767329779415,208.80693618877063,0.02574407829408794,True
18,1,2089.468723997059,2900.1063888974436,810.6376649003846,0.08531985805142572,0.0,0.0,False
18,2,3169.5921439799513,4121.2550523133295,951.6629083333783,0.09332794196385094,0.0,0.0,False
18,3,1781.5366781468763,2496.9104636959946,715.3737855491183,0.08431468312962077,0.0,0.0,False
18,4,1588.9668652829469,2407.272410368208,818.3055450852612,0.10547428959704165,0.0,0.0,False
18,5,1968.5269735124398,2715.486915828794,746.959942316354,0.08273835534870087,0.0,0.0,False
18,6,2799.741857184281,3889.923071504889,1090.181214320608,0.10494748624806749,0.0,0.0,False
18,7,2501.997764502643,3299.4410762582,797.4433117555573,0.07477154398115028,0.0,0.0,False
18,8,3199.4844445123945,4169.361023650774,969.8765791383794,0.08657458224979507,0.0,0.0,False
18,9,1919.2077573210354,2652.862896670466,733.6551393494306,0.08706537401256577,0.0,0.0,False
19,0,1391.3938791807,1868.9451983838705,477.5513192031706,0.04936064432678669,259.3748445623663,0.03139270063145997,True
19,1,2006.1444751573474,2827.963895140225,821.8194199828774,0.08408721999533694,0.0,0.0,False
19,2,3105.0553722048544,4086.9080296010925,981.8526573962381,0.09401482796750511,0.0,0.0,False
19,3,1724.5224286813236,2442.4211179867216,717.898689305398,0.08236071060590577,0.0,0.0,False
19,4,1527.0100862998186,2355.1092697116665,828.0991834118479,0.10381647790893045,0.0,0.0,False
19,5,1887.9581329538544,2642.805261467979,754.8471285141247,0.08165367365302295,0.0,0.0,False
19,6,2732.8127729659936,3852.319910046423,1119.5071370804294,0.1051439021781738,0.0,0.0,False
19,7,2412.823804672632,3195.598652876986,782.7748482043539,0.07113820218299824,0.0,0.0,False
19,8,3118.6381640225527,4119.506902849986,1000.8687388274329,0.08732657255542632,0.0,0.0,False
19,9,1852.154764992168,2611.086716585461,758.931951593293,0.08740061875943003,0.0,0.0,False
20,0,1419.1297171074807,1849.4680360861998,430.33831897871914,0.04486070507026163,330.10004281243005,0.04043629629466656,True
20,1,2027.4259240489218,2800.615890276859,773.189966227937,0.08018125836066577,0.0,0.0,False
20,2,3133.0248734771517,4064.4072333035947,931.382359826443,0.08995459186135513,0.0,0.0,False
20,3,1732.282291368011,2427.9414180786716,695.6591267106605,0.08087042689813406,0.0,0.0,False
20,4,1539.50983755374,2339.081277862958,799.5714403092179,0.10128377598311245,0.0,0.0,False
20,5,1918.0231363193393,2624.617629450022,706.5944931306826,0.07681489875088077,0.0,0.0,False
20,6,2744.3407903832167,3796.050599824145,1051.7098094409284,0.09977152387534571,0.0,0.0,False
20,7,2437.7692414322455,3163.1344431772695,725.365201745024,0.06674013418745302,0.0,0.0,False
20,8,3137.6135611542736,4063.256218759952,925.6426576056783,0.08160675271187771,0.0,0.0,False
20,9,1877.439645200836,2592.3310927567213,714.8914475558854,0.08281642470760542,0.0,0.0,False
21,0,1464.258081593768,1816.78561510345,352.5275335096819,0.03682064602632821,415.32099730772813,0.0505860854873152,True
21,1,2048.160112357572,2767.0459501947007,718.8858378371287,0.07470042017558393,0.0,0.0,False
21,2,3185.9389084645954,4032.615731907981,846.6768234433857,0.08169209277912098,0.0,0.0,False
21,3,1771.2109616981068,2390.966176747456,619.7552150493491,0.07217105799998995,0.0,0.0,False
21,4,1571.1048522781462,2310.573164125226,739.4683118470798,0.09380791770689409,0.0,0.0,False
21,5,1951.2790872294208,2593.3697142584037,642.0906270289829,0.06978432633324523,0.0,0.0,False
21,6,2806.1337883718334,3776.3101313058423,970.176342934009,0.09199668154373324,0.0,0.0,False
21,7,2476.563706531612,3130.405458517517,653.8417519859054,0.060294534949304604,0.0,0.0,False
21,8,3212.807071068547,4034.6317918159816,821.8247207474346,0.07250642594055924,0.0,0.0,False
21,9,1912.8014557715446,2568.2758044271623,655.4743486556176,0.07612824911183497,0.0,0.0,False
22,0,1415.9120906274031,1864.4470213767952,448.53493074939206,0.04677543534123083,279.7616964624415,0.03403800942256129,True
22,1,2036.4689607058663,2807.2808916339545,770.8119309280883,0.07977200616586176,0.0,0.0,False
22,2,3144.617296838799,4054.994040168215,910.3767433294161,0.08790054326570367,0.0,0.0,False
22,3,1756.1258481194586,2418.690793151839,662.5649450323804,0.07675551536388796,0.0,0.0,False
22,4,1561.8070245686622,2341.079530321367,779.272505752705,0.09860298234740543,0.0,0.0,False
22,5,1921.1305837459208,2627.948504058091,706.8179203121704,0.07687241370871677,0.0,0.0,False
22,6,2777.1971800449655,3825.044392446608,1047.8472124016425,0.09934743719586621,0.0,0.0,False
22,7,2457.8999307800677,3169.667351103086,711.7674203230181,0.06543183598683497,0.0,0.0,False
22,8,3177.5909486757027,4083.527832937788,905.9368842620852,0.07958553890318773,0.0,0.0,False
22,9,1878.8344996100336,2588.6435520579894,709.8090524479558,0.08265206331878455,0.0,0.0,False
23,0,1431.0644992203534,1876.6299670601966,445.5654678398432,0.04653200637497821,294.1137253081969,0.03532442527945238,True
23,1,2055.617469609135,2820.789965149172,765.1724955400373,0.0791519833359725,0.0,0.0,False
23,2,3173.5251155847536,4114.556990516347,941.0318749315929,0.09023255433343168,0.0,0.0,False
23,3,1775.4332012038662,2456.8969739346085,681.4637727307422,0.07863691428235736,0.0,0.0,False
23,4,1585.3393616175845,2353.442440817329,768.1030791997446,0.09638755158570748,0.0,0.0,False
23,5,1936.1066880927006,2643.198165566494,707.0914774737935,0.0768241188393844,0.0,0.0,False
23,6,2802.1951396199775,3848.7391728473485,1046.544033227371,0.09849979803243546,0.0,0.0,False
23,7,2483.5839718797088,3184.2055016350987,700.6215297553899,0.06405490748630875,0.0,0.0,False
23,8,3205.245405830034,4126.439433114505,921.1940272844708,0.0806481264597764,0.0,0.0,False
23,9,1902.6802362835917,2603.577258489636,700.8970222060441,0.08098902294903713,0.0,0.0,False
24,0,1340.2380051744622,1917.1061896142048,576.8681844397427,0.06040741133999225,111.26470308998923,0.01345061261378475,True
24,1,1985.6316010163134,2847.5785432965554,861.946942280242,0.08936669220126697,0.0,0.0,False
24,2,3109.167469047352,4132.976087363095,1023.8086183157429,0.0984933434828786,0.0,0.0,False
24,3,1711.8894115413655,2472.173823305877,760.2844117645113,0.08813740255178132,0.0,0.0,False
24,4,1518.4247362410406,2377.3330303600897,858.9082941190491,0.10815068112586212,0.0,0.0,False
24,5,1863.9702628895682,2670.8616138910793,806.8913510015111,0.08790466528522328,0.0,0.0,False
24,6,2729.2887530182006,3869.7816666223225,1140.492913604122,0.1077972398062683,0.0,0.0,False
24,7,2398.642150489058,3221.214198056543,822.5720475674848,0.07545759320293773,0.0,0.0,False
24,8,3116.6231092423513,4143.939829976733,1027.3167207343813,0.09036421294857677,0.0,0.0,False
24,9,1844.493898270837,2630.5217752326635,786.0278769618265,0.09090948975657802,0.0,0.0,False
25,0,1401.3544760891368,1899.147314615027,497.79283852589015,0.051800373216065475,227.8315663762216,0.02769133141249526,True
25,1,2019.9152163659742,2843.1406115330165,823.2253951670423,0.08484649056200423,0.0,0.0,False
25,2,3128.8103776228,4109.991090403258,981.1807127804577,0.09430088178211705,0.0,0.0,False
25,3,1727.6142550938325,2457.914782680975,730.3005275871424,0.08442600537336148,0.0,0.0,False
25,4,1543.5218215260238,2371.396505633068,827.8746841070442,0.10423769651311716,0.0,0.0,False
25,5,1902.1479223118604,2662.044974031733,759.8970517198727,0.08253884420284811,0.0,0.0,False
25,6,2742.0258526054126,3861.4328697251963,1119.4070171197836,0.10566249289295007,0.0,0.0,False
25,7,2435.458767405291,3217.439273006234,781.9805056009432,0.07150700051416149,0.0,0.0,False
25,8,3133.5650831850808,4128.084717044343,994.5196338592623,0.087350398627289,0.0,0.0,False
25,9,1868.2809647424217,2628.757661871981,760.4766971295592,0.08772329497634909,0.0,0.0,False
26,0,1374.1015935291439,1910.2786028665134,536.1770093373696,0.05668222654308283,226.89409307888508,0.02741519407578138,True
26,1,2005.6725753992603,2836.5930673243215,830.9204919250612,0.08681770166565587,0.0,0.0,False
26,2,3135.0025507504997,4131.0402241421325,996.0376733916328,0.09596760239264009,0.0,0.0,False
26,3,1732.472792488254,2475.0857717138097,742.6129792255556,0.08664761301578551,0.0,0.0,False
26,4,1533.6748593184432,2355.604062638151,821.9292033197078,0.10406693161098893,0.0,0.0,False
26,5,1889.2900879853287,2660.341503994355,771.0514160090265,0.08448972335457912,0.0,0.0,False
26,6,2762.6992901735157,3853.763823394991,1091.0645332214754,0.10360929227450841,0.0,0.0,False
26,7,2422.5041730489206,3235.4772782663795,812.9731052174589,0.0752907326445703,0.0,0.0,False
26,8,3160.1996931872045,4127.405338140707,967.2056449535021,0.085353877163755,0.0,0.0,False
26,9,1862.9909651866164,2600.182745259217,737.1917800726005,0.08636459966632913,0.0,0.0,False
27,0,1410.2450743963864,1946.3882436518795,536.1431692554931,0.05650737371934137,228.21676991657705,0.027814071114506192,True
27,1,2029.1239553838668,2871.9737630590016,842.8498076751348,0.0877878101165068,0.0,0.0,False
27,2,3134.4075200549532,4153.221028328915,1018.8135082739618,0.09826627206168972,0.0,0.0,False
27,3,1725.2527966125253,2496.583050017064,771.3302534045388,0.09001601621534602,0.0,0.0,False
27,4,1542.2478445023955,2387.7777605586725,845.529916056277,0.10716162553963174,0.0,0.0,False
27,5,1908.6098517153634,2692.2424028898336,783.6325511744701,0.08584031278341325,0.0,0.0,False
27,6,2744.921794297393,3878.031357438754,1133.1095631413614,0.10761471660843298,0.0,0.0,False
27,7,2434.7383550915993,3273.541652452622,838.8032973610229,0.07750794505736432,0.0,0.0,False
27,8,3129.0997098473263,4153.427423402991,1024.3277135556646,0.09062163716942152,0.0,0.0,False
27,9,1876.2683600208788,2640.908413586969,764.64005356609,0.08901047679331471,0.0,0.0,False
28,0,1515.7653312683283,1911.5814924760873,395.816161207759,0.04161589521855689,370.9529537275022,0.045487037193588424,True
28,1,2100.188905004052,2843.6898711071126,743.5009661030608,0.0775027220658253,0.0,0.0,False
28,2,3210.1535543675272,4100.442074642262,890.2885202747348,0.0862153789479153,0.0,0.0,False
28,3,1802.6898683745194,2457.6967657963314,655.006897421812,0.07652892590399818,0.0,0.0,False
28,4,1607.1121073171507,2370.1304196456567,763.018312328506,0.09709017814880833,0.0,0.0,False
28,5,1991.3648443424102,2664.8208534559185,673.4560091135083,0.07366690197910016,0.0,0.0,False
28,6,2826.4012985273216,3843.458506533165,1017.0572080058432,0.09689689261130004,0.0,0.0,False
28,7,2532.6474143883033,3226.65606796085,694.0086535725468,0.06424615021939395,0.0,0.0,False
28,8,3226.6395538638276,4110.053359960394,883.4138060965665,0.0782279203479157,0.0,0.0,False
28,9,1944.6953825818723,2619.5108339916005,674.8154514097282,0.07869350996703538,0.0,0.0,False
29,0,1360.309948034251,1800.9847691224081,440.67482108815716,0.04520925309774186,306.01201282978315,0.03727416159458347,True
29,1,1977.0367551704996,2778.224138448204,801.1873832777044,0.08189095729219567,0.0,0.0,False
29,2,3066.7566831829317,4046.060199185882,979.3035160029503,0.09387114037864025,0.0,0.0,False
29,3,1674.5515910724478,2402.026504710888,727.4749136384401,0.08365202746362024,0.0,0.0,False
29,4,1491.5476195824683,2319.60162465572,828.0540050732518,0.10357650939873776,0.0,0.0,False
29,5,1855.830218026169,2595.9857617855914,740.1555437594225,0.07960636416783665,0.0,0.0,False
29,6,2675.541150241726,3776.1174504616647,1100.5763002199387,0.10355871983280523,0.0,0.0,False
29,7,2366.902108328957,3119.7701903078923,752.8680819789352,0.06831716148065288,0.0,0.0,False
29,8,3043.770757255904,4039.322243574522,995.5514863186181,0.08696557517702305,0.0,0.0,False
29,9,1833.505239554529,2580.6859524981337,747.1807129436047,0.08551422369034262,0.0,0.0,False
30,0,1602.3463319164794,1931.7881166246761,329.4417847081968,0.03486520001652198,418.25797416057844,0.05240365105594155,True
30,1,2149.336557970502,2839.2032984110792,689.8667404405774,0.07285188948852096,0.0,0.0,False
30,2,3274.894704964252,4098.031968933092,823.1372639688398,0.08077861918947855,0.0,0.0,False
30,3,1850.0525756919824,2467.7768369280775,617.7242612360951,0.07343593095235205,0.0,0.0,False
30,4,1658.5199352671993,2366.283168173679,707.7632329064795,0.09114131534255103,0.0,0.0,False
30,5,2059.3532412659015,2664.464782672771,605.1115414068695,0.06667824018444277,0.0,0.0,False
30,6,2884.9771526281866,3786.622190704944,901.6450380767574,0.08697305762800564,0.0,0.0,False
30,7,2597.4431681932974,3220.83525364503,623.3920854517328,0.05849605298612964,0.0,0.0,False
30,8,3296.895321457184,4071.3359339845547,774.4406125273708,0.0696295801860789,0.0,0.0,False
30,9,1997.7924713512355,2629.972832352366,632.1803610011304,0.07406894336645856,0.0,0.0,False
31,0,1394.370046468468,1892.4927347268897,498.1226882584217,0.0521235918928241,218.47928220212845,0.026570794625456248,True
31,1,2014.863769496786,2827.5423051272874,812.6785356305013,0.08419690628664689,0.0,0.0,False
31,2,3137.6292424818043,4081.6212191921477,943.9919767103434,0.09104478316601211,0.0,0.0,False
31,3,1731.9796173720576,2438.4665694290106,706.486952056953,0.08195567764263252,0.0,0.0,False
31,4,1540.045499472957,2358.014083524979,817.9685840520219,0.10360636879433135,0.0,0.0,False
31,5,1905.5119223208148,2651.093248401393,745.581326080578,0.08125882796950763,0.0,0.0,False
31,6,2761.1272422367238,3852.3012997888864,1091.1740575521626,0.10343896837946251,0.0,0.0,False
31,7,2430.480081378996,3208.8451381008354,778.3650567218392,0.07163790446554774,0.0,0.0,False
31,8,3158.8653374573496,4106.992588890975,948.1272514336251,0.08343765538491425,0.0,0.0,False
31,9,1870.074654349205,2608.2340655368216,738.1594111876166,0.08594137187560857,0.0,0.0,False
32,0,1383.990249521626,1899.3447563644136,515.3545068427875,0.05423555348290549,207.30334603211298,0.025210156699181453,True
32,1,2005.1416135360055,2832.6662291423227,827.5246156063172,0.08642095756859212,0.0,0.0,False
32,2,3127.7364162546696,4111.855673302242,984.1192570475728,0.09514159647223934,0.0,0.0,False
32,3,1732.6594998815285,2466.162246511776,733.5027466302477,0.08544334609511584,0.0,0.0,False
32,4,1534.845699621995,2361.1409753440366,826.2952757220417,0.10480183111631569,0.0,0.0,False
32,5,1893.6085742838736,2653.7223674253696,760.113793141496,0.08312077334942215,0.0,0.0,False
32,6,2757.572913386575,3842.7160657713057,1085.143152384731,0.10286549484310605,0.0,0.0,False
32,7,2424.9972327923106,3195.5475324704566,770.5502996781461,0.07113494777422079,0.0,0.0,False
32,8,3146.214824032244,4120.27017285633,974.0553488240857,0.08603402163175589,0.0,0.0,False
32,9,1872.901269135086,2614.1677833255467,741.2665141904606,0.08613313767435668,0.0,0.0,False
33,0,1383.8604871920875,1920.6372155002698,536.7767283081823,0.05658586691704142,156.62739395848018,0.019113534280574926,True
33,1,2009.997488812347,2850.182098498498,840.1846096861509,0.08772046263761979,0.0,0.0,False
33,2,3122.8451414585425,4127.1045932928755,1004.259451834333,0.09705356152050046,0.0,0.0,False
33,3,1735.6555411977038,2478.430234570737,742.7746933730332,0.08673229334291523,0.0,0.0,False
33,4,1531.1271788262804,2373.6873976893253,842.5602188630448,0.10705274512755672,0.0,0.0,False
33,5,1891.81977712663,2671.229328983275,779.4095518566451,0.08537055318792011,0.0,0.0,False
33,6,2755.045679024898,3854.1870271313364,1099.1413481064383,0.10437767486294315,0.0,0.0,False
33,7,2425.8129902662213,3235.7282819264683,809.915291660247,0.0749214309180508,0.0,0.0,False
33,8,3139.1764335522926,4132.148810225903,992.9723766736101,0.08790700238352499,0.0,0.0,False
33,9,1864.7351433910687,2626.9361415534113,762.2009981623426,0.08871702793210422,0.0,0.0,False
34,0,1436.028192641896,1858.8243350237974,422.7961423819013,0.04428601157902206,328.4204250910749,0.04020577260163394,True
34,1,2030.8203031650905,2799.5479865064303,768.7276833413398,0.0800384095004578,0.0,0.0,False
34,2,3155.6390843499007,4066.7722799944295,911.1331956445288,0.08810066906510082,0.0,0.0,False
34,3,1742.2335843602018,2424.0755736338456,681.8419892736438,0.07965988941336768,0.0,0.0,False
34,4,1553.783509284961,2336.225376119588,782.441866834627,0.09940212126832558,0.0,0.0,False
34,5,1924.2301442892872,2623.9111104527537,699.6809661634666,0.07627801671032758,0.0,0.0,False
34,6,2771.1065476680196,3796.8754962751877,1025.768948607168,0.09755989147151255,0.0,0.0,False
34,7,2449.5421329919463,3173.940504821634,724.3983718296877,0.06696932705855756,0.0,0.0,False
34,8,3157.4278044871926,4066.250926604845,908.8231221176525,0.08042790615894788,0.0,0.0,False
34,9,1895.3943298975994,2591.663941004441,696.2696111068415,0.08098571539984353,0.0,0.0,False
35,0,1532.745517348275,1974.7927319533756,442.04721460510063,0.04708809845138607,292.06258191830545,0.036223168486661156,True
35,1,2110.824085576468,2878.2667638659163,767.4426782894484,0.08115906838381225,0.0,0.0,False
35,2,3223.886463779276,4123.498086604641,899.611622825365,0.08819130516642128,0.0,0.0,False
35,3,1813.640337717921,2492.127154720582,678.4868170026609,0.0805015385845952,0.0,0.0,False
35,4,1617.1644532260698,2390.4386458921335,773.2741926660638,0.09971646504293306,0.0,0.0,False
35,5,2009.3138122911637,2694.1830513151285,684.8692390239648,0.07577168828254854,0.0,0.0,False
35,6,2840.4825231900095,3844.13701447499,1003.6544912849804,0.09676733162234129,0.0,0.0,False
35,7,2542.850371885742,3269.4926940263276,726.6423221405857,0.06830886826098623,0.0,0.0,False
35,8,3250.7409099536894,4130.780904904886,880.0399949511961,0.0789756575391512,0.0,0.0,False
35,9,1951.030501338859,2642.1561664168894,691.1256650780304,0.08153264789360878,0.0,0.0,False
36,0,1301.0424608307344,1810.8466522299898,509.8041913992554,0.05276022475666933,258.994401383014,0.03159141014951125,True
36,1,1925.994766331419,2772.984919369089,846.9901530376699,0.08746105024378112,7.123762886849718,0.0009061098235068073,True
36,2,3030.4548857063037,4050.709072944811,1020.2541872385073,0.09829377814795441,0.0,0.0,False
36,3,1631.3522643450247,2399.9712438185925,768.6189794735678,0.08927681210146346,0.0,0.0,False
36,4,1449.5571343650413,2308.8781840657944,859.3210497007531,0.10805865123753446,0.0,0.0,False
36,5,1805.254550205986,2588.872852942446,783.61830273646,0.08473433976096408,0.0,0.0,False
36,6,2630.5883854421127,3759.4162825405165,1128.8278970984038,0.10687896460746857,0.0,0.0,False
36,7,2314.4644044513952,3113.2884423171568,798.8240378657615,0.07317013875430858,0.0,0.0,False
36,8,2985.000773261828,4027.232745674255,1042.2319724124272,0.09171567504096875,0.0,0.0,False
36,9,1806.1257978361807,2572.902173436246,766.7763756000652,0.08836377404705108,0.0,0.0,False
37,0,1470.5735764215879,1918.0759498401544,447.50237341856655,0.047065228586518716,269.68901547828006,0.03357005233569172,True
37,1,2051.802628806272,2839.2671016973436,787.4644728910716,0.08235707808817658,0.0,0.0,False
37,2,3153.440704395805,4085.158447721359,931.7177433255542,0.09087781799859201,0.0,0.0,False
37,3,1756.9686649324278,2461.844206108791,704.875541176363,0.08300987617296796,0.0,0.0,False
37,4,1567.6560936004337,2362.294170432315,794.6380768318811,0.10171363622054401,0.0,0.0,False
37,5,1945.0131767129392,2658.2357548755454,713.2225781626062,0.07827081707282948,0.0,0.0,False
37,6,2773.158841746757,3804.381510322628,1031.222668575871,0.09893783513411511,0.0,0.0,False
37,7,2464.4645894694713,3227.6142538689155,763.1496643994442,0.07110930374633787,0.0,0.0,False
37,8,3161.868587098911,4095.715901385297,933.8473142863859,0.08324465608108533,0.0,0.0,False
37,9,1896.6854827584884,2616.7496705790018,720.0641878205133,0.0844174909832713,0.0,0.0,False
38,0,1489.4866393812729,1987.8306099035578,498.34397052228496,0.052931218792639144,204.39135443255708,0.0250569435195679,True
38,1,2086.025699812648,2886.196594634251,800.1708948216033,0.0840618283805541,0.0,0.0,False
38,2,3212.2468933126684,4137.588313534961,925.341420222293,0.09019392726894362,0.0,0.0,False
38,3,1813.2599020843213,2494.7234039636824,681.463501879361,0.0801995666098163,0.0,0.0,False
38,4,1611.2439846884529,2399.660192125807,788.4162074373542,0.10093420977326827,0.0,0.0,False
38,5,1978.3363803308312,2706.5973060629567,728.2609257321255,0.08034034478913307,0.0,0.0,False
38,6,2844.1595635833582,3886.184015074321,1042.0244514909627,0.09997176659260501,0.0,0.0,False
38,7,2526.7337868002733,3287.2456253206433,760.51183852037,0.07101974232666708,0.0,0.0,False
38,8,3252.832391076272,4157.235379993533,904.4029889172607,0.08056157944592,0.0,0.0,False
38,9,1929.6079387730763,2646.343019070366,716.7350802972899,0.0844617086192488,0.0,0.0,False
39,0,1554.4393233842707,2061.7087319891634,507.26940860489276,0.054158492918307426,168.4377497307967,0.020818006111890604,True
39,1,2146.277371755824,2941.0867312095174,794.8093594536936,0.08399102647693846,0.0,0.0,False
39,2,3258.709752523158,4175.060683562866,916.350931039708,0.09003795884050761,0.0,0.0,False
39,3,1849.8864252250557,2535.864930998868,685.9785057738125,0.08131889209200736,0.0,0.0,False
39,4,1659.101978814625,2447.4998039656766,788.3978251510516,0.10170611549160828,0.0,0.0,False
39,5,2034.9781215922214,2757.891950735721,722.9138291434995,0.08022538890810531,0.0,0.0,False
39,6,2878.4787550247743,3921.725125352217,1043.246370327443,0.10070826791001465,0.0,0.0,False
39,7,2594.7450260733076,3340.826616372643,746.0815902993354,0.07005733135256006,0.0,0.0,False
39,8,3292.115792410324,4201.0222176857405,908.9064252754165,0.08166010190460546,0.0,0.0,False
39,9,1972.725663653114,2700.072460007981,727.3467963548671,0.08567789921722589,0.0,0.0,False
