mode,model_id,ev_count,cal_direction,error_feas,error_opt
interpolation,0,7,1,0.0,0.6196587996432634
interpolation,0,7,2,0.0,0.6985263471853786
interpolation,0,7,3,0.0,0.5939693905147803
interpolation,0,7,4,0.0,0.5239187151219025
interpolation,0,7,5,0.0,0.4071997040228842
interpolation,0,7,6,0.0,0.47486290634520917
interpolation,0,7,7,0.0,0.46085576400968764
interpolation,0,7,8,0.0,0.4487392612297364
interpolation,0,7,9,0.0,0.5527507160485876
interpolation,0,7,10,0.0,0.5192902228818044
interpolation,1,9,1,0.0,0.35224299141253523
interpolation,1,9,2,0.0,0.36929300152736677
interpolation,1,9,3,0.0,0.4181978491865284
interpolation,1,9,4,0.0,0.43195380403385
interpolation,1,9,5,0.0,0.3680667282595751
interpolation,1,9,6,1.1324468072996947e-31,0.3698747929055064
interpolation,1,9,7,0.0,0.34353801706101894
interpolation,1,9,8,0.0,0.36655333966046766
interpolation,1,9,9,0.0,0.5671309295470586
interpolation,1,9,10,0.0,0.3702657692620659
interpolation,2,7,1,0.0,0.5106658611468743
interpolation,2,7,2,0.0,0.39207537195694336
interpolation,2,7,3,0.0,0.4292384449626996
interpolation,2,7,4,0.0,0.40868486977997565
interpolation,2,7,5,0.0,0.43823109251537024
interpolation,2,7,6,0.0,0.4167839148126255
interpolation,2,7,7,0.0,0.43875103914833763
interpolation,2,7,8,0.0,0.5658044140401979
interpolation,2,7,9,0.0,0.35104934958632206
interpolation,2,7,10,0.0,0.5645070326101369
interpolation,3,7,1,0.0,0.5336858597712255
interpolation,3,7,2,0.0,0.5135328133718822
interpolation,3,7,3,0.0,0.32213865380248635
interpolation,3,7,4,0.0,0.5410311243450308
interpolation,3,7,5,0.0,0.5211009120220433
interpolation,3,7,6,0.0,0.6969527211786084
interpolation,3,7,7,0.0,0.672600675336653
interpolation,3,7,8,0.0,0.4805627497988307
interpolation,3,7,9,0.0,0.39706384849277104
interpolation,3,7,10,0.0,0.43816838190483437
interpolation,4,10,1,0.0,0.392773970573099
interpolation,4,10,2,2.5422275265911513e-32,0.38770264340534655
interpolation,4,10,3,0.0,0.3958998443478152
interpolation,4,10,4,0.0,0.35997426742313954
interpolation,4,10,5,0.0,0.4028756200270447
interpolation,4,10,6,0.0,0.4179194173294799
interpolation,4,10,7,0.0,0.36638911909818084
interpolation,4,10,8,0.0,0.3764237902039752
interpolation,4,10,9,0.0,0.3335105180824247
interpolation,4,10,10,0.0,0.3750019809004517
interpolation,5,7,1,0.0,0.5961887244926369
interpolation,5,7,2,0.0,0.5979695805497829
interpolation,5,7,3,0.0,0.6191439118245721
interpolation,5,7,4,0.0,0.4835116487960618
interpolation,5,7,5,0.0,0.4480961646960312
interpolation,5,7,6,0.0,0.5708829892660365
interpolation,5,7,7,0.0,0.5488475279595276
interpolation,5,7,8,0.0,0.4655268228556436
interpolation,5,7,9,0.0,0.5883052430187821
interpolation,5,7,10,0.0,0.4498449224269083
interpolation,6,6,1,9.055195455611502e-12,0.4266345592972735
interpolation,6,6,2,0.0,0.533755245696409
interpolation,6,6,3,0.0,0.41489903831266267
interpolation,6,6,4,0.0,0.43181420368194856
interpolation,6,6,5,0.0,0.3704699780089835
interpolation,6,6,6,0.0,0.4138166109848642
interpolation,6,6,7,0.0,0.3825020585512853
interpolation,6,6,8,0.0,0.7744234863724193
interpolation,6,6,9,0.0,0.369762598727264
interpolation,6,6,10,0.0,0.38703999216950213
interpolation,7,7,1,0.0,0.42152005124074365
interpolation,7,7,2,0.0,0.5287861126422337
interpolation,7,7,3,2.8012185609161753e-12,0.46671042268430707
interpolation,7,7,4,0.0,0.42883555205655755
interpolation,7,7,5,0.0,0.4418713276848468
interpolation,7,7,6,0.0,0.36701838223597305
interpolation,7,7,7,0.0,0.4655918947415214
interpolation,7,7,8,0.0,0.49550082590876715
interpolation,7,7,9,0.0,0.4333305366597437
interpolation,7,7,10,1.690707528334432e-12,0.44859682741499185
interpolation,8,8,1,0.0,0.44522915888606523
interpolation,8,8,2,0.00010257315486355013,0.3539123012634373
interpolation,8,8,3,4.4163447468511956e-13,0.49837932333554963
interpolation,8,8,4,0.0,0.39313963908288097
interpolation,8,8,5,0.0,0.4539703110721646
interpolation,8,8,6,0.0,0.48427586803046097
interpolation,8,8,7,0.0,0.4251357544175315
interpolation,8,8,8,0.0,0.4542878436076645
interpolation,8,8,9,0.0,0.43110864377003877
interpolation,8,8,10,0.0,0.45217547931671775
interpolation,9,6,1,0.0,0.3822706733988037
interpolation,9,6,2,0.0,0.4457302874060669
interpolation,9,6,3,0.0,0.4429615792838772
interpolation,9,6,4,0.0,0.4411025619337568
interpolation,9,6,5,0.0,0.3905796762145278
interpolation,9,6,6,9.679017606189856e-08,0.4008553897642947
interpolation,9,6,7,0.0,0.3929211420512578
interpolation,9,6,8,0.0,0.36746539574201487
interpolation,9,6,9,0.0,0.4086348094487854
interpolation,9,6,10,1.0111132208032988e-31,0.4269681635317348
interpolation,10,10,1,0.0,0.33438828178875674
interpolation,10,10,2,0.0,0.6730966232956357
interpolation,10,10,3,0.0,0.37971528075974514
interpolation,10,10,4,0.0,0.4664597736138296
interpolation,10,10,5,0.0,0.7973111369279842
interpolation,10,10,6,0.0,0.63029767479886
interpolation,10,10,7,0.0,0.5745955227885393
interpolation,10,10,8,0.0,0.4388276338461147
interpolation,10,10,9,0.0,0.4674675455851332
interpolation,10,10,10,0.0,0.3882759045623214
interpolation,11,7,1,0.0,0.4199512524376963
interpolation,11,7,2,0.0,0.6250766340977549
interpolation,11,7,3,0.0,0.6636948040867454
interpolation,11,7,4,0.0,0.42225225078821393
interpolation,11,7,5,0.0,0.5933276447715015
interpolation,11,7,6,0.0,0.5275358139511215
interpolation,11,7,7,0.0,0.43198469510919013
interpolation,11,7,8,2.6804035287608684e-06,0.46800316404515063
interpolation,11,7,9,0.0,0.43550049207210617
interpolation,11,7,10,0.0,0.5553685815811542
interpolation,12,6,1,0.0,0.5784760754758611
interpolation,12,6,2,0.0,0.5082519735567301
interpolation,12,6,3,0.0,0.43457825787494897
interpolation,12,6,4,0.0,0.5092327581948811
interpolation,12,6,5,0.0,0.5084732157660461
interpolation,12,6,6,3.395766129128924e-11,0.4751515536492076
interpolation,12,6,7,0.0,0.4577236049265464
interpolation,12,6,8,0.0,0.4848091810439805
interpolation,12,6,9,0.0,0.4016001442885737
interpolation,12,6,10,0.0,0.4537348055354923
interpolation,13,7,1,0.0,0.3287511547984888
interpolation,13,7,2,0.0,0.3963399529842971
interpolation,13,7,3,0.0,0.3428950257611776
interpolation,13,7,4,0.0,0.4964129437488921
interpolation,13,7,5,0.0,0.24465382981953684
interpolation,13,7,6,0.0,0.3069672244257977
interpolation,13,7,7,0.0,0.29397103693161336
interpolation,13,7,8,0.0,0.3147977335023602
interpolation,13,7,9,1.8756019281414087e-12,0.32467955795862946
interpolation,13,7,10,0.0,0.3023685982512718
interpolation,14,6,1,0.0,0.41962000457964044
interpolation,14,6,2,9.910939505174731e-11,0.37088890535586616
interpolation,14,6,3,0.0,0.42541830247245027
interpolation,14,6,4,0.0,0.5003756994138703
interpolation,14,6,5,0.0,0.3751391355884916
interpolation,14,6,6,0.0,0.3678807006681726
interpolation,14,6,7,0.0,0.4152173530072564
interpolation,14,6,8,0.0,0.33323457510957527
interpolation,14,6,9,0.0,0.5268621555497703
interpolation,14,6,10,0.0,0.4145806526971443
interpolation,15,8,1,0.0005995754154410548,0.2699253341488761
interpolation,15,8,2,0.010695522910251373,0.2351439477491833
interpolation,15,8,3,0.0002628237583235064,0.23163158230234454
interpolation,15,8,4,0.0,0.2618833077615774
interpolation,15,8,5,0.000344646322773565,0.28088625988151206
interpolation,15,8,6,0.0,0.2562679260648352
interpolation,15,8,7,0.0,0.24677018762015004
interpolation,15,8,8,0.0,0.25767823813596663
interpolation,15,8,9,0.0,0.21793029849251694
interpolation,15,8,10,0.0,0.28711967949345163
interpolation,16,8,1,0.0,0.33388068180730324
interpolation,16,8,2,0.0,0.4159669558339951
interpolation,16,8,3,0.0,0.3719966259004235
interpolation,16,8,4,0.0,0.3959255043928626
interpolation,16,8,5,0.0,0.6790486195949518
interpolation,16,8,6,0.0,0.3260392198402912
interpolation,16,8,7,0.0,0.3378935593304866
interpolation,16,8,8,0.0,0.35703992739867907
interpolation,16,8,9,5.15566443127672e-05,0.33937291593955454
interpolation,16,8,10,0.0,0.5574896110505652
interpolation,17,6,1,0.0,0.26468502402719235
interpolation,17,6,2,0.0,0.32719053690531535
interpolation,17,6,3,0.0,0.298390451645973
interpolation,17,6,4,0.0,0.34810806481556145
interpolation,17,6,5,0.0,0.2791257141992904
interpolation,17,6,6,0.0,0.35062502993222117
interpolation,17,6,7,0.0,0.24983215019840374
interpolation,17,6,8,0.0,0.3113732713791212
interpolation,17,6,9,0.0,0.2819152739283014
interpolation,17,6,10,0.0,0.46923006077645335
interpolation,18,9,1,0.0,0.5384444445416992
interpolation,18,9,2,0.0,0.5279308160076466
interpolation,18,9,3,0.0,0.414794795760701
interpolation,18,9,4,0.0,0.5336103320450524
interpolation,18,9,5,0.0,0.5466477395252061
interpolation,18,9,6,0.0,0.5193084932966352
interpolation,18,9,7,0.0,0.48774740389861876
interpolation,18,9,8,0.0,0.4622733253350617
interpolation,18,9,9,0.0,0.5449326858724597
interpolation,18,9,10,0.0,0.6660572389195892
interpolation,19,9,1,0.0,0.3425725833823319
interpolation,19,9,2,0.0,0.2684411570425892
interpolation,19,9,3,0.0,0.33726357168851967
interpolation,19,9,4,0.0,0.5531978571996062
interpolation,19,9,5,0.0,0.31418785805975513
interpolation,19,9,6,0.0,0.2803735832557532
interpolation,19,9,7,0.0,0.2802941604328853
interpolation,19,9,8,0.0,0.33418918771486283
interpolation,19,9,9,0.0,0.30512754138520876
interpolation,19,9,10,0.0,0.4588515523461857
interpolation,20,9,1,0.0,0.5108413099302711
interpolation,20,9,2,0.0,0.5594235785927966
interpolation,20,9,3,0.0,1.0607390528321379
interpolation,20,9,4,0.0,0.7380880465323636
interpolation,20,9,5,0.0,0.8677711193106766
interpolation,20,9,6,0.0,0.5039426140633123
interpolation,20,9,7,0.0,0.5701795273750065
interpolation,20,9,8,0.0,0.9622708317752459
interpolation,20,9,9,0.0,0.46632614747672874
interpolation,20,9,10,0.0,0.5914936158785498
interpolation,21,9,1,0.0,0.377558511128973
interpolation,21,9,2,0.0,0.4714580928486869
interpolation,21,9,3,0.0,0.3785747003291967
interpolation,21,9,4,0.0,0.4362917391846345
interpolation,21,9,5,0.0,0.3680319036114197
interpolation,21,9,6,0.0,0.40424011977629515
interpolation,21,9,7,0.0,0.39624216116689903
interpolation,21,9,8,0.0,0.42223361116919333
interpolation,21,9,9,0.0,0.45041652081748074
interpolation,21,9,10,0.0,0.40769923971192984
interpolation,22,7,1,0.0,0.48392570035059257
interpolation,22,7,2,0.0,0.33698313992119466
interpolation,22,7,3,0.0,0.4097476268696119
interpolation,22,7,4,0.0,0.39915773445104097
interpolation,22,7,5,0.0,0.3254816916530678
interpolation,22,7,6,0.0,0.3194597284995827
interpolation,22,7,7,0.0,0.3917050558006182
interpolation,22,7,8,0.0,0.4402033430698018
interpolation,22,7,9,0.0,0.32054241607347667
interpolation,22,7,10,0.0,0.3628237009557402
interpolation,23,7,1,0.0019231958586479864,0.3456545162230569
interpolation,23,7,2,0.0,0.35177867571987664
interpolation,23,7,3,0.0,0.41195510290880943
interpolation,23,7,4,0.0,0.43814747276389815
interpolation,23,7,5,0.0,0.3785346594088683
interpolation,23,7,6,0.0,0.3509689193823381
interpolation,23,7,7,0.0,0.36719147130090346
interpolation,23,7,8,0.0,0.44163525931775327
interpolation,23,7,9,0.0,0.3857801190450472
interpolation,23,7,10,0.0,0.3152403206113009
interpolation,24,7,1,0.0,0.35632582469450824
interpolation,24,7,2,0.0,0.3370022135935049
interpolation,24,7,3,0.0028716357150227476,0.33569803390398123
interpolation,24,7,4,0.0002494236483154356,0.3478137764125996
interpolation,24,7,5,1.6411190740439545e-05,0.3839688408544378
interpolation,24,7,6,0.0,0.4273230347217766
interpolation,24,7,7,0.0,0.37364869030501774
interpolation,24,7,8,0.0,0.33417033232221544
interpolation,24,7,9,0.000850023769243513,0.4084374350658144
interpolation,24,7,10,0.0,0.39619850275157653
interpolation,25,9,1,0.0,0.4374068710576
interpolation,25,9,2,0.0,0.38583858752103134
interpolation,25,9,3,0.0,0.4628184120705241
interpolation,25,9,4,0.0,0.32387837948220133
interpolation,25,9,5,0.0,0.4017863538767401
interpolation,25,9,6,0.0,0.6006944197576598
interpolation,25,9,7,0.0,0.709270645836104
interpolation,25,9,8,0.0,0.4769233149579021
interpolation,25,9,9,0.0,0.39435366723252285
interpolation,25,9,10,0.0,0.40930032690686846
interpolation,26,8,1,0.004263864399078028,0.33059214502295453
interpolation,26,8,2,0.0,0.3245272418306082
interpolation,26,8,3,0.00014719126651052447,0.3311539635923677
interpolation,26,8,4,0.0,0.30386219383798546
interpolation,26,8,5,0.02958855504718793,0.27693040499644483
interpolation,26,8,6,0.0,0.3046917964506334
interpolation,26,8,7,0.0,0.377009381506322
interpolation,26,8,8,0.0,0.3514989214795071
interpolation,26,8,9,0.0,0.29573876590570003
interpolation,26,8,10,0.015939955599524346,0.34323448603031764
interpolation,27,7,1,0.0,0.30081968206173604
interpolation,27,7,2,0.0,0.23413914583871343
interpolation,27,7,3,0.013432443653435417,0.2561440469077382
interpolation,27,7,4,0.0,0.2715787788928916
interpolation,27,7,5,0.0,0.29283636619745523
interpolation,27,7,6,2.211601881612476e-06,0.2787715887194643
interpolation,27,7,7,0.0,0.3360054138046876
interpolation,27,7,8,0.0,0.3134041915940389
interpolation,27,7,9,2.421692431037715e-13,0.24488556199259187
interpolation,27,7,10,0.0,0.2736970935184404
interpolation,28,7,1,0.0,0.33888697779438703
interpolation,28,7,2,0.0,0.3995246514800229
interpolation,28,7,3,0.0,0.3388543813090672
interpolation,28,7,4,0.0,0.29559624151748837
interpolation,28,7,5,0.0,0.35073650955520713
interpolation,28,7,6,0.0,0.30871171708392753
interpolation,28,7,7,0.0,0.4934178567394828
interpolation,28,7,8,0.0,0.3689642579344494
interpolation,28,7,9,0.0,0.40343044638096304
interpolation,28,7,10,0.0007778837613363812,0.3524275212590414
interpolation,29,8,1,8.717695189422456e-11,0.3224466747305283
interpolation,29,8,2,0.0,0.34165939177122245
interpolation,29,8,3,7.655658792849567e-12,0.2615760179504644
interpolation,29,8,4,0.0,0.30601677071532957
interpolation,29,8,5,0.0,0.28593243009295366
interpolation,29,8,6,0.0,0.3371808626415086
interpolation,29,8,7,0.0,0.2582401450322571
interpolation,29,8,8,0.0,0.2959459169627325
interpolation,29,8,9,0.0,0.3004892468546939
interpolation,29,8,10,0.0,0.30535242172047183
interpolation,30,8,1,0.002457520380612212,0.3901658947324836
interpolation,30,8,2,1.849663031587654e-07,0.3380018704813008
interpolation,30,8,3,2.158410301601553e-11,0.3563879027774683
interpolation,30,8,4,0.0,0.3647995277820304
interpolation,30,8,5,0.0,0.3560289675675484
interpolation,30,8,6,0.0,0.3341914138887192
interpolation,30,8,7,0.0,0.40395170024066995
interpolation,30,8,8,0.0,0.3926735776769986
interpolation,30,8,9,0.0,0.32517506762673576
interpolation,30,8,10,0.0,0.336547176824055
interpolation,31,10,1,0.0,0.42974865556108643
interpolation,31,10,2,0.0,0.4026368149074454
interpolation,31,10,3,7.703719777548943e-33,0.3954759326014765
interpolation,31,10,4,0.0,0.3637997651760935
interpolation,31,10,5,0.0,0.3348045720659938
interpolation,31,10,6,0.0,0.34682450502767825
interpolation,31,10,7,0.0,0.38575782364059064
interpolation,31,10,8,0.0,0.371634709783212
interpolation,31,10,9,0.0,0.3578180918082522
interpolation,31,10,10,0.0,0.36905672320574495
interpolation,32,7,1,0.0,0.8779027444944283
interpolation,32,7,2,0.0,0.581817783913392
interpolation,32,7,3,0.0,0.7493276621862033
interpolation,32,7,4,0.0,0.9337929131370113
interpolation,32,7,5,0.0,0.7505130700924064
interpolation,32,7,6,0.0,0.7721050048050512
interpolation,32,7,7,0.0,0.6196519499056216
interpolation,32,7,8,0.0,0.6187172098748968
interpolation,32,7,9,0.0,1.1186815367821443
interpolation,32,7,10,0.0,0.8164532705783083
interpolation,33,10,1,0.0,0.35066006288899876
interpolation,33,10,2,0.0,0.3219426598873708
interpolation,33,10,3,0.0,0.35555002119410034
interpolation,33,10,4,0.0,0.35827767231492025
interpolation,33,10,5,0.0,0.3203759854555758
interpolation,33,10,6,0.0,0.34908201537407235
interpolation,33,10,7,0.0,0.3583530244564208
interpolation,33,10,8,9.483181351769616e-11,0.3258978023960062
interpolation,33,10,9,0.0,0.5027135286974389
interpolation,33,10,10,0.0,0.4166306660901504
interpolation,34,7,1,0.0,0.42977568408020383
interpolation,34,7,2,0.00016181928275114027,0.6134785756973244
interpolation,34,7,3,0.0,0.6097080025896213
interpolation,34,7,4,0.0,0.4615891035023809
interpolation,34,7,5,0.0,0.41970562649470783
interpolation,34,7,6,0.0,0.5046370859385466
interpolation,34,7,7,0.0,0.6991165392863036
interpolation,34,7,8,0.0,0.3742652527430479
interpolation,34,7,9,0.0,0.47518960205652144
interpolation,34,7,10,0.0,0.6812112764271303
interpolation,35,9,1,0.0,0.40627985309316
interpolation,35,9,2,0.0,0.3419860371829633
interpolation,35,9,3,0.0,0.3709902358786151
interpolation,35,9,4,0.0,0.38651418323955855
interpolation,35,9,5,0.0,0.33789052622685567
interpolation,35,9,6,0.0,0.41324712971179933
interpolation,35,9,7,0.0,0.3286628772507043
interpolation,35,9,8,0.0,0.37109655384278833
interpolation,35,9,9,0.0,0.38917729511505206
interpolation,35,9,10,0.0,0.3346074382075751
interpolation,36,6,1,0.0002634855272612124,0.3106573603817602
interpolation,36,6,2,0.0,0.3809622733633926
interpolation,36,6,3,0.0,0.43476412970151257
interpolation,36,6,4,0.0,0.3220567006842713
interpolation,36,6,5,7.589901975651447e-05,0.35958639122381714
interpolation,36,6,6,0.0,0.3457423109351483
interpolation,36,6,7,0.0,0.4132632653507944
interpolation,36,6,8,0.0,0.3243033031964457
interpolation,36,6,9,0.0,0.3834189378163688
interpolation,36,6,10,0.0,0.604540689022839
interpolation,37,9,1,0.0,0.4320438154927458
interpolation,37,9,2,0.0,0.5214964370197475
interpolation,37,9,3,0.0,0.4215510625861185
interpolation,37,9,4,0.0,0.365877260930525
interpolation,37,9,5,0.0,0.40887883144200643
interpolation,37,9,6,6.85631060201856e-32,0.46523441180050495
interpolation,37,9,7,0.0,0.39313640271266187
interpolation,37,9,8,0.0,0.45914854078078277
interpolation,37,9,9,0.0,0.38620008426367
interpolation,37,9,10,1.3096323621833204e-32,0.46495584039426874
interpolation,38,6,1,0.0,0.4492718717813017
interpolation,38,6,2,0.0,0.5816098662252723
interpolation,38,6,3,0.0,0.468543458249177
interpolation,38,6,4,0.0,0.5311276379496936
interpolation,38,6,5,0.0,0.4073980259298061
interpolation,38,6,6,7.703719777548943e-34,0.38349537800394073
interpolation,38,6,7,0.0,0.5272562108215441
interpolation,38,6,8,0.0,0.5223902025855334
interpolation,38,6,9,0.0,0.6332847175525009
interpolation,38,6,10,0.0,0.5006960999038998
interpolation,39,8,1,0.0,0.3326795791458721
interpolation,39,8,2,0.0,0.5370946158678627
interpolation,39,8,3,0.0,0.41742509684711493
interpolation,39,8,4,0.0,0.3191114689456117
interpolation,39,8,5,0.0,0.4473518792096778
interpolation,39,8,6,0.0,0.3911721850479285
interpolation,39,8,7,0.0,0.33685794980168804
interpolation,39,8,8,0.0,0.3506448934210366
interpolation,39,8,9,0.0,0.34079836836161087
interpolation,39,8,10,0.0,0.3328728193682253
