parameter_type,parameter_name,x_value,label,n_price_curves,mean_cost,std_cost,median_cost,q1_cost,q3_cost,min_cost,max_cost
ev_count,EV 数量,60.0,EV=60,10,370.88000328797625,21.8254174744385,372.7511337763375,353.47254523172114,382.110013700193,339.74456037349177,407.43714206932196
ev_count,EV 数量,75.0,EV=75,10,387.5774414243063,23.270212655478012,389.54141234736676,369.6264244297851,397.36660710564865,356.99145430825575,430.76968612460144
ev_count,EV 数量,90.0,EV=90,10,406.31963403622024,24.594351161191412,408.4769706809859,387.4403259253301,415.10895900056863,376.97131064901447,455.2819933218291
ev_count,EV 数量,100.0,EV=100,10,418.40321090178657,24.96664904222041,420.6048904352702,398.19163886194906,426.4116932307318,389.2816718891641,470.41866359682257
temp_mean,平均环境温度 / ℃,-8.9,Temp=-8.9 ℃,10,444.0284618417701,23.733150013441254,442.92003962773356,423.9355844146147,457.8755247148424,417.64870409267206,485.74066078125855
temp_mean,平均环境温度 / ℃,-7.4,Temp=-7.4 ℃,10,393.9615183850587,23.73550364551758,395.89089905078345,375.8585630462161,403.3900469943303,363.64362454320815,439.0423554267851
temp_mean,平均环境温度 / ℃,-5.5,Temp=-5.5 ℃,10,342.7340257687468,24.198249584039576,345.149188021714,325.9698884928969,355.05201155192276,308.86663856726045,390.58072808949646
temp_mean,平均环境温度 / ℃,-2.7,Temp=-2.7 ℃,10,294.86544990292793,24.87619766225429,295.6781423906817,279.4123689924203,305.65144878889265,258.4181776375841,343.7696358607382
pv_energy,光伏曲线累计出力（标幺值）,5.3,PV energy=5.300,10,418.33242038234255,20.150503646169966,419.9113183413932,401.12085101435105,428.7226673318345,392.23541674739624,459.2268005981516
pv_energy,光伏曲线累计出力（标幺值）,5.6,PV energy=5.600,10,400.77843635282176,22.151278631484832,402.68889608315834,383.6966269059551,410.85793780278163,374.06050380762224,444.96609419882327
pv_energy,光伏曲线累计出力（标幺值）,5.8,PV energy=5.800,10,395.7268861754149,23.18151581921888,397.82041427714387,378.11053827827277,405.4972168223429,367.16838372966276,441.07596241397357
pv_energy,光伏曲线累计出力（标幺值）,6.0,PV energy=6.000,10,393.7523023419425,23.679617132914714,395.78742794736695,375.763738170698,403.28240045024944,363.6911895235003,439.2223458606252
