xi_index,xi_id,ev_count,pv_energy,cal_index,error_feas,error_opt
0,0,80,5.7387310403759875,1,8.866131210675594e-11,0.2747167910326913
0,0,80,5.7387310403759875,2,7.477903285921028e-12,0.23133815964576432
0,0,80,5.7387310403759875,3,4.149995935066165e-14,0.21739605285348806
0,0,80,5.7387310403759875,4,9.727410773620145e-11,0.2085090868113031
0,0,80,5.7387310403759875,5,1.0874399701361585e-11,0.25472789869468904
0,0,80,5.7387310403759875,6,5.66201626961936e-11,0.2573480244712488
0,0,80,5.7387310403759875,7,4.6830564750969804e-11,0.22869799944764468
0,0,80,5.7387310403759875,8,8.706725255344124e-12,0.20479629871614538
0,0,80,5.7387310403759875,9,1.0415075483053804e-10,0.20112787133770996
0,0,80,5.7387310403759875,10,7.288463135988743e-11,0.23216645699804
1,1,80,5.7387310403759875,1,3.7427788932562874e-10,0.13254461070167295
1,1,80,5.7387310403759875,2,9.703404092916254e-11,0.2387603908868357
1,1,80,5.7387310403759875,3,1.2917123677100863e-10,0.15406586614270423
1,1,80,5.7387310403759875,4,2.8794898108790983e-09,0.20321224856690956
1,1,80,5.7387310403759875,5,4.619356713112414e-11,0.15159042408327816
1,1,80,5.7387310403759875,6,1.6448898808110876e-10,0.17969817459162452
1,1,80,5.7387310403759875,7,5.749012683836342e-09,0.18097483804826225
1,1,80,5.7387310403759875,8,1.4018001101311902e-09,0.187211078179169
1,1,80,5.7387310403759875,9,0.0005473345990045593,0.2721220466865422
1,1,80,5.7387310403759875,10,1.7404051210674838e-09,0.2674211213034182
2,2,80,5.7387310403759875,1,3.8296892399634644e-10,0.21374618052320288
2,2,80,5.7387310403759875,2,6.663616045939592e-10,0.18051804285195144
2,2,80,5.7387310403759875,3,1.2541593711507454e-11,0.25725737544770594
2,2,80,5.7387310403759875,4,1.0948157466754278e-09,0.2406935139325822
2,2,80,5.7387310403759875,5,6.009610619058037e-10,0.14011506620458455
2,2,80,5.7387310403759875,6,1.6483430049327751e-10,0.18766473872376616
2,2,80,5.7387310403759875,7,3.354314306564224e-10,0.16348749370514776
2,2,80,5.7387310403759875,8,4.529119076264654e-09,0.23374632093741454
2,2,80,5.7387310403759875,9,4.875481753645946e-11,0.22418339413755003
2,2,80,5.7387310403759875,10,2.8293152724779186e-10,0.14363354356688807
3,3,80,5.7387310403759875,1,3.209463134601694e-10,0.14236828214588615
3,3,80,5.7387310403759875,2,2.284933127639333e-11,0.22462225201848435
3,3,80,5.7387310403759875,3,8.729685798893456e-10,0.11616351078256945
3,3,80,5.7387310403759875,4,3.8070056418585273e-10,0.1605344601821201
3,3,80,5.7387310403759875,5,5.088443876135219e-15,0.21665843613499344
3,3,80,5.7387310403759875,6,9.655008231167398e-12,0.25079140166016867
3,3,80,5.7387310403759875,7,9.457002947881493e-11,0.17943346012104286
3,3,80,5.7387310403759875,8,6.349384323553835e-10,0.17521292471489955
3,3,80,5.7387310403759875,9,2.198005398567027e-10,0.13423890877005407
3,3,80,5.7387310403759875,10,1.942581121945192e-09,0.29971639659194793
4,4,80,5.7387310403759875,1,3.424982990769782e-10,0.17315694569441792
4,4,80,5.7387310403759875,2,4.675833682667467e-10,0.20648243065731997
4,4,80,5.7387310403759875,3,1.066859439165571e-11,0.1844570467450361
4,4,80,5.7387310403759875,4,1.0231021059248798e-09,0.21390275085500662
4,4,80,5.7387310403759875,5,1.722583483450851e-11,0.22042903599183217
4,4,80,5.7387310403759875,6,1.972509873638173e-09,0.17156262792668245
4,4,80,5.7387310403759875,7,5.6831729576290925e-11,0.25109623466836023
4,4,80,5.7387310403759875,8,4.414207121102908e-12,0.1822081205151989
4,4,80,5.7387310403759875,9,4.261488845298232e-11,0.20940223010868908
4,4,80,5.7387310403759875,10,3.0113299292968852e-12,0.1631950755436513
5,5,80,5.7387310403759875,1,7.104463295607427e-11,0.2447966081268051
5,5,80,5.7387310403759875,2,9.68935043594412e-11,0.3370367291565594
5,5,80,5.7387310403759875,3,1.685174178096077e-10,0.19095147486988195
5,5,80,5.7387310403759875,4,1.0006935553630099e-09,0.17142099420304194
5,5,80,5.7387310403759875,5,4.4128407648444e-06,0.18399704470284095
5,5,80,5.7387310403759875,6,2.6662745503596593e-09,0.13210137875776273
5,5,80,5.7387310403759875,7,6.295906806328321e-11,0.16511790802518128
5,5,80,5.7387310403759875,8,7.911025766326468e-13,0.2998760409087894
5,5,80,5.7387310403759875,9,7.176689482231368e-11,0.13405851775119598
5,5,80,5.7387310403759875,10,3.43701091458305e-13,0.1829213685758248
6,6,80,5.7387310403759875,1,5.980978677499647e-08,0.15983819924287937
6,6,80,5.7387310403759875,2,9.292953864687562e-10,0.2294812304677508
6,6,80,5.7387310403759875,3,4.793410899658682e-10,0.17648783405029195
6,6,80,5.7387310403759875,4,4.447649883365434e-10,0.16857294874655793
6,6,80,5.7387310403759875,5,9.484142621903125e-11,0.25793960976692115
6,6,80,5.7387310403759875,6,1.23520982483549e-09,0.2142782656825295
6,6,80,5.7387310403759875,7,7.449770009116744e-11,0.1758024293478322
6,6,80,5.7387310403759875,8,1.3502742661483004e-10,0.16900027311668353
6,6,80,5.7387310403759875,9,4.609274443807038e-10,0.14837490952596927
6,6,80,5.7387310403759875,10,9.111129611408188e-15,0.2493077945327796
7,7,80,5.7387310403759875,1,1.6625656801786864e-11,0.3241566245664491
7,7,80,5.7387310403759875,2,2.79900837436218e-10,0.2088109053831351
7,7,80,5.7387310403759875,3,3.594440643986112e-11,0.14559204599400685
7,7,80,5.7387310403759875,4,6.545418663951021e-11,0.2622896980986063
7,7,80,5.7387310403759875,5,4.054454381852222e-12,0.23917054015304537
7,7,80,5.7387310403759875,6,5.977275100034325e-11,0.19287442842538113
7,7,80,5.7387310403759875,7,1.035271317542004e-10,0.2186808219009484
7,7,80,5.7387310403759875,8,1.767420117703652e-10,0.20682080650832024
7,7,80,5.7387310403759875,9,2.588703507938422e-09,0.1939680708065985
7,7,80,5.7387310403759875,10,2.2248606729418705e-10,0.20306647915209286
8,8,80,5.7387310403759875,1,4.2743113951198267e-10,0.21448937281237848
8,8,80,5.7387310403759875,2,2.152150812621806e-09,0.22360513037898744
8,8,80,5.7387310403759875,3,7.43921192583712e-10,0.22967984792288412
8,8,80,5.7387310403759875,4,1.1832630984298324e-09,0.22009446096059848
8,8,80,5.7387310403759875,5,3.995620257739152e-12,0.3558780135119897
8,8,80,5.7387310403759875,6,8.873741699847197e-11,0.27471465964532216
8,8,80,5.7387310403759875,7,4.9777519756771085e-12,0.3230303381763404
8,8,80,5.7387310403759875,8,3.7476053113130177e-13,0.23200723848621943
8,8,80,5.7387310403759875,9,1.0463951008389707e-09,0.16509807061693882
8,8,80,5.7387310403759875,10,3.5437211145031177e-10,0.12030427308689949
9,9,80,5.7387310403759875,1,1.9990495022919759e-10,0.10360258055700483
9,9,80,5.7387310403759875,2,1.9536265488840754e-10,0.2196570468346374
9,9,80,5.7387310403759875,3,1.1821387061214639e-11,0.15370857377380293
9,9,80,5.7387310403759875,4,1.4694119607193752e-10,0.23631315973335804
9,9,80,5.7387310403759875,5,4.848263068251837e-09,0.291964520416095
9,9,80,5.7387310403759875,6,9.573570345243928e-12,0.13853991652868725
9,9,80,5.7387310403759875,7,4.2005210816744096e-10,0.19838870264237202
9,9,80,5.7387310403759875,8,1.3756077268928563e-09,0.24027220199003724
9,9,80,5.7387310403759875,9,5.798670622590256e-10,0.19114903314303594
9,9,80,5.7387310403759875,10,5.20207995020476e-09,0.22336542240566237
10,10,80,5.7387310403759875,1,7.420169642201736e-10,0.16099978660196984
10,10,80,5.7387310403759875,2,7.033419723222127e-10,0.18559996252691618
10,10,80,5.7387310403759875,3,8.748519100982324e-11,0.1527019565706737
10,10,80,5.7387310403759875,4,1.822877030815908e-09,0.317217738832292
10,10,80,5.7387310403759875,5,2.837767946158401e-10,0.21187774421345104
10,10,80,5.7387310403759875,6,1.2510954130506484e-11,0.30361382449561286
10,10,80,5.7387310403759875,7,2.9717812888219574e-11,0.13802511517765653
10,10,80,5.7387310403759875,8,7.695418052059215e-10,0.24060696859058245
10,10,80,5.7387310403759875,9,3.4427731094504396e-10,0.20770537458177601
10,10,80,5.7387310403759875,10,3.427413833061042e-12,0.2675699625589306
11,11,80,5.7387310403759875,1,8.341956743246553e-10,0.2106371581242607
11,11,80,5.7387310403759875,2,1.5181007061661206e-07,0.22966825953021258
11,11,80,5.7387310403759875,3,1.0980441207306043e-10,0.250829752977272
11,11,80,5.7387310403759875,4,1.5103071481745933e-10,0.18437091776926023
11,11,80,5.7387310403759875,5,5.859779484354499e-10,0.22054772738385653
11,11,80,5.7387310403759875,6,8.270291510683859e-15,0.16312067743247405
11,11,80,5.7387310403759875,7,3.3254871276086796e-10,0.1676656995026357
11,11,80,5.7387310403759875,8,1.152562144344135e-10,0.2063182653969859
11,11,80,5.7387310403759875,9,3.782454909389495e-11,0.20794575596243495
11,11,80,5.7387310403759875,10,2.9779460528096084e-10,0.21360028224851477
12,12,80,5.7387310403759875,1,2.4132584107022318e-11,0.14613794085825088
12,12,80,5.7387310403759875,2,7.023800586019184e-12,0.18109373791408767
12,12,80,5.7387310403759875,3,1.2458396514013888e-12,0.16064924673620212
12,12,80,5.7387310403759875,4,5.744450148874884e-12,0.15574101644188962
12,12,80,5.7387310403759875,5,3.2365839694626115e-10,0.1582609247059597
12,12,80,5.7387310403759875,6,2.0292238134040665e-10,0.17189371488818284
12,12,80,5.7387310403759875,7,7.912740894636028e-10,0.25742706217384115
12,12,80,5.7387310403759875,8,2.668278075464775e-10,0.22872438853046212
12,12,80,5.7387310403759875,9,5.911759917946664e-12,0.210562113887864
12,12,80,5.7387310403759875,10,1.314279110941492e-09,0.1872494936133262
13,13,80,5.7387310403759875,1,8.470322999096097e-10,0.21016865730240672
13,13,80,5.7387310403759875,2,7.827348926830067e-11,0.20627152399797025
13,13,80,5.7387310403759875,3,1.1123325921165083e-10,0.17923655034484035
13,13,80,5.7387310403759875,4,1.3270248533021083e-10,0.1877856074113226
13,13,80,5.7387310403759875,5,1.1172881442769862e-10,0.1735690569282959
13,13,80,5.7387310403759875,6,1.8476788897541584e-10,0.2342355095389987
13,13,80,5.7387310403759875,7,7.472099344978853e-10,0.1728018268546553
13,13,80,5.7387310403759875,8,2.252262253882118e-11,0.21044656475685453
13,13,80,5.7387310403759875,9,2.1118190968495104e-14,0.1971978166703312
13,13,80,5.7387310403759875,10,9.45700368875852e-12,0.3121552415806702
14,14,80,5.7387310403759875,1,2.394455572235173e-10,0.25897086898982713
14,14,80,5.7387310403759875,2,2.3714565257238245e-09,0.22807076536449838
14,14,80,5.7387310403759875,3,7.265433617171676e-10,0.15448724849984558
14,14,80,5.7387310403759875,4,2.031770523605329e-12,0.17757108227509263
14,14,80,5.7387310403759875,5,5.4935880625060285e-12,0.12194809413438315
14,14,80,5.7387310403759875,6,8.07523611723015e-10,0.19484394897100027
14,14,80,5.7387310403759875,7,1.4084502934872725e-10,0.2346488723317881
14,14,80,5.7387310403759875,8,4.5256364456222047e-11,0.16199516552075532
14,14,80,5.7387310403759875,9,7.767509365208996e-10,0.20514344938729936
14,14,80,5.7387310403759875,10,3.112576229065587e-11,0.23881992819285924
15,15,80,5.7387310403759875,1,8.819769165731322e-10,0.17147828591880582
15,15,80,5.7387310403759875,2,3.284008080988516e-10,0.18423196928377095
15,15,80,5.7387310403759875,3,1.6688166276386534e-09,0.1877115203300907
15,15,80,5.7387310403759875,4,1.0458651941975484e-09,0.20089464372174498
15,15,80,5.7387310403759875,5,5.049059651856873e-10,0.30156154400289514
15,15,80,5.7387310403759875,6,7.307193745098582e-10,0.2151215422757694
15,15,80,5.7387310403759875,7,6.578511802446285e-09,0.2431924790564641
15,15,80,5.7387310403759875,8,7.912491828286479e-10,0.22146719890804556
15,15,80,5.7387310403759875,9,1.531274417086326e-10,0.1956710789922008
15,15,80,5.7387310403759875,10,3.3182984559254905e-11,0.2009316831621033
16,16,80,5.7387310403759875,1,1.9153248016491246e-10,0.2564546347433022
16,16,80,5.7387310403759875,2,6.541314694325981e-10,0.2226430450088213
16,16,80,5.7387310403759875,3,1.2459105444995703e-09,0.24183223465082082
16,16,80,5.7387310403759875,4,6.900194027754321e-09,0.21593559896991782
16,16,80,5.7387310403759875,5,4.824673886511233e-10,0.2177636770539011
16,16,80,5.7387310403759875,6,4.247184328995868e-10,0.2357719981612364
16,16,80,5.7387310403759875,7,2.0188994655725198e-10,0.2651871447562939
16,16,80,5.7387310403759875,8,3.8963634743739965e-12,0.19400588032870583
16,16,80,5.7387310403759875,9,3.0196960615729938e-12,0.1484430717758584
16,16,80,5.7387310403759875,10,5.41294038013631e-12,0.17974682211769302
17,17,80,5.7387310403759875,1,2.338234166947901e-11,0.11690017487707735
17,17,80,5.7387310403759875,2,8.868788401420814e-10,0.20737626295772055
17,17,80,5.7387310403759875,3,4.0002676659973993e-10,0.28787726697078586
17,17,80,5.7387310403759875,4,1.2213031929256426e-13,0.24259863693205785
17,17,80,5.7387310403759875,5,1.0741311494234213e-10,0.22094310891325092
17,17,80,5.7387310403759875,6,8.5878938926758e-10,0.23817903937772747
17,17,80,5.7387310403759875,7,1.7775763939777983e-09,0.1631067405578195
17,17,80,5.7387310403759875,8,3.58426659611718e-15,0.2219472033743462
17,17,80,5.7387310403759875,9,5.263624552455272e-14,0.23564699091360272
17,17,80,5.7387310403759875,10,1.3337513025581872e-11,0.1670505264169293
18,18,80,5.7387310403759875,1,4.591357700910226e-10,0.27453238859498674
18,18,80,5.7387310403759875,2,1.4941139157926405e-12,0.2654624694612446
18,18,80,5.7387310403759875,3,3.1786454543813243e-12,0.1635226843156381
18,18,80,5.7387310403759875,4,4.145563414693971e-10,0.17980665473750115
18,18,80,5.7387310403759875,5,5.427318549628432e-10,0.3093787005024343
18,18,80,5.7387310403759875,6,1.0174506100129616e-10,0.16945572532886202
18,18,80,5.7387310403759875,7,1.1463907884109764e-10,0.12694303749086117
18,18,80,5.7387310403759875,8,1.2368763258965407e-11,0.16553114573399988
18,18,80,5.7387310403759875,9,3.127324894173765e-10,0.3541339581434795
18,18,80,5.7387310403759875,10,7.14173242579142e-11,0.18551055660784135
19,19,80,5.7387310403759875,1,1.6332265257891865e-10,0.2510242152786745
19,19,80,5.7387310403759875,2,9.220302271218746e-10,0.15785068478021988
19,19,80,5.7387310403759875,3,8.840248067755621e-09,0.22229089852576697
19,19,80,5.7387310403759875,4,3.5814855660557414e-13,0.1975615580828078
19,19,80,5.7387310403759875,5,2.6097262588603305e-09,0.1860148958218649
19,19,80,5.7387310403759875,6,9.73158101010892e-10,0.13204503399127082
19,19,80,5.7387310403759875,7,7.420902494444136e-11,0.18266512292162326
19,19,80,5.7387310403759875,8,3.9801138416322495e-11,0.1807767174602157
19,19,80,5.7387310403759875,9,1.2728367317902184e-11,0.1564001824629862
19,19,80,5.7387310403759875,10,7.658666374536182e-11,0.17772165822731772
20,20,80,5.7387310403759875,1,3.700543951034537e-11,0.21163982181992905
20,20,80,5.7387310403759875,2,1.4937587489869331e-09,0.1557706589484476
20,20,80,5.7387310403759875,3,2.5419910911217343e-10,0.1398086155796355
20,20,80,5.7387310403759875,4,2.3329268008481675e-10,0.20816730974205702
20,20,80,5.7387310403759875,5,2.6018971494630162e-11,0.1997178860077627
20,20,80,5.7387310403759875,6,5.81409978749729e-11,0.15093530418412712
20,20,80,5.7387310403759875,7,1.1773006534262133e-10,0.3883792827331819
20,20,80,5.7387310403759875,8,5.830252699333245e-10,0.22840676732161772
20,20,80,5.7387310403759875,9,1.1774125156394577e-10,0.17730087948919504
20,20,80,5.7387310403759875,10,4.6198424772752207e-11,0.1143342241263395
21,21,80,5.7387310403759875,1,6.086615847157707e-12,0.2559802014100762
21,21,80,5.7387310403759875,2,1.7245983873663157e-10,0.21595459190635097
21,21,80,5.7387310403759875,3,7.571593606838737e-12,0.21845679644470323
21,21,80,5.7387310403759875,4,1.7834244018183378e-10,0.15826349926765498
21,21,80,5.7387310403759875,5,1.959135571938546e-11,0.12427513480346805
21,21,80,5.7387310403759875,6,1.06765605955879e-10,0.21242213171830146
21,21,80,5.7387310403759875,7,1.3331342799056486e-11,0.15942878472813818
21,21,80,5.7387310403759875,8,1.5613800688805429e-12,0.16764370992095884
21,21,80,5.7387310403759875,9,7.296919812355729e-10,0.25136131928521843
21,21,80,5.7387310403759875,10,1.6702669257882775e-11,0.18337590118816902
22,22,80,5.7387310403759875,1,2.4807601500160806e-10,0.22556205202692273
22,22,80,5.7387310403759875,2,6.510121878752255e-11,0.31560639131576246
22,22,80,5.7387310403759875,3,1.9777865364466945e-10,0.21065355063497493
22,22,80,5.7387310403759875,4,4.9257811260965204e-11,0.22506710998835175
22,22,80,5.7387310403759875,5,2.2152627174301903e-11,0.16142054893439572
22,22,80,5.7387310403759875,6,1.7043930279749693e-10,0.3369501119241281
22,22,80,5.7387310403759875,7,1.284440610222562e-11,0.1817371585457082
22,22,80,5.7387310403759875,8,1.7511630521526612e-10,0.2528560814549031
22,22,80,5.7387310403759875,9,5.5042968028676024e-11,0.28644126700808237
22,22,80,5.7387310403759875,10,1.9259058509812962e-10,0.20734029910359267
23,23,80,5.7387310403759875,1,2.1252435576959578e-10,0.27412762512517375
23,23,80,5.7387310403759875,2,6.619140369094996e-11,0.16214716374599314
23,23,80,5.7387310403759875,3,7.405559220983603e-11,0.20283792604307074
23,23,80,5.7387310403759875,4,3.134927348420044e-10,0.2204738332590933
23,23,80,5.7387310403759875,5,7.479300696964532e-11,0.29125919316392296
23,23,80,5.7387310403759875,6,1.1908216487285248e-10,0.21804051218078468
23,23,80,5.7387310403759875,7,2.8197568065388503e-11,0.25614309005233626
23,23,80,5.7387310403759875,8,2.02916900645442e-10,0.22442693257754665
23,23,80,5.7387310403759875,9,4.947392651693231e-09,0.26718188093589235
23,23,80,5.7387310403759875,10,1.5845877520821661e-09,0.33740447492528824
24,24,80,5.7387310403759875,1,3.4949510385663864e-10,0.20526924964901822
24,24,80,5.7387310403759875,2,1.8296756659544062e-09,0.2364335067609796
24,24,80,5.7387310403759875,3,3.6901084442609557e-10,0.17646143788852475
24,24,80,5.7387310403759875,4,4.2063257349541506e-11,0.24308669545341974
24,24,80,5.7387310403759875,5,4.064231287927827e-11,0.1310853903904699
24,24,80,5.7387310403759875,6,6.782589665489405e-11,0.19816662889289316
24,24,80,5.7387310403759875,7,7.132797209281143e-10,0.17967771510278202
24,24,80,5.7387310403759875,8,4.1540761082834923e-10,0.20357108141358046
24,24,80,5.7387310403759875,9,1.664159901822457e-10,0.21438875621672038
24,24,80,5.7387310403759875,10,1.5114752028751722e-12,0.10100296234898756
25,25,80,5.7387310403759875,1,2.9259312169708315e-10,0.16497074950374946
25,25,80,5.7387310403759875,2,1.3529094526910977e-10,0.19396834193192955
25,25,80,5.7387310403759875,3,7.327834165206518e-11,0.2187750763970001
25,25,80,5.7387310403759875,4,1.7463693329550665e-09,0.2908288332701609
25,25,80,5.7387310403759875,5,9.299358704511183e-10,0.21137905023179698
25,25,80,5.7387310403759875,6,3.123802145959422e-11,0.19309418564571293
25,25,80,5.7387310403759875,7,1.1978985098875315e-09,0.1700397483154918
25,25,80,5.7387310403759875,8,2.6873636879475792e-15,0.24374944886036623
25,25,80,5.7387310403759875,9,1.547394234146305e-10,0.18513638604464064
25,25,80,5.7387310403759875,10,1.3702017383284438e-11,0.2098224072283636
26,26,80,5.7387310403759875,1,1.4458721984379804e-10,0.25493993852582447
26,26,80,5.7387310403759875,2,1.259491849715864e-10,0.14483494784343057
26,26,80,5.7387310403759875,3,9.646362183812506e-16,0.21252481544955465
26,26,80,5.7387310403759875,4,2.3432031336676455e-11,0.1872551785638061
26,26,80,5.7387310403759875,5,7.305452082533566e-10,0.12447884965551462
26,26,80,5.7387310403759875,6,1.9594385650166723e-11,0.19519227259378247
26,26,80,5.7387310403759875,7,2.3318576448313255e-09,0.2564062926341581
26,26,80,5.7387310403759875,8,4.3555637662732827e-11,0.20253534549507873
26,26,80,5.7387310403759875,9,1.7133078292621274e-09,0.24028439565505294
26,26,80,5.7387310403759875,10,1.308299395611379e-10,0.1814315446901934
27,27,80,5.7387310403759875,1,1.5938976245909166e-15,0.2049155962412271
27,27,80,5.7387310403759875,2,7.126990669770985e-11,0.15220939511871306
27,27,80,5.7387310403759875,3,2.692480934217882e-10,0.24904187968004105
27,27,80,5.7387310403759875,4,1.3860487952117328e-10,0.14786941843252022
27,27,80,5.7387310403759875,5,1.8563376731816313e-09,0.267216655664515
27,27,80,5.7387310403759875,6,1.8918159415013896e-10,0.12502238243290803
27,27,80,5.7387310403759875,7,1.8617171364267416e-09,0.16753278158322985
27,27,80,5.7387310403759875,8,3.711637538746702e-05,0.2853815838796161
27,27,80,5.7387310403759875,9,3.2630681150113066e-10,0.1906057691967406
27,27,80,5.7387310403759875,10,5.517722374299e-11,0.10154360331361628
28,28,80,5.7387310403759875,1,8.536422467517887e-16,0.2437505394697656
28,28,80,5.7387310403759875,2,1.9051365597108168e-11,0.14171731144238764
28,28,80,5.7387310403759875,3,7.487428817229398e-10,0.19947807648135413
28,28,80,5.7387310403759875,4,1.0909573507032916e-09,0.18607435674247857
28,28,80,5.7387310403759875,5,3.803970399645485e-11,0.24344377714449394
28,28,80,5.7387310403759875,6,3.2232238564999884e-10,0.28437225311283637
28,28,80,5.7387310403759875,7,7.987744952933394e-11,0.202318792101643
28,28,80,5.7387310403759875,8,3.920151460966719e-13,0.2046883349370835
28,28,80,5.7387310403759875,9,1.950288932702004e-11,0.29130232702571096
28,28,80,5.7387310403759875,10,9.901615820583308e-10,0.23627707785494875
29,29,80,5.7387310403759875,1,3.720141498231759e-10,0.19428998856931506
29,29,80,5.7387310403759875,2,9.365011559296156e-11,0.14533676972871046
29,29,80,5.7387310403759875,3,8.171033710712638e-12,0.1710976392606825
29,29,80,5.7387310403759875,4,7.872875643354107e-10,0.1704055593804512
29,29,80,5.7387310403759875,5,2.6185957209628943e-11,0.15456581672442685
29,29,80,5.7387310403759875,6,4.9599790569573974e-12,0.1635026883176473
29,29,80,5.7387310403759875,7,3.698797291467303e-10,0.2820551747273643
29,29,80,5.7387310403759875,8,1.4329304562977688e-11,0.14218293048641567
29,29,80,5.7387310403759875,9,4.3118276775010434e-10,0.23415145369284224
29,29,80,5.7387310403759875,10,7.84928645620374e-10,0.20331045385266477
30,30,80,5.7387310403759875,1,3.402736539670651e-13,0.16249554121394358
30,30,80,5.7387310403759875,2,4.489573993060595e-11,0.2588692768529864
30,30,80,5.7387310403759875,3,2.4737480377207924e-09,0.15825017529612667
30,30,80,5.7387310403759875,4,3.376023085627682e-09,0.14351157808009113
30,30,80,5.7387310403759875,5,8.011675551823479e-10,0.14992999952910463
30,30,80,5.7387310403759875,6,4.704178034480162e-09,0.24052313265161634
30,30,80,5.7387310403759875,7,1.4191762103357863e-11,0.20512126368554315
30,30,80,5.7387310403759875,8,4.031907232959048e-10,0.15136212574766167
30,30,80,5.7387310403759875,9,4.07791239581544e-09,0.21035132930361777
30,30,80,5.7387310403759875,10,6.38153905839e-11,0.1258983100616572
31,31,80,5.7387310403759875,1,6.187625158464076e-12,0.1618808870716258
31,31,80,5.7387310403759875,2,6.767911398508911e-11,0.2093264255971588
31,31,80,5.7387310403759875,3,3.369454699141159e-11,0.1868821891720625
31,31,80,5.7387310403759875,4,3.2931189771618986e-11,0.2738811324153875
31,31,80,5.7387310403759875,5,1.608433142377189e-11,0.231082158863733
31,31,80,5.7387310403759875,6,2.5539978893067746e-11,0.14326261010090863
31,31,80,5.7387310403759875,7,1.7188900740701312e-09,0.285746735522651
31,31,80,5.7387310403759875,8,1.3627695379703814e-10,0.24468692044324014
31,31,80,5.7387310403759875,9,4.530980933195055e-15,0.1601599984323827
31,31,80,5.7387310403759875,10,9.643596011892442e-11,0.16520470966386225
32,32,80,5.7387310403759875,1,2.1027821330316562e-10,0.1828013480122879
32,32,80,5.7387310403759875,2,5.565661542769313e-12,0.2212040368885979
32,32,80,5.7387310403759875,3,5.462076793099196e-11,0.2852651609209451
32,32,80,5.7387310403759875,4,6.838231157558462e-11,0.24662060859963528
32,32,80,5.7387310403759875,5,8.820052512176869e-11,0.21443404603472882
32,32,80,5.7387310403759875,6,2.5957026455578924e-11,0.209490450861268
32,32,80,5.7387310403759875,7,1.7566714341798994e-15,0.26390960662728097
32,32,80,5.7387310403759875,8,2.4716935315198396e-10,0.20113657841198335
32,32,80,5.7387310403759875,9,3.9360467106751694e-10,0.21515151176913058
32,32,80,5.7387310403759875,10,3.7075706635181967e-09,0.22710185678956654
33,33,80,5.7387310403759875,1,4.2408722240004326e-11,0.18186286403575036
33,33,80,5.7387310403759875,2,2.646075626795518e-10,0.1680009587491749
33,33,80,5.7387310403759875,3,2.4989826599957548e-11,0.20647953756867377
33,33,80,5.7387310403759875,4,1.0810449097524178e-10,0.18960995963564325
33,33,80,5.7387310403759875,5,2.0428530017849467e-11,0.1463054219583087
33,33,80,5.7387310403759875,6,1.589506141347645e-10,0.2465540241190161
33,33,80,5.7387310403759875,7,5.5603400544303453e-11,0.18582957346781626
33,33,80,5.7387310403759875,8,7.207034886150872e-10,0.11731565581518152
33,33,80,5.7387310403759875,9,1.0500643669301643e-08,0.16315095821237613
33,33,80,5.7387310403759875,10,1.1543882127321215e-10,0.2071590649585462
34,34,80,5.7387310403759875,1,2.394160276536416e-09,0.20029016314400006
34,34,80,5.7387310403759875,2,7.180131692059492e-11,0.1875890127419468
34,34,80,5.7387310403759875,3,2.5476827688307427e-11,0.25424226878395473
34,34,80,5.7387310403759875,4,1.9011117095062936e-13,0.163172910614418
34,34,80,5.7387310403759875,5,1.2865950713488868e-10,0.28251924532991035
34,34,80,5.7387310403759875,6,4.9099527883097824e-11,0.19019900206941137
34,34,80,5.7387310403759875,7,4.777527963767713e-10,0.1958715898908757
34,34,80,5.7387310403759875,8,1.2395529772499834e-09,0.2400802705226307
34,34,80,5.7387310403759875,9,2.0019633627078266e-11,0.2022370442940427
34,34,80,5.7387310403759875,10,6.2031678991450625e-09,0.2235696739378445
35,35,80,5.7387310403759875,1,2.611701185215514e-10,0.11252332953586633
35,35,80,5.7387310403759875,2,1.5656738019246322e-09,0.15967652263099272
35,35,80,5.7387310403759875,3,3.567431250138516e-09,0.2058071139276203
35,35,80,5.7387310403759875,4,4.970248705769319e-10,0.23181916891715218
35,35,80,5.7387310403759875,5,1.4102956076347163e-11,0.27874633985439856
35,35,80,5.7387310403759875,6,1.1017776074396284e-10,0.2097415071785912
35,35,80,5.7387310403759875,7,1.621895977615335e-11,0.21677204073956927
35,35,80,5.7387310403759875,8,6.258103227529657e-13,0.2505080539362098
35,35,80,5.7387310403759875,9,1.228114827354348e-10,0.15944442587075047
35,35,80,5.7387310403759875,10,1.3634014875440984e-14,0.20661361177321802
36,36,80,5.7387310403759875,1,1.0760133133780951e-09,0.12423324665899604
36,36,80,5.7387310403759875,2,1.1456753874218897e-11,0.1728948754906292
36,36,80,5.7387310403759875,3,9.024921835929767e-12,0.19737268796879442
36,36,80,5.7387310403759875,4,1.8549574276979976e-09,0.18006385297662875
36,36,80,5.7387310403759875,5,3.380659915835385e-10,0.16663214144250926
36,36,80,5.7387310403759875,6,5.272143947971532e-13,0.1668854076318978
36,36,80,5.7387310403759875,7,8.181108914534161e-08,0.2840233728709458
36,36,80,5.7387310403759875,8,6.790491327019532e-10,0.13292736583545173
36,36,80,5.7387310403759875,9,7.0749930776067095e-09,0.13892110068745783
36,36,80,5.7387310403759875,10,9.157169749154685e-12,0.20966597408711196
37,37,80,5.7387310403759875,1,6.635725370499671e-12,0.34148519299936386
37,37,80,5.7387310403759875,2,6.4672518060865466e-12,0.19512851025180855
37,37,80,5.7387310403759875,3,2.598314751333246e-11,0.17403863905092923
37,37,80,5.7387310403759875,4,9.470002476498203e-12,0.16326490918296852
37,37,80,5.7387310403759875,5,3.353612070528283e-10,0.15609087440452044
37,37,80,5.7387310403759875,6,5.234187370354375e-10,0.2163918607126651
37,37,80,5.7387310403759875,7,7.768376308819387e-10,0.2056009152340877
37,37,80,5.7387310403759875,8,5.793313146082456e-10,0.2485480139472525
37,37,80,5.7387310403759875,9,1.3953873025978242e-10,0.18974426809071174
37,37,80,5.7387310403759875,10,9.063323064604778e-08,0.1593841170632438
38,38,80,5.7387310403759875,1,2.8346858177172988e-11,0.346493197741032
38,38,80,5.7387310403759875,2,7.458056748217009e-11,0.24602320904854066
38,38,80,5.7387310403759875,3,3.17776379728026e-10,0.19109559427152978
38,38,80,5.7387310403759875,4,5.418872433689057e-13,0.16236503861083967
38,38,80,5.7387310403759875,5,1.3289776608676912e-09,0.2066834948427248
38,38,80,5.7387310403759875,6,4.784642697801759e-10,0.13580895483800484
38,38,80,5.7387310403759875,7,4.730446421812815e-10,0.2111714290641546
38,38,80,5.7387310403759875,8,9.391059401682163e-11,0.17841498608007494
38,38,80,5.7387310403759875,9,3.3715524807364684e-12,0.24384507956744406
38,38,80,5.7387310403759875,10,1.7975981337651196e-10,0.18799261716364055
39,39,80,5.7387310403759875,1,7.119952114631301e-15,0.18856711181695812
39,39,80,5.7387310403759875,2,3.212117629284558e-10,0.12999363834521904
39,39,80,5.7387310403759875,3,2.892126144519902e-10,0.20196701339485437
39,39,80,5.7387310403759875,4,7.016801433513729e-10,0.21025186322446524
39,39,80,5.7387310403759875,5,2.770434219691658e-10,0.2083085692145098
39,39,80,5.7387310403759875,6,3.530188675925157e-10,0.18633540179289573
39,39,80,5.7387310403759875,7,1.6520459260277273e-14,0.25791946431892476
39,39,80,5.7387310403759875,8,7.687329580325155e-10,0.20573377352321018
39,39,80,5.7387310403759875,9,7.339989871496673e-11,0.14864256004516696
39,39,80,5.7387310403759875,10,1.4469666215176277e-09,0.23988650895725067
