sample_id,price_id,method_id,true_cost,method_cost,cost_diff,normalized_cost_diff,abs_decomp_error,rel_decomp_error,decomp_failed
0,0,same θ varying ξ,1401.082716,1922.85182,521.7691036,0.054790164,205.6760642,0.025080851,TRUE
0,1,same θ varying ξ,2032.937172,2850.138134,817.2009623,0.08482647,0,0,FALSE
0,2,same θ varying ξ,3127.692044,4098.806455,971.1144109,0.093827954,0,0,FALSE
0,3,same θ varying ξ,1735.051563,2454.812504,719.7609411,0.083748165,0,0,FALSE
0,4,same θ varying ξ,1553.77331,2371.642787,817.8694763,0.10376951,0,0,FALSE
0,5,same θ varying ξ,1911.72092,2672.66464,760.9437204,0.083167956,0,0,FALSE
0,6,same θ varying ξ,2749.300577,3869.897813,1120.597236,0.106711007,0,0,FALSE
0,7,same θ varying ξ,2447.027594,3247.081195,800.0536009,0.073916898,0,0,FALSE
0,8,same θ varying ξ,3142.713659,4120.244157,977.5304989,0.086174949,0,0,FALSE
0,9,same θ varying ξ,1867.795181,2614.496712,746.7015312,0.087452115,0,0,FALSE
1,0,same θ varying ξ,1344.77662,1795.119937,450.3433172,0.046366818,279.6201701,0.033942251,TRUE
1,1,same θ varying ξ,1967.943909,2772.632054,804.6881447,0.082484703,0,0,FALSE
1,2,same θ varying ξ,3078.238327,4037.467425,959.2290979,0.091945147,0,0,FALSE
1,3,same θ varying ξ,1690.184274,2395.998853,705.8145793,0.081124208,0,0,FALSE
1,4,same θ varying ξ,1492.912125,2316.000561,823.0884358,0.103197747,0,0,FALSE
1,5,same θ varying ξ,1857.285555,2592.624108,735.3385531,0.079203296,0,0,FALSE
1,6,same θ varying ξ,2699.31848,3781.622832,1082.304352,0.10174439,0,0,FALSE
1,7,same θ varying ξ,2373.69724,3112.184346,738.487106,0.067112861,0,0,FALSE
1,8,same θ varying ξ,3079.369795,4036.369585,956.9997901,0.083571145,0,0,FALSE
1,9,same θ varying ξ,1835.435455,2574.474743,739.0392888,0.084740875,0,0,FALSE
2,0,same θ varying ξ,1333.962944,1816.190947,482.2280036,0.050053555,276.6880149,0.033455833,TRUE
2,1,same θ varying ξ,1961.072305,2784.153903,823.081598,0.084867809,0,0,FALSE
2,2,same θ varying ξ,3080.992928,4067.96531,986.9723828,0.094558749,0,0,FALSE
2,3,same θ varying ξ,1691.767853,2424.509942,732.742089,0.08442057,0,0,FALSE
2,4,same θ varying ξ,1487.685549,2329.738893,842.0533441,0.105778676,0,0,FALSE
2,5,same θ varying ξ,1849.960138,2610.927785,760.967647,0.082315379,0,0,FALSE
2,6,same θ varying ξ,2709.635443,3799.675432,1090.039989,0.102546523,0,0,FALSE
2,7,same θ varying ξ,2365.18851,3141.792801,776.604291,0.070867268,0,0,FALSE
2,8,same θ varying ξ,3081.796843,4071.171052,989.3742091,0.086518571,0,0,FALSE
2,9,same θ varying ξ,1837.58687,2577.634102,740.047232,0.085208182,0,0,FALSE
3,0,same θ varying ξ,1433.140637,1940.006384,506.8657474,0.053956606,216.8940373,0.026988016,TRUE
3,1,same θ varying ξ,2033.46032,2845.861811,812.401491,0.086075572,0,0,FALSE
3,2,same θ varying ξ,3147.466108,4102.68336,955.2172526,0.093688742,0,0,FALSE
3,3,same θ varying ξ,1743.314737,2474.559684,731.2449465,0.086966486,0,0,FALSE
3,4,same θ varying ξ,1556.062924,2373.264121,817.2011968,0.105298978,0,0,FALSE
3,5,same θ varying ξ,1934.139039,2673.68126,739.5422216,0.081671301,0,0,FALSE
3,6,same θ varying ξ,2760.296091,3804.348795,1044.052704,0.101016001,0,0,FALSE
3,7,same θ varying ξ,2448.878175,3239.049671,790.1714961,0.074419932,0,0,FALSE
3,8,same θ varying ξ,3150.134871,4091.554257,941.4193857,0.084502231,0,0,FALSE
3,9,same θ varying ξ,1893.615885,2614.915743,721.2998574,0.085213394,0,0,FALSE
4,0,same θ varying ξ,1306.194973,1888.141506,581.9465326,0.060851962,114.8305854,0.01393347,TRUE
4,1,same θ varying ξ,1953.994398,2835.565167,881.5707685,0.091347528,0,0,FALSE
4,2,same θ varying ξ,3067.671819,4106.76158,1039.089761,0.099970026,0,0,FALSE
4,3,same θ varying ξ,1677.132853,2458.747266,781.6144135,0.090507999,0,0,FALSE
4,4,same θ varying ξ,1480.451726,2367.214248,886.7625229,0.1119018,0,0,FALSE
4,5,same θ varying ξ,1836.007449,2657.414709,821.4072603,0.089390919,0,0,FALSE
4,6,same θ varying ξ,2691.189476,3852.238116,1161.04864,0.109749893,0,0,FALSE
4,7,same θ varying ξ,2348.755649,3204.809674,856.0540252,0.07854263,0,0,FALSE
4,8,same θ varying ξ,3064.018784,4118.357883,1054.339099,0.092657082,0,0,FALSE
4,9,same θ varying ξ,1818.111069,2614.476449,796.36538,0.09214873,0,0,FALSE
5,0,same θ varying ξ,1390.674194,1966.935525,576.2613315,0.061028666,128.1225418,0.015489349,TRUE
5,1,same θ varying ξ,2028.763885,2875.573282,846.8093971,0.088458286,0,0,FALSE
5,2,same θ varying ξ,3151.657512,4164.235541,1012.578029,0.097699064,0,0,FALSE
5,3,same θ varying ξ,1758.552922,2504.376357,745.8234354,0.086970968,0,0,FALSE
5,4,same θ varying ξ,1556.561428,2391.51591,834.9544813,0.105873918,0,0,FALSE
5,5,same θ varying ξ,1905.465241,2699.970032,794.5047911,0.087278564,0,0,FALSE
5,6,same θ varying ξ,2784.787714,3900.2465,1115.458786,0.105822439,0,0,FALSE
5,7,same θ varying ξ,2454.009031,3280.352747,826.3437158,0.076455912,0,0,FALSE
5,8,same θ varying ξ,3174.494381,4176.75209,1002.257709,0.088588312,0,0,FALSE
5,9,same θ varying ξ,1877.253288,2643.754804,766.501516,0.089564549,0,0,FALSE
6,0,same θ varying ξ,1481.259469,2039.54133,558.2818617,0.05964828,149.5702604,0.018313222,TRUE
6,1,same θ varying ξ,2101.148753,2932.368375,831.2196218,0.087677694,0,0,FALSE
6,2,same θ varying ξ,3191.61116,4193.824241,1002.213081,0.097719148,0,0,FALSE
6,3,same θ varying ξ,1788.568507,2543.741288,755.172781,0.089124901,0,0,FALSE
6,4,same θ varying ξ,1604.392041,2439.708115,835.3160739,0.10716809,0,0,FALSE
6,5,same θ varying ξ,1978.765416,2753.400475,774.6350585,0.085790338,0,0,FALSE
6,6,same θ varying ξ,2804.748147,3927.728793,1122.980646,0.107795394,0,0,FALSE
6,7,same θ varying ξ,2518.924236,3345.477076,826.5528394,0.077331738,0,0,FALSE
6,8,same θ varying ξ,3193.486752,4202.309032,1008.822281,0.090206641,0,0,FALSE
6,9,same θ varying ξ,1925.159857,2686.734732,761.5748758,0.089478635,0,0,FALSE
7,0,same θ varying ξ,1339.424768,1888.926667,549.501899,0.05742688,163.7605597,0.020123945,TRUE
7,1,same θ varying ξ,1960.925107,2828.676812,867.7517052,0.090109011,0,0,FALSE
7,2,same θ varying ξ,3065.755666,4076.793258,1011.037592,0.097947066,0,0,FALSE
7,3,same θ varying ξ,1670.063253,2436.842637,766.7793831,0.089452675,0,0,FALSE
7,4,same θ varying ξ,1484.485902,2357.069113,872.5832107,0.110766798,0,0,FALSE
7,5,same θ varying ξ,1849.483125,2646.489008,797.0058831,0.086875485,0,0,FALSE
7,6,same θ varying ξ,2673.104343,3821.489435,1148.385092,0.109440634,0,0,FALSE
7,7,same θ varying ξ,2355.934852,3197.139864,841.2050123,0.077661587,0,0,FALSE
7,8,same θ varying ξ,3055.68312,4087.147978,1031.464858,0.091195949,0,0,FALSE
7,9,same θ varying ξ,1822.75167,2608.420428,785.6687586,0.091431783,0,0,FALSE
8,0,same θ varying ξ,1325.425563,1850.924444,525.4988812,0.054559473,171.358963,0.020870845,TRUE
8,1,same θ varying ξ,1947.500976,2810.165373,862.6643967,0.088962723,0,0,FALSE
8,2,same θ varying ξ,3076.224355,4078.725351,1002.500997,0.096413611,0,0,FALSE
8,3,same θ varying ξ,1691.513515,2439.12063,747.6071143,0.086413027,0,0,FALSE
8,4,same θ varying ξ,1482.099292,2340.938509,858.8392169,0.108208519,0,0,FALSE
8,5,same θ varying ξ,1839.157668,2626.086714,786.9290463,0.085356496,0,0,FALSE
8,6,same θ varying ξ,2704.497486,3810.438448,1105.940962,0.104314749,0,0,FALSE
8,7,same θ varying ξ,2354.272214,3168.818128,814.5459143,0.074502025,0,0,FALSE
8,8,same θ varying ξ,3084.205249,4091.405885,1007.200636,0.088401691,0,0,FALSE
8,9,same θ varying ξ,1822.732981,2598.049715,775.3167347,0.08945872,0,0,FALSE
9,0,same θ varying ξ,1459.60211,1956.106772,496.5046625,0.051870665,205.1816482,0.025284028,TRUE
9,1,same θ varying ξ,2059.532335,2890.488155,830.95582,0.086106687,0,0,FALSE
9,2,same θ varying ξ,3159.557892,4141.660233,982.1023406,0.095118564,0,0,FALSE
9,3,same θ varying ξ,1765.543111,2498.741297,733.1981864,0.085312255,0,0,FALSE
9,4,same θ varying ξ,1573.721001,2405.601822,831.8808208,0.105379711,0,0,FALSE
9,5,same θ varying ξ,1945.368232,2700.684189,755.3159573,0.082476229,0,0,FALSE
9,6,same θ varying ξ,2771.828532,3877.362757,1105.534225,0.105005598,0,0,FALSE
9,7,same θ varying ξ,2483.838268,3257.264182,773.4259142,0.071101676,0,0,FALSE
9,8,same θ varying ξ,3165.078231,4158.46505,993.3868195,0.087852208,0,0,FALSE
9,9,same θ varying ξ,1906.394994,2664.82723,758.4322364,0.087623473,0,0,FALSE
10,0,same θ varying ξ,1349.669386,1870.315931,520.6465449,0.054209,203.5833005,0.024977128,TRUE
10,1,same θ varying ξ,1972.227848,2819.585546,847.3576987,0.087690276,0,0,FALSE
10,2,same θ varying ξ,3069.068996,4091.073414,1022.004418,0.09854829,0,0,FALSE
10,3,same θ varying ξ,1673.697753,2449.76838,776.0706265,0.090123585,0,0,FALSE
10,4,same θ varying ξ,1488.2729,2360.483503,872.2106026,0.11028187,0,0,FALSE
10,5,same θ varying ξ,1856.008377,2647.027487,791.0191099,0.085941173,0,0,FALSE
10,6,same θ varying ξ,2676.254813,3814.426881,1138.172068,0.107843621,0,0,FALSE
10,7,same θ varying ξ,2366.600183,3191.673833,825.0736507,0.07573114,0,0,FALSE
10,8,same θ varying ξ,3038.472161,4089.243901,1050.771741,0.092635137,0,0,FALSE
10,9,same θ varying ξ,1832.635554,2614.530564,781.8950102,0.090179278,0,0,FALSE
11,0,same θ varying ξ,1261.500185,1783.279696,521.7795115,0.053515248,243.549292,0.029456186,TRUE
11,1,same θ varying ξ,1892.456349,2761.315368,868.8590189,0.088659197,0,0,FALSE
11,2,same θ varying ξ,3002.30056,4054.217004,1051.916443,0.100358494,0,0,FALSE
11,3,same θ varying ξ,1609.320918,2404.538174,795.2172564,0.091272404,0,0,FALSE
11,4,same θ varying ξ,1418.900211,2308.212788,889.3125769,0.110828753,0,0,FALSE
11,5,same θ varying ξ,1769.177026,2583.774446,814.59742,0.087512475,0,0,FALSE
11,6,same θ varying ξ,2616.848232,3768.272211,1151.423979,0.107938006,0,0,FALSE
11,7,same θ varying ξ,2270.063664,3117.814197,847.7505325,0.076777874,0,0,FALSE
11,8,same θ varying ξ,2959.04123,4051.064707,1092.023476,0.095170531,0,0,FALSE
11,9,same θ varying ξ,1777.515861,2568.245036,790.7291745,0.090422389,0,0,FALSE
12,0,same θ varying ξ,1496.552817,1948.918811,452.3659942,0.048182669,322.0186793,0.040019472,TRUE
12,1,same θ varying ξ,2078.085408,2854.54843,776.4630227,0.082158408,0,0,FALSE
12,2,same θ varying ξ,3176.604073,4099.411917,922.8078434,0.090465254,0,0,FALSE
12,3,same θ varying ξ,1766.128002,2472.774416,706.6464149,0.083840557,0,0,FALSE
12,4,same θ varying ξ,1576.60087,2377.70105,801.1001804,0.103461559,0,0,FALSE
12,5,same θ varying ξ,1973.396944,2679.118533,705.7215884,0.078012954,0,0,FALSE
12,6,same θ varying ξ,2784.321601,3824.230574,1039.908973,0.10034906,0,0,FALSE
12,7,same θ varying ξ,2487.342683,3250.255579,762.9128957,0.071793072,0,0,FALSE
12,8,same θ varying ξ,3182.782844,4103.881266,921.0984218,0.082616962,0,0,FALSE
12,9,same θ varying ξ,1924.861223,2624.110761,699.2495383,0.082622609,0,0,FALSE
13,0,same θ varying ξ,1405.110744,1857.974689,452.8639454,0.047468663,300.8504453,0.036309243,TRUE
13,1,same θ varying ξ,2026.231579,2808.013912,781.7823336,0.081314895,0,0,FALSE
13,2,same θ varying ξ,3152.892734,4109.686553,956.7938192,0.091939631,0,0,FALSE
13,3,same θ varying ξ,1756.3753,2456.569619,700.1943184,0.081222302,0,0,FALSE
13,4,same θ varying ξ,1554.968863,2340.131285,785.162422,0.098970605,0,0,FALSE
13,5,same θ varying ξ,1908.798766,2628.569567,719.7708003,0.078388613,0,0,FALSE
13,6,same θ varying ξ,2786.877538,3818.741849,1031.864311,0.09729832,0,0,FALSE
13,7,same θ varying ξ,2452.121412,3169.871579,717.7501668,0.065938623,0,0,FALSE
13,8,same θ varying ξ,3168.633807,4105.757571,937.123764,0.08240425,0,0,FALSE
13,9,same θ varying ξ,1888.804047,2592.285293,703.4812459,0.081404793,0,0,FALSE
14,0,same θ varying ξ,1532.30795,1892.73942,360.4314709,0.037577854,373.1046232,0.046302813,TRUE
14,1,same θ varying ξ,2101.119108,2834.571456,733.4523478,0.076125049,0,0,FALSE
14,2,same θ varying ξ,3206.851679,4056.274073,849.4223939,0.082660056,0,0,FALSE
14,3,same θ varying ξ,1801.5946,2427.251164,625.6565643,0.073043212,0,0,FALSE
14,4,same θ varying ξ,1607.010809,2357.158858,750.1480492,0.095633962,0,0,FALSE
14,5,same θ varying ξ,1999.48707,2646.628438,647.1413678,0.07057979,0,0,FALSE
14,6,same θ varying ξ,2821.954728,3811.867878,989.9131497,0.094497464,0,0,FALSE
14,7,same θ varying ξ,2536.846733,3176.211307,639.3645744,0.059067584,253.2553465,0.030947855,TRUE
14,8,same θ varying ξ,3236.647665,4065.406164,828.7584986,0.073425252,0,0,FALSE
14,9,same θ varying ξ,1941.080041,2616.909782,675.8297411,0.078616757,0,0,FALSE
15,0,same θ varying ξ,1347.71415,1858.771232,511.0570817,0.052881217,199.2508579,0.024337472,TRUE
15,1,same θ varying ξ,1968.296769,2814.564641,846.2678712,0.08706719,0,0,FALSE
15,2,same θ varying ξ,3077.238214,4072.131564,994.8933505,0.095796459,0,0,FALSE
15,3,same θ varying ξ,1690.629493,2427.88048,737.2509874,0.08526114,0,0,FALSE
15,4,same θ varying ξ,1492.761152,2345.719559,852.9584072,0.107381955,0,0,FALSE
15,5,same θ varying ξ,1850.63939,2629.336788,778.6973982,0.08430929,0,0,FALSE
15,6,same θ varying ξ,2695.066533,3816.03675,1120.970217,0.105888902,0,0,FALSE
15,7,same θ varying ξ,2371.385803,3166.61613,795.2303264,0.072635602,0,0,FALSE
15,8,same θ varying ξ,3057.809746,4080.707454,1022.897708,0.089865759,0,0,FALSE
15,9,same θ varying ξ,1837.470135,2609.563776,772.0936416,0.088849029,0,0,FALSE
16,0,same θ varying ξ,1411.487311,1816.123554,404.636243,0.042376721,453.6488381,0.054844692,TRUE
16,1,same θ varying ξ,2024.428216,2769.511843,745.0836268,0.077523911,111.9199911,0.014173131,TRUE
16,2,same θ varying ξ,3123.786531,4067.292037,943.5055061,0.090641993,0,0,FALSE
16,3,same θ varying ξ,1716.410575,2419.968217,703.557642,0.081672403,0,0,FALSE
16,4,same θ varying ξ,1532.925189,2319.869325,786.9441359,0.099457512,0,0,FALSE
16,5,same θ varying ξ,1906.471367,2603.761378,697.2900117,0.075794233,14.60015095,0.001878863,TRUE
16,6,same θ varying ξ,2737.508972,3787.161379,1049.652407,0.099102623,0,0,FALSE
16,7,same θ varying ξ,2424.607737,3139.570876,714.9631387,0.065773637,30.6672309,0.003758637,TRUE
16,8,same θ varying ξ,3115.139782,4058.217804,943.078022,0.082951076,0,0,FALSE
16,9,same θ varying ξ,1878.471536,2568.883623,690.4120869,0.079946705,0,0,FALSE
17,0,same θ varying ξ,1434.673285,1802.989185,368.3159001,0.037895093,366.3119347,0.044327168,TRUE
17,1,same θ varying ξ,2040.232165,2782.076339,741.8441736,0.075937416,0,0,FALSE
17,2,same θ varying ξ,3160.548643,4058.60167,898.0530273,0.085836801,0,0,FALSE
17,3,same θ varying ξ,1760.862234,2409.931782,649.0695481,0.074481519,0,0,FALSE
17,4,same θ varying ξ,1564.915085,2327.965056,763.0499707,0.095385107,0,0,FALSE
17,5,same θ varying ξ,1930.668791,2604.190309,673.5215173,0.072452467,0,0,FALSE
17,6,same θ varying ξ,2783.263687,3797.110524,1013.846838,0.09506002,0,0,FALSE
17,7,same θ varying ξ,2477.516383,3123.555555,646.0391722,0.058540233,0,0,FALSE
17,8,same θ varying ξ,3168.370269,4054.206339,885.8360699,0.077289543,0,0,FALSE
17,9,same θ varying ξ,1896.008779,2588.543359,692.53458,0.079008284,0,0,FALSE
18,0,same θ varying ξ,1496.714403,2013.032748,516.3183451,0.054955767,208.8069362,0.025744078,TRUE
18,1,same θ varying ξ,2089.468724,2900.106389,810.6376649,0.085319858,0,0,FALSE
18,2,same θ varying ξ,3169.592144,4121.255052,951.6629083,0.093327942,0,0,FALSE
18,3,same θ varying ξ,1781.536678,2496.910464,715.3737855,0.084314683,0,0,FALSE
18,4,same θ varying ξ,1588.966865,2407.27241,818.3055451,0.10547429,0,0,FALSE
18,5,same θ varying ξ,1968.526974,2715.486916,746.9599423,0.082738355,0,0,FALSE
18,6,same θ varying ξ,2799.741857,3889.923072,1090.181214,0.104947486,0,0,FALSE
18,7,same θ varying ξ,2501.997765,3299.441076,797.4433118,0.074771544,0,0,FALSE
18,8,same θ varying ξ,3199.484445,4169.361024,969.8765791,0.086574582,0,0,FALSE
18,9,same θ varying ξ,1919.207757,2652.862897,733.6551393,0.087065374,0,0,FALSE
19,0,same θ varying ξ,1391.393879,1868.945198,477.5513192,0.049360644,259.3748446,0.031392701,TRUE
19,1,same θ varying ξ,2006.144475,2827.963895,821.81942,0.08408722,0,0,FALSE
19,2,same θ varying ξ,3105.055372,4086.90803,981.8526574,0.094014828,0,0,FALSE
19,3,same θ varying ξ,1724.522429,2442.421118,717.8986893,0.082360711,0,0,FALSE
19,4,same θ varying ξ,1527.010086,2355.10927,828.0991834,0.103816478,0,0,FALSE
19,5,same θ varying ξ,1887.958133,2642.805261,754.8471285,0.081653674,0,0,FALSE
19,6,same θ varying ξ,2732.812773,3852.31991,1119.507137,0.105143902,0,0,FALSE
19,7,same θ varying ξ,2412.823805,3195.598653,782.7748482,0.071138202,0,0,FALSE
19,8,same θ varying ξ,3118.638164,4119.506903,1000.868739,0.087326573,0,0,FALSE
19,9,same θ varying ξ,1852.154765,2611.086717,758.9319516,0.087400619,0,0,FALSE
20,0,same θ varying ξ,1419.129717,1849.468036,430.338319,0.044860705,330.1000428,0.040436296,TRUE
20,1,same θ varying ξ,2027.425924,2800.61589,773.1899662,0.080181258,0,0,FALSE
20,2,same θ varying ξ,3133.024873,4064.407233,931.3823598,0.089954592,0,0,FALSE
20,3,same θ varying ξ,1732.282291,2427.941418,695.6591267,0.080870427,0,0,FALSE
20,4,same θ varying ξ,1539.509838,2339.081278,799.5714403,0.101283776,0,0,FALSE
20,5,same θ varying ξ,1918.023136,2624.617629,706.5944931,0.076814899,0,0,FALSE
20,6,same θ varying ξ,2744.34079,3796.0506,1051.709809,0.099771524,0,0,FALSE
20,7,same θ varying ξ,2437.769241,3163.134443,725.3652017,0.066740134,0,0,FALSE
20,8,same θ varying ξ,3137.613561,4063.256219,925.6426576,0.081606753,0,0,FALSE
20,9,same θ varying ξ,1877.439645,2592.331093,714.8914476,0.082816425,0,0,FALSE
21,0,same θ varying ξ,1464.258082,1816.785615,352.5275335,0.036820646,415.3209973,0.050586085,TRUE
21,1,same θ varying ξ,2048.160112,2767.04595,718.8858378,0.07470042,0,0,FALSE
21,2,same θ varying ξ,3185.938908,4032.615732,846.6768234,0.081692093,0,0,FALSE
21,3,same θ varying ξ,1771.210962,2390.966177,619.755215,0.072171058,0,0,FALSE
21,4,same θ varying ξ,1571.104852,2310.573164,739.4683118,0.093807918,0,0,FALSE
21,5,same θ varying ξ,1951.279087,2593.369714,642.090627,0.069784326,0,0,FALSE
21,6,same θ varying ξ,2806.133788,3776.310131,970.1763429,0.091996682,0,0,FALSE
21,7,same θ varying ξ,2476.563707,3130.405459,653.841752,0.060294535,0,0,FALSE
21,8,same θ varying ξ,3212.807071,4034.631792,821.8247207,0.072506426,0,0,FALSE
21,9,same θ varying ξ,1912.801456,2568.275804,655.4743487,0.076128249,0,0,FALSE
22,0,same θ varying ξ,1415.912091,1864.447021,448.5349307,0.046775435,279.7616965,0.034038009,TRUE
22,1,same θ varying ξ,2036.468961,2807.280892,770.8119309,0.079772006,0,0,FALSE
22,2,same θ varying ξ,3144.617297,4054.99404,910.3767433,0.087900543,0,0,FALSE
22,3,same θ varying ξ,1756.125848,2418.690793,662.564945,0.076755515,0,0,FALSE
22,4,same θ varying ξ,1561.807025,2341.07953,779.2725058,0.098602982,0,0,FALSE
22,5,same θ varying ξ,1921.130584,2627.948504,706.8179203,0.076872414,0,0,FALSE
22,6,same θ varying ξ,2777.19718,3825.044392,1047.847212,0.099347437,0,0,FALSE
22,7,same θ varying ξ,2457.899931,3169.667351,711.7674203,0.065431836,0,0,FALSE
22,8,same θ varying ξ,3177.590949,4083.527833,905.9368843,0.079585539,0,0,FALSE
22,9,same θ varying ξ,1878.8345,2588.643552,709.8090524,0.082652063,0,0,FALSE
23,0,same θ varying ξ,1431.064499,1876.629967,445.5654678,0.046532006,294.1137253,0.035324425,TRUE
23,1,same θ varying ξ,2055.61747,2820.789965,765.1724955,0.079151983,0,0,FALSE
23,2,same θ varying ξ,3173.525116,4114.556991,941.0318749,0.090232554,0,0,FALSE
23,3,same θ varying ξ,1775.433201,2456.896974,681.4637727,0.078636914,0,0,FALSE
23,4,same θ varying ξ,1585.339362,2353.442441,768.1030792,0.096387552,0,0,FALSE
23,5,same θ varying ξ,1936.106688,2643.198166,707.0914775,0.076824119,0,0,FALSE
23,6,same θ varying ξ,2802.19514,3848.739173,1046.544033,0.098499798,0,0,FALSE
23,7,same θ varying ξ,2483.583972,3184.205502,700.6215298,0.064054907,0,0,FALSE
23,8,same θ varying ξ,3205.245406,4126.439433,921.1940273,0.080648126,0,0,FALSE
23,9,same θ varying ξ,1902.680236,2603.577258,700.8970222,0.080989023,0,0,FALSE
24,0,same θ varying ξ,1340.238005,1917.10619,576.8681844,0.060407411,111.2647031,0.013450613,TRUE
24,1,same θ varying ξ,1985.631601,2847.578543,861.9469423,0.089366692,0,0,FALSE
24,2,same θ varying ξ,3109.167469,4132.976087,1023.808618,0.098493343,0,0,FALSE
24,3,same θ varying ξ,1711.889412,2472.173823,760.2844118,0.088137403,0,0,FALSE
24,4,same θ varying ξ,1518.424736,2377.33303,858.9082941,0.108150681,0,0,FALSE
24,5,same θ varying ξ,1863.970263,2670.861614,806.891351,0.087904665,0,0,FALSE
24,6,same θ varying ξ,2729.288753,3869.781667,1140.492914,0.10779724,0,0,FALSE
24,7,same θ varying ξ,2398.64215,3221.214198,822.5720476,0.075457593,0,0,FALSE
24,8,same θ varying ξ,3116.623109,4143.93983,1027.316721,0.090364213,0,0,FALSE
24,9,same θ varying ξ,1844.493898,2630.521775,786.027877,0.09090949,0,0,FALSE
25,0,same θ varying ξ,1401.354476,1899.147315,497.7928385,0.051800373,227.8315664,0.027691331,TRUE
25,1,same θ varying ξ,2019.915216,2843.140612,823.2253952,0.084846491,0,0,FALSE
25,2,same θ varying ξ,3128.810378,4109.99109,981.1807128,0.094300882,0,0,FALSE
25,3,same θ varying ξ,1727.614255,2457.914783,730.3005276,0.084426005,0,0,FALSE
25,4,same θ varying ξ,1543.521822,2371.396506,827.8746841,0.104237697,0,0,FALSE
25,5,same θ varying ξ,1902.147922,2662.044974,759.8970517,0.082538844,0,0,FALSE
25,6,same θ varying ξ,2742.025853,3861.43287,1119.407017,0.105662493,0,0,FALSE
25,7,same θ varying ξ,2435.458767,3217.439273,781.9805056,0.071507001,0,0,FALSE
25,8,same θ varying ξ,3133.565083,4128.084717,994.5196339,0.087350399,0,0,FALSE
25,9,same θ varying ξ,1868.280965,2628.757662,760.4766971,0.087723295,0,0,FALSE
26,0,same θ varying ξ,1374.101594,1910.278603,536.1770093,0.056682227,226.8940931,0.027415194,TRUE
26,1,same θ varying ξ,2005.672575,2836.593067,830.9204919,0.086817702,0,0,FALSE
26,2,same θ varying ξ,3135.002551,4131.040224,996.0376734,0.095967602,0,0,FALSE
26,3,same θ varying ξ,1732.472792,2475.085772,742.6129792,0.086647613,0,0,FALSE
26,4,same θ varying ξ,1533.674859,2355.604063,821.9292033,0.104066932,0,0,FALSE
26,5,same θ varying ξ,1889.290088,2660.341504,771.051416,0.084489723,0,0,FALSE
26,6,same θ varying ξ,2762.69929,3853.763823,1091.064533,0.103609292,0,0,FALSE
26,7,same θ varying ξ,2422.504173,3235.477278,812.9731052,0.075290733,0,0,FALSE
26,8,same θ varying ξ,3160.199693,4127.405338,967.205645,0.085353877,0,0,FALSE
26,9,same θ varying ξ,1862.990965,2600.182745,737.1917801,0.0863646,0,0,FALSE
27,0,same θ varying ξ,1410.245074,1946.388244,536.1431693,0.056507374,228.2167699,0.027814071,TRUE
27,1,same θ varying ξ,2029.123955,2871.973763,842.8498077,0.08778781,0,0,FALSE
27,2,same θ varying ξ,3134.40752,4153.221028,1018.813508,0.098266272,0,0,FALSE
27,3,same θ varying ξ,1725.252797,2496.58305,771.3302534,0.090016016,0,0,FALSE
27,4,same θ varying ξ,1542.247845,2387.777761,845.5299161,0.107161626,0,0,FALSE
27,5,same θ varying ξ,1908.609852,2692.242403,783.6325512,0.085840313,0,0,FALSE
27,6,same θ varying ξ,2744.921794,3878.031357,1133.109563,0.107614717,0,0,FALSE
27,7,same θ varying ξ,2434.738355,3273.541652,838.8032974,0.077507945,0,0,FALSE
27,8,same θ varying ξ,3129.09971,4153.427423,1024.327714,0.090621637,0,0,FALSE
27,9,same θ varying ξ,1876.26836,2640.908414,764.6400536,0.089010477,0,0,FALSE
28,0,same θ varying ξ,1515.765331,1911.581492,395.8161612,0.041615895,370.9529537,0.045487037,TRUE
28,1,same θ varying ξ,2100.188905,2843.689871,743.5009661,0.077502722,0,0,FALSE
28,2,same θ varying ξ,3210.153554,4100.442075,890.2885203,0.086215379,0,0,FALSE
28,3,same θ varying ξ,1802.689868,2457.696766,655.0068974,0.076528926,0,0,FALSE
28,4,same θ varying ξ,1607.112107,2370.13042,763.0183123,0.097090178,0,0,FALSE
28,5,same θ varying ξ,1991.364844,2664.820853,673.4560091,0.073666902,0,0,FALSE
28,6,same θ varying ξ,2826.401299,3843.458507,1017.057208,0.096896893,0,0,FALSE
28,7,same θ varying ξ,2532.647414,3226.656068,694.0086536,0.06424615,0,0,FALSE
28,8,same θ varying ξ,3226.639554,4110.05336,883.4138061,0.07822792,0,0,FALSE
28,9,same θ varying ξ,1944.695383,2619.510834,674.8154514,0.07869351,0,0,FALSE
29,0,same θ varying ξ,1360.309948,1800.984769,440.6748211,0.045209253,306.0120128,0.037274162,TRUE
29,1,same θ varying ξ,1977.036755,2778.224138,801.1873833,0.081890957,0,0,FALSE
29,2,same θ varying ξ,3066.756683,4046.060199,979.303516,0.09387114,0,0,FALSE
29,3,same θ varying ξ,1674.551591,2402.026505,727.4749136,0.083652027,0,0,FALSE
29,4,same θ varying ξ,1491.54762,2319.601625,828.0540051,0.103576509,0,0,FALSE
29,5,same θ varying ξ,1855.830218,2595.985762,740.1555438,0.079606364,0,0,FALSE
29,6,same θ varying ξ,2675.54115,3776.11745,1100.5763,0.10355872,0,0,FALSE
29,7,same θ varying ξ,2366.902108,3119.77019,752.868082,0.068317161,0,0,FALSE
29,8,same θ varying ξ,3043.770757,4039.322244,995.5514863,0.086965575,0,0,FALSE
29,9,same θ varying ξ,1833.50524,2580.685952,747.1807129,0.085514224,0,0,FALSE
30,0,same θ varying ξ,1602.346332,1931.788117,329.4417847,0.0348652,418.2579742,0.052403651,TRUE
30,1,same θ varying ξ,2149.336558,2839.203298,689.8667404,0.072851889,0,0,FALSE
30,2,same θ varying ξ,3274.894705,4098.031969,823.137264,0.080778619,0,0,FALSE
30,3,same θ varying ξ,1850.052576,2467.776837,617.7242612,0.073435931,0,0,FALSE
30,4,same θ varying ξ,1658.519935,2366.283168,707.7632329,0.091141315,0,0,FALSE
30,5,same θ varying ξ,2059.353241,2664.464783,605.1115414,0.06667824,0,0,FALSE
30,6,same θ varying ξ,2884.977153,3786.622191,901.6450381,0.086973058,0,0,FALSE
30,7,same θ varying ξ,2597.443168,3220.835254,623.3920855,0.058496053,0,0,FALSE
30,8,same θ varying ξ,3296.895321,4071.335934,774.4406125,0.06962958,0,0,FALSE
30,9,same θ varying ξ,1997.792471,2629.972832,632.180361,0.074068943,0,0,FALSE
31,0,same θ varying ξ,1394.370046,1892.492735,498.1226883,0.052123592,218.4792822,0.026570795,TRUE
31,1,same θ varying ξ,2014.863769,2827.542305,812.6785356,0.084196906,0,0,FALSE
31,2,same θ varying ξ,3137.629242,4081.621219,943.9919767,0.091044783,0,0,FALSE
31,3,same θ varying ξ,1731.979617,2438.466569,706.4869521,0.081955678,0,0,FALSE
31,4,same θ varying ξ,1540.045499,2358.014084,817.9685841,0.103606369,0,0,FALSE
31,5,same θ varying ξ,1905.511922,2651.093248,745.5813261,0.081258828,0,0,FALSE
31,6,same θ varying ξ,2761.127242,3852.3013,1091.174058,0.103438968,0,0,FALSE
31,7,same θ varying ξ,2430.480081,3208.845138,778.3650567,0.071637904,0,0,FALSE
31,8,same θ varying ξ,3158.865337,4106.992589,948.1272514,0.083437655,0,0,FALSE
31,9,same θ varying ξ,1870.074654,2608.234066,738.1594112,0.085941372,0,0,FALSE
32,0,same θ varying ξ,1383.99025,1899.344756,515.3545068,0.054235553,207.303346,0.025210157,TRUE
32,1,same θ varying ξ,2005.141614,2832.666229,827.5246156,0.086420958,0,0,FALSE
32,2,same θ varying ξ,3127.736416,4111.855673,984.119257,0.095141596,0,0,FALSE
32,3,same θ varying ξ,1732.6595,2466.162247,733.5027466,0.085443346,0,0,FALSE
32,4,same θ varying ξ,1534.8457,2361.140975,826.2952757,0.104801831,0,0,FALSE
32,5,same θ varying ξ,1893.608574,2653.722367,760.1137931,0.083120773,0,0,FALSE
32,6,same θ varying ξ,2757.572913,3842.716066,1085.143152,0.102865495,0,0,FALSE
32,7,same θ varying ξ,2424.997233,3195.547532,770.5502997,0.071134948,0,0,FALSE
32,8,same θ varying ξ,3146.214824,4120.270173,974.0553488,0.086034022,0,0,FALSE
32,9,same θ varying ξ,1872.901269,2614.167783,741.2665142,0.086133138,0,0,FALSE
33,0,same θ varying ξ,1383.860487,1920.637216,536.7767283,0.056585867,156.627394,0.019113534,TRUE
33,1,same θ varying ξ,2009.997489,2850.182098,840.1846097,0.087720463,0,0,FALSE
33,2,same θ varying ξ,3122.845141,4127.104593,1004.259452,0.097053562,0,0,FALSE
33,3,same θ varying ξ,1735.655541,2478.430235,742.7746934,0.086732293,0,0,FALSE
33,4,same θ varying ξ,1531.127179,2373.687398,842.5602189,0.107052745,0,0,FALSE
33,5,same θ varying ξ,1891.819777,2671.229329,779.4095519,0.085370553,0,0,FALSE
33,6,same θ varying ξ,2755.045679,3854.187027,1099.141348,0.104377675,0,0,FALSE
33,7,same θ varying ξ,2425.81299,3235.728282,809.9152917,0.074921431,0,0,FALSE
33,8,same θ varying ξ,3139.176434,4132.14881,992.9723767,0.087907002,0,0,FALSE
33,9,same θ varying ξ,1864.735143,2626.936142,762.2009982,0.088717028,0,0,FALSE
34,0,same θ varying ξ,1436.028193,1858.824335,422.7961424,0.044286012,328.4204251,0.040205773,TRUE
34,1,same θ varying ξ,2030.820303,2799.547987,768.7276833,0.08003841,0,0,FALSE
34,2,same θ varying ξ,3155.639084,4066.77228,911.1331956,0.088100669,0,0,FALSE
34,3,same θ varying ξ,1742.233584,2424.075574,681.8419893,0.079659889,0,0,FALSE
34,4,same θ varying ξ,1553.783509,2336.225376,782.4418668,0.099402121,0,0,FALSE
34,5,same θ varying ξ,1924.230144,2623.91111,699.6809662,0.076278017,0,0,FALSE
34,6,same θ varying ξ,2771.106548,3796.875496,1025.768949,0.097559891,0,0,FALSE
34,7,same θ varying ξ,2449.542133,3173.940505,724.3983718,0.066969327,0,0,FALSE
34,8,same θ varying ξ,3157.427804,4066.250927,908.8231221,0.080427906,0,0,FALSE
34,9,same θ varying ξ,1895.39433,2591.663941,696.2696111,0.080985715,0,0,FALSE
35,0,same θ varying ξ,1532.745517,1974.792732,442.0472146,0.047088098,292.0625819,0.036223168,TRUE
35,1,same θ varying ξ,2110.824086,2878.266764,767.4426783,0.081159068,0,0,FALSE
35,2,same θ varying ξ,3223.886464,4123.498087,899.6116228,0.088191305,0,0,FALSE
35,3,same θ varying ξ,1813.640338,2492.127155,678.486817,0.080501539,0,0,FALSE
35,4,same θ varying ξ,1617.164453,2390.438646,773.2741927,0.099716465,0,0,FALSE
35,5,same θ varying ξ,2009.313812,2694.183051,684.869239,0.075771688,0,0,FALSE
35,6,same θ varying ξ,2840.482523,3844.137014,1003.654491,0.096767332,0,0,FALSE
35,7,same θ varying ξ,2542.850372,3269.492694,726.6423221,0.068308868,0,0,FALSE
35,8,same θ varying ξ,3250.74091,4130.780905,880.039995,0.078975658,0,0,FALSE
35,9,same θ varying ξ,1951.030501,2642.156166,691.1256651,0.081532648,0,0,FALSE
36,0,same θ varying ξ,1301.042461,1810.846652,509.8041914,0.052760225,258.9944014,0.03159141,TRUE
36,1,same θ varying ξ,1925.994766,2772.984919,846.990153,0.08746105,7.123762887,0.00090611,TRUE
36,2,same θ varying ξ,3030.454886,4050.709073,1020.254187,0.098293778,0,0,FALSE
36,3,same θ varying ξ,1631.352264,2399.971244,768.6189795,0.089276812,0,0,FALSE
36,4,same θ varying ξ,1449.557134,2308.878184,859.3210497,0.108058651,0,0,FALSE
36,5,same θ varying ξ,1805.25455,2588.872853,783.6183027,0.08473434,0,0,FALSE
36,6,same θ varying ξ,2630.588385,3759.416283,1128.827897,0.106878965,0,0,FALSE
36,7,same θ varying ξ,2314.464404,3113.288442,798.8240379,0.073170139,0,0,FALSE
36,8,same θ varying ξ,2985.000773,4027.232746,1042.231972,0.091715675,0,0,FALSE
36,9,same θ varying ξ,1806.125798,2572.902173,766.7763756,0.088363774,0,0,FALSE
37,0,same θ varying ξ,1470.573576,1918.07595,447.5023734,0.047065229,269.6890155,0.033570052,TRUE
37,1,same θ varying ξ,2051.802629,2839.267102,787.4644729,0.082357078,0,0,FALSE
37,2,same θ varying ξ,3153.440704,4085.158448,931.7177433,0.090877818,0,0,FALSE
37,3,same θ varying ξ,1756.968665,2461.844206,704.8755412,0.083009876,0,0,FALSE
37,4,same θ varying ξ,1567.656094,2362.29417,794.6380768,0.101713636,0,0,FALSE
37,5,same θ varying ξ,1945.013177,2658.235755,713.2225782,0.078270817,0,0,FALSE
37,6,same θ varying ξ,2773.158842,3804.38151,1031.222669,0.098937835,0,0,FALSE
37,7,same θ varying ξ,2464.464589,3227.614254,763.1496644,0.071109304,0,0,FALSE
37,8,same θ varying ξ,3161.868587,4095.715901,933.8473143,0.083244656,0,0,FALSE
37,9,same θ varying ξ,1896.685483,2616.749671,720.0641878,0.084417491,0,0,FALSE
38,0,same θ varying ξ,1489.486639,1987.83061,498.3439705,0.052931219,204.3913544,0.025056944,TRUE
38,1,same θ varying ξ,2086.0257,2886.196595,800.1708948,0.084061828,0,0,FALSE
38,2,same θ varying ξ,3212.246893,4137.588314,925.3414202,0.090193927,0,0,FALSE
38,3,same θ varying ξ,1813.259902,2494.723404,681.4635019,0.080199567,0,0,FALSE
38,4,same θ varying ξ,1611.243985,2399.660192,788.4162074,0.10093421,0,0,FALSE
38,5,same θ varying ξ,1978.33638,2706.597306,728.2609257,0.080340345,0,0,FALSE
38,6,same θ varying ξ,2844.159564,3886.184015,1042.024451,0.099971767,0,0,FALSE
38,7,same θ varying ξ,2526.733787,3287.245625,760.5118385,0.071019742,0,0,FALSE
38,8,same θ varying ξ,3252.832391,4157.23538,904.4029889,0.080561579,0,0,FALSE
38,9,same θ varying ξ,1929.607939,2646.343019,716.7350803,0.084461709,0,0,FALSE
39,0,same θ varying ξ,1554.439323,2061.708732,507.2694086,0.054158493,168.4377497,0.020818006,TRUE
39,1,same θ varying ξ,2146.277372,2941.086731,794.8093595,0.083991026,0,0,FALSE
39,2,same θ varying ξ,3258.709753,4175.060684,916.350931,0.090037959,0,0,FALSE
39,3,same θ varying ξ,1849.886425,2535.864931,685.9785058,0.081318892,0,0,FALSE
39,4,same θ varying ξ,1659.101979,2447.499804,788.3978252,0.101706115,0,0,FALSE
39,5,same θ varying ξ,2034.978122,2757.891951,722.9138291,0.080225389,0,0,FALSE
39,6,same θ varying ξ,2878.478755,3921.725125,1043.24637,0.100708268,0,0,FALSE
39,7,same θ varying ξ,2594.745026,3340.826616,746.0815903,0.070057331,0,0,FALSE
39,8,same θ varying ξ,3292.115792,4201.022218,908.9064253,0.081660102,0,0,FALSE
39,9,same θ varying ξ,1972.725664,2700.07246,727.3467964,0.085677899,0,0,FALSE
