mode,error_feas,error_opt
one,1.73E-09,0.266670915
one,7.97E-13,0.189804858
one,0.000230733,0.177742237
one,2.34E-14,0.197104843
one,1.80E-12,0.231268939
one,1.05E-09,0.213687924
one,3.64E-11,0.190518878
one,0.000806166,0.176047634
one,8.71E-13,0.179815773
one,1.51E-09,0.188322216
one,2.21E-14,0.117709345
one,4.38E-10,0.190723592
one,1.19E-13,0.147249683
one,4.82E-13,0.182642501
one,6.16E-11,0.13567949
one,1.75E-13,0.162885845
one,6.96E-11,0.164938895
one,3.28E-12,0.131329291
one,1.26E-09,0.219013462
one,3.89E-09,0.220152425
one,9.73E-10,0.17897101
one,1.28E-12,0.136632265
one,3.61E-12,0.200462386
one,5.48E-09,0.127336693
one,3.49E-10,0.113632399
one,1.63E-13,0.087204098
one,7.10E-10,0.095064641
one,2.14E-08,0.197810031
one,2.76E-12,0.143962875
one,5.75E-10,0.09133073
one,2.46E-12,0.147936488
one,1.26E-15,0.244908529
one,7.52E-10,0.116055793
one,2.15E-11,0.153760369
one,6.07E-10,0.226964774
one,0.002204116,0.247496722
one,1.11E-13,0.172636229
one,1.29E-09,0.183377048
one,4.66E-13,0.125743336
one,4.42E-11,0.323670984
one,2.26E-15,0.218463059
one,3.30E-10,0.232176379
one,1.29E-11,0.184363176
one,0.000242437,0.277524616
one,2.09E-12,0.215611549
one,8.40E-11,0.165261877
one,3.43E-14,0.28619884
one,8.44E-11,0.166067803
one,7.29E-13,0.269700626
one,5.59E-13,0.161184034
one,1.01E-13,0.185995443
one,5.92E-09,0.300574728
one,3.89E-10,0.187394294
one,1.31E-13,0.169814277
one,7.69E-10,0.189727569
one,4.68E-12,0.131082469
one,8.33E-15,0.15844384
one,8.74E-10,0.254408037
one,9.18E-13,0.138564846
one,2.20E-09,0.170128978
one,1.69E-07,0.143797478
one,0.000208756,0.179924987
one,2.12E-09,0.169297135
one,5.88E-10,0.188713424
one,5.58E-10,0.220098258
one,2.55E-09,0.197570828
one,8.68E-09,0.152607045
one,2.13E-09,0.170053734
one,2.63E-09,0.154721131
one,0.001492847,0.200189983
one,4.11E-11,0.261769268
one,1.39E-10,0.206112725
one,1.56E-09,0.147402164
one,2.02E-11,0.215361974
one,9.65E-12,0.219365057
one,1.05E-09,0.184085075
one,1.62E-10,0.21751133
one,1.23E-10,0.215214305
one,8.53E-11,0.168671983
one,7.90E-11,0.196621898
one,5.21E-12,0.167767538
one,4.25E-10,0.181469815
one,8.49E-10,0.211011129
one,3.38E-10,0.211273951
one,1.18E-11,0.273509571
one,2.92E-12,0.222185403
one,4.05E-12,0.226761398
one,2.50E-11,0.165747147
one,6.76E-10,0.158951177
one,1.03E-10,0.135891859
one,2.22E-12,0.152689665
one,2.45E-10,0.235801876
one,3.94E-11,0.167607471
one,4.34E-11,0.255497242
one,2.60E-10,0.287728151
one,1.17E-12,0.159211662
one,2.37E-10,0.218877881
one,2.66E-09,0.251309252
one,4.22E-11,0.211052946
one,4.78E-10,0.22018412
one,9.07E-14,0.127948203
one,3.71E-10,0.163869499
one,2.81E-12,0.147093712
one,5.44E-10,0.229353792
one,2.91E-11,0.223616569
one,3.96E-12,0.272416419
one,1.09E-09,0.101444747
one,1.10E-10,0.202528369
one,4.33E-13,0.204143079
one,1.78E-10,0.223435276
one,1.67E-15,0.16811784
one,7.73E-11,0.175670698
one,5.58E-11,0.189671209
one,8.59E-12,0.129122176
one,1.44E-13,0.175557061
one,5.36E-14,0.0915021
one,6.03E-12,0.138838737
one,2.13E-12,0.14794795
one,9.06E-13,0.132520312
one,4.66E-11,0.178495438
one,8.85E-16,0.066567905
one,5.20E-10,0.113985665
one,2.10E-11,0.131131562
one,4.03E-13,0.119401896
one,1.86E-13,0.105104015
one,1.04E-09,0.137071707
one,4.97E-10,0.193722183
one,1.28E-10,0.165846493
one,1.44E-10,0.16288673
one,1.45E-10,0.113055195
one,0.000449731,0.201912076
one,2.76E-10,0.150421729
one,7.19E-12,0.169968502
one,1.28E-12,0.16155898
one,3.22E-11,0.115493535
one,2.49E-11,0.146845621
one,4.05E-10,0.140204988
one,1.61E-10,0.172925532
one,1.84E-11,0.150268836
one,9.88E-13,0.229921911
one,6.01E-11,0.294583925
one,6.03E-15,0.236115213
one,1.50E-13,0.124693039
one,3.19E-12,0.172199875
one,6.56E-10,0.128250181
one,6.09E-10,0.18732397
one,5.58E-10,0.195289308
one,1.48E-10,0.167097309
one,1.01E-12,0.20982097
one,1.94E-10,0.237039524
one,5.61E-10,0.15361084
one,1.29E-13,0.168160673
one,1.31E-09,0.170970798
one,2.04E-09,0.177951417
one,2.76E-12,0.265010142
one,1.62E-09,0.20388555
one,1.30E-09,0.218026355
one,6.21E-13,0.186238915
one,2.26E-11,0.180156702
one,4.55E-11,0.187693976
one,1.31E-12,0.231243451
one,6.63E-10,0.198583733
one,1.24E-11,0.215493767
one,4.44E-10,0.200291286
one,4.87E-14,0.20342251
one,1.24E-12,0.203494073
one,4.92E-13,0.235662419
one,7.67E-09,0.18673915
one,5.44E-13,0.130612481
one,6.96E-10,0.169436293
one,8.64E-14,0.144118973
one,5.69E-11,0.22114816
one,1.10E-11,0.285323138
one,9.31E-13,0.20514379
one,4.86E-13,0.221406834
one,2.18E-10,0.232090815
one,1.41E-09,0.177716815
one,2.11E-09,0.219783596
one,1.78E-12,0.220919173
one,1.11E-13,0.199303488
one,6.12E-08,0.234729312
one,6.20E-14,0.229967386
one,2.29E-12,0.16087917
one,6.38E-11,0.187346179
one,3.84E-10,0.241659685
one,7.77E-12,0.15612204
one,5.24E-14,0.157834514
one,2.01E-12,0.184983357
one,1.34E-09,0.298709438
one,5.64E-13,0.159249958
one,4.24E-11,0.229685384
one,2.30E-10,0.166097624
one,2.92E-09,0.175559736
one,5.29E-08,0.17069499
one,0.000320721,0.170019767
one,4.07E-13,0.145284096
one,3.93E-10,0.164203744
one,1.61E-10,0.162240468
one,1.77E-11,0.142025598
one,0.001052513,0.147149707
one,2.88E-12,0.187524245
one,2.74E-10,0.175741326
one,7.89E-12,0.156949036
one,1.97E-10,0.217744672
one,7.39E-13,0.187972891
one,3.37E-11,0.154429821
one,4.56E-11,0.370043381
one,5.02E-12,0.221332353
one,2.16E-12,0.182833139
one,9.57E-14,0.114985353
one,4.14E-14,0.214209034
one,3.54E-10,0.178518902
one,2.39E-13,0.186900952
one,1.72E-12,0.161451002
one,1.81E-10,0.112776897
one,4.02E-12,0.193323009
one,7.46E-11,0.131063416
one,1.00E-13,0.149349139
one,8.11E-05,0.235447277
one,7.67E-13,0.147569281
one,0.00068973,0.175136381
one,5.11E-10,0.276699222
one,2.36E-09,0.155464137
one,1.68E-14,0.192958986
one,1.05E-10,0.127705997
one,5.01E-13,0.303446033
one,1.59E-13,0.143060341
one,1.80E-12,0.212848405
one,7.30E-11,0.240786045
one,5.79E-14,0.181859012
one,3.17E-10,0.215412907
one,3.76E-11,0.130385379
one,6.53E-10,0.170333218
one,2.53E-11,0.160888171
one,3.39E-12,0.218587936
one,8.73E-12,0.18356222
one,1.93E-11,0.170185076
one,1.13E-09,0.201020849
one,5.57E-12,0.203508373
one,9.08E-11,0.233349544
one,3.66E-15,0.20930045
one,4.71E-11,0.198462603
one,6.34E-10,0.168444938
one,7.79E-11,0.233537725
one,3.20E-10,0.150708685
one,3.29E-11,0.199627372
one,3.77E-11,0.18745397
one,6.99E-10,0.179914386
one,6.13E-10,0.229374384
one,5.03E-11,0.104709625
one,2.34E-10,0.124920261
one,7.43E-10,0.134897557
one,8.51E-12,0.189330881
one,9.88E-11,0.223306038
one,5.78E-12,0.203037423
one,1.58E-11,0.178835962
one,4.23E-10,0.144635051
one,3.67E-11,0.235067274
one,1.41E-10,0.160366022
one,6.10E-12,0.205375276
one,7.72E-11,0.198155926
one,1.32E-12,0.116089955
one,3.04E-14,0.188241298
one,1.09E-12,0.146348771
one,9.37E-13,0.096530138
one,4.30E-10,0.146393131
one,2.02E-10,0.193468188
one,2.09E-11,0.159842844
one,8.75E-11,0.180652382
one,1.61E-11,0.147320491
one,2.09E-11,0.189349125
one,6.21E-15,0.10769969
one,3.01E-10,0.161443198
one,3.35E-14,0.104027087
one,1.76E-13,0.175446277
one,9.80E-12,0.08947702
one,1.25E-12,0.137913845
one,2.27E-14,0.252726957
one,5.60E-13,0.11502323
one,2.23E-14,0.057394278
one,2.24E-13,0.206487852
one,4.02E-12,0.144721713
one,1.50E-13,0.178607141
one,5.43E-11,0.167313273
one,2.74E-10,0.22193849
one,1.24E-13,0.255468371
one,1.18E-12,0.187573317
one,7.48E-10,0.195440573
one,5.47E-12,0.28166809
one,2.58E-12,0.220871982
one,2.33E-11,0.194592872
one,1.76E-09,0.152636502
one,1.41E-14,0.146270025
one,5.00E-10,0.175358517
one,4.23E-11,0.130189993
one,2.86E-12,0.157428395
one,5.11E-09,0.228750493
one,9.62E-12,0.151929412
one,2.15E-11,0.20689648
one,1.92E-11,0.214985359
one,3.17E-10,0.14657031
one,1.18E-11,0.262979486
one,5.28E-10,0.151821231
one,1.13E-09,0.127617895
one,1.85E-10,0.141724131
one,2.09E-11,0.188606109
one,5.18E-12,0.18210667
one,6.73E-11,0.144486621
one,2.25E-09,0.187349635
one,3.07E-11,0.125809366
one,3.84E-11,0.160915714
one,1.32E-09,0.194389843
one,1.87E-10,0.148150025
one,3.06E-10,0.234704839
one,3.06E-10,0.209812492
one,2.03E-11,0.122726904
one,1.05E-08,0.224782478
one,8.31E-11,0.201718083
one,1.23E-09,0.149810146
one,1.44E-10,0.142984611
one,3.39E-10,0.144353192
one,7.30E-14,0.180697582
one,3.65E-10,0.202758821
one,8.63E-10,0.196735665
one,2.80E-10,0.156311632
one,1.70E-10,0.159081197
one,5.30E-11,0.162874577
one,3.04E-12,0.14344048
one,5.19E-10,0.19826002
one,6.39E-09,0.203350149
one,2.82E-10,0.166595355
one,1.25E-10,0.1511201
one,2.78E-11,0.177184813
one,2.11E-10,0.16670016
one,2.02E-12,0.130551563
one,3.95E-14,0.242677684
one,1.29E-11,0.174974664
one,2.37E-10,0.120534239
one,2.17E-13,0.136456734
one,8.92E-10,0.185124305
one,1.85E-09,0.177065776
one,1.00E-10,0.1040704
one,7.46E-11,0.174920066
one,1.58E-10,0.13653722
one,6.71E-12,0.180194421
one,8.97E-10,0.137742765
one,1.09E-09,0.162196845
one,1.25E-09,0.163218447
one,2.51E-13,0.145417756
one,1.11E-10,0.139434091
one,5.62E-10,0.073351089
one,5.88E-10,0.170810954
one,3.38E-11,0.160339799
one,1.23E-12,0.175840841
one,8.25E-10,0.194548015
one,4.10E-10,0.175290511
one,3.43E-10,0.125985747
one,1.59E-11,0.228034212
one,1.88E-12,0.11298774
one,7.85E-10,0.14706179
one,1.04E-14,0.078371041
one,4.70E-14,0.114015027
one,3.31E-13,0.159932187
one,8.13E-12,0.130825148
one,6.63E-12,0.122348238
one,1.20E-15,0.128595092
one,1.54E-11,0.226641843
one,3.80E-11,0.097473438
one,1.99E-10,0.092618472
one,1.21E-09,0.17694681
one,2.55E-11,0.250745706
one,1.72E-12,0.18004435
one,2.24E-11,0.163928568
one,4.88E-11,0.15976129
one,1.05E-11,0.149602196
one,3.42E-11,0.189372109
one,1.63E-09,0.186678727
one,5.75E-10,0.191436167
one,3.20E-11,0.165401304
one,4.47E-13,0.126377656
one,4.26E-14,0.302470144
one,6.97E-13,0.268441278
one,4.26E-13,0.234305717
one,3.71E-14,0.171070088
one,1.18E-10,0.225914665
one,1.02E-11,0.160301658
one,1.09E-11,0.222205556
one,1.64E-09,0.159820479
one,7.59E-12,0.233870012
one,1.44E-12,0.17737731
one,2.40E-14,0.179572284
one,3.75E-11,0.135968273
one,4.10E-11,0.218672799
one,4.00E-11,0.196372568
one,1.26E-10,0.197774889
one,1.59E-09,0.186745405
one,1.70E-12,0.23383101
one,1.45E-12,0.189552912
one,1.65E-09,0.145940888
one,2.66E-10,0.222889711
three,1.55E-12,0.272659071
three,2.64E-11,0.192269244
three,6.12E-10,0.184777821
three,3.30E-11,0.222255561
three,2.33E-10,0.245787683
three,1.70E-11,0.24484407
three,1.61E-10,0.198196405
three,8.20E-12,0.178561386
three,3.19E-10,0.194135202
three,2.70E-13,0.205534872
three,1.09E-13,0.109944993
three,1.24E-11,0.195756013
three,3.96E-12,0.153274705
three,1.87E-09,0.180783347
three,2.62E-10,0.139719917
three,5.69E-13,0.16500966
three,9.83E-11,0.164682509
three,4.75E-11,0.138188794
three,2.68E-11,0.231579927
three,1.18E-09,0.224287483
three,2.25E-09,0.167595667
three,6.64E-11,0.121190854
three,9.91E-14,0.171530455
three,7.20E-09,0.12336262
three,1.69E-13,0.088757842
three,3.24E-09,0.079850843
three,2.32E-09,0.077711934
three,2.50E-08,0.16280004
three,1.65E-09,0.122992253
three,4.02E-13,0.079961529
three,2.39E-11,0.142672158
three,1.69E-09,0.275165684
three,2.66E-11,0.117639559
three,2.79E-12,0.178674145
three,1.70E-10,0.258112774
three,0.000763306,0.278232821
three,2.22E-12,0.173921398
three,4.88E-12,0.192314805
three,1.52E-12,0.137496038
three,3.20E-10,0.343988248
three,6.87E-11,0.234709062
three,1.71E-12,0.244094926
three,1.06E-09,0.196247374
three,0.000441579,0.311429978
three,5.25E-10,0.242329178
three,2.76E-09,0.183004864
three,8.39E-10,0.31205809
three,8.62E-10,0.180998751
three,9.54E-10,0.287986218
three,1.96E-11,0.178841969
three,3.98E-12,0.201994369
three,6.07E-10,0.3171941
three,3.74E-09,0.202775858
three,5.90E-09,0.178116056
three,1.88E-09,0.208786895
three,1.96E-10,0.130293333
three,8.06E-13,0.158870677
three,1.15E-12,0.277740498
three,1.51E-12,0.143602455
three,5.80E-10,0.180484829
three,8.43E-08,0.19057695
three,1.40E-11,0.24229114
three,3.87E-09,0.186003789
three,2.43E-09,0.215914346
three,2.33E-09,0.295825047
three,4.77E-09,0.235984517
three,3.26E-09,0.202667141
three,2.78E-09,0.198706318
three,5.50E-09,0.186475351
three,3.59E-05,0.253745251
three,3.04E-10,0.285529578
three,3.03E-09,0.201735705
three,2.76E-10,0.156629446
three,2.00E-09,0.250443118
three,7.82E-10,0.247917422
three,1.55E-09,0.197499373
three,2.42E-10,0.214981554
three,1.13E-09,0.209202547
three,5.11E-09,0.191036828
three,1.91E-12,0.198682134
three,5.38E-09,0.182950831
three,2.20E-09,0.208528087
three,1.71E-09,0.218100092
three,2.01E-09,0.219236665
three,2.09E-09,0.304273922
three,3.59E-10,0.239396096
three,9.30E-11,0.254355258
three,2.17E-13,0.184534249
three,2.99E-09,0.158207605
three,1.41E-10,0.130664679
three,1.07E-10,0.137581098
three,4.94E-10,0.237482211
three,8.68E-11,0.159190065
three,2.20E-09,0.252233148
three,4.35E-09,0.295712249
three,9.20E-11,0.16251133
three,5.96E-10,0.219582216
three,4.27E-10,0.264084146
three,4.06E-10,0.203430087
three,1.06E-09,0.223634207
three,1.60E-12,0.146806121
three,6.01E-10,0.158108475
three,1.22E-10,0.134256975
three,1.42E-09,0.270167922
three,5.65E-11,0.232369137
three,3.77E-11,0.278496464
three,3.03E-09,0.106872932
three,2.22E-09,0.207217083
three,1.67E-11,0.192489384
three,3.88E-10,0.230070572
three,6.75E-15,0.185843895
three,1.53E-08,0.186809801
three,1.04E-10,0.232001744
three,1.17E-09,0.123796456
three,7.78E-14,0.186792671
three,1.90E-14,0.108630512
three,7.71E-10,0.150326549
three,6.26E-10,0.171790105
three,1.24E-10,0.142210969
three,7.89E-10,0.168898616
three,0.000607673,0.070376824
three,2.18E-09,0.101074679
three,1.12E-09,0.121698061
three,1.81E-12,0.111715935
three,1.99E-11,0.095093219
three,5.00E-14,0.123598704
three,3.60E-09,0.182363387
three,2.35E-09,0.163959896
three,3.24E-10,0.14527938
three,8.25E-11,0.107020329
three,2.92E-05,0.198200711
three,1.15E-09,0.171469133
three,1.59E-10,0.17993418
three,1.33E-12,0.175330659
three,7.45E-11,0.139630362
three,6.62E-10,0.168706364
three,2.70E-09,0.14219107
three,4.43E-12,0.190783525
three,1.10E-11,0.167768972
three,9.93E-12,0.255917464
three,1.74E-11,0.298414152
three,1.39E-13,0.245871225
three,3.50E-13,0.1378797
three,1.43E-10,0.164341959
three,1.13E-14,0.123912258
three,4.46E-09,0.189928844
three,1.61E-09,0.204525904
three,1.56E-09,0.165934404
three,2.50E-12,0.214302179
three,9.97E-10,0.241406485
three,1.05E-08,0.169554426
three,6.48E-10,0.17611612
three,7.89E-10,0.175851029
three,1.22E-08,0.189012257
three,1.79E-13,0.290844409
three,1.47E-08,0.203087406
three,2.22E-09,0.232995851
three,3.94E-12,0.202442158
three,3.12E-10,0.191119865
three,9.81E-10,0.194605684
three,7.67E-09,0.238929541
three,2.30E-09,0.204953926
three,2.21E-10,0.224812845
three,3.91E-09,0.193320992
three,4.21E-09,0.208211026
three,8.14E-09,0.205924437
three,1.77E-10,0.243921879
three,1.20E-09,0.17943579
three,2.27E-12,0.129748492
three,2.38E-13,0.177334072
three,8.65E-11,0.135643427
three,2.68E-10,0.23592928
three,3.24E-10,0.307133766
three,1.25E-09,0.239100645
three,5.31E-11,0.226680344
three,1.68E-09,0.251724505
three,9.31E-09,0.179239428
three,3.07E-10,0.243852319
three,3.20E-13,0.238748348
three,1.10E-11,0.181702767
three,1.65E-07,0.291540953
three,4.68E-16,0.29422819
three,1.31E-11,0.194440038
three,3.39E-10,0.210934295
three,4.76E-10,0.307794743
three,9.24E-11,0.183922816
three,1.04E-10,0.167940624
three,2.78E-11,0.186938603
three,1.19E-10,0.400769114
three,1.48E-11,0.19534415
three,1.88E-09,0.25582365
three,1.45E-10,0.186248817
three,1.87E-10,0.218811708
three,1.75E-10,0.203420319
three,8.77E-10,0.209071814
three,3.27E-11,0.164823439
three,9.68E-10,0.212771423
three,2.00E-10,0.199742595
three,1.18E-10,0.17707887
three,4.10E-10,0.174177103
three,4.60E-11,0.203975416
three,3.56E-09,0.172022133
three,6.46E-11,0.159608276
three,3.20E-10,0.230688769
three,8.25E-13,0.201827403
three,1.85E-12,0.162036193
three,1.78E-12,0.389344935
three,1.60E-09,0.24382491
three,4.50E-10,0.189622897
three,1.27E-11,0.121922995
three,3.83E-09,0.273263953
three,6.70E-10,0.19620252
three,2.24E-12,0.223713907
three,7.46E-09,0.170380989
three,1.29E-10,0.124117526
three,7.26E-11,0.212342214
three,1.66E-10,0.14549433
three,1.49E-11,0.151010521
three,2.19E-10,0.293930916
three,3.89E-12,0.189274197
three,1.09E-11,0.203443986
three,3.51E-09,0.322263485
three,2.96E-09,0.174903059
three,8.03E-12,0.218071639
three,1.04E-09,0.145463034
three,4.36E-11,0.349176457
three,3.92E-12,0.159243428
three,6.34E-09,0.225366711
three,1.28E-09,0.278296286
three,5.90E-13,0.188140349
three,1.33E-11,0.222243292
three,3.25E-10,0.138955047
three,2.42E-09,0.178380788
three,1.42E-09,0.180109441
three,2.61E-09,0.239480924
three,1.56E-10,0.195124955
three,6.14E-11,0.19885353
three,5.35E-09,0.200740319
three,5.63E-10,0.219069049
three,2.01E-10,0.271087314
three,3.43E-13,0.225020868
three,2.32E-13,0.227534654
three,4.98E-10,0.181224696
three,6.54E-11,0.255647414
three,9.02E-10,0.150182485
three,3.04E-10,0.204533784
three,2.82E-11,0.194072273
three,5.79E-09,0.197780249
three,2.34E-09,0.225936588
three,2.52E-13,0.115232167
three,2.48E-13,0.136713578
three,5.98E-13,0.126415181
three,3.97E-09,0.200869684
three,9.19E-09,0.256801415
three,2.53E-11,0.197024053
three,3.30E-10,0.176730895
three,6.42E-10,0.127337079
three,3.61E-12,0.242155802
three,7.15E-10,0.16439884
three,1.69E-10,0.236878002
three,4.71E-11,0.22184638
three,1.78E-10,0.10995293
three,1.22E-09,0.196666824
three,2.55E-11,0.13566255
three,6.83E-14,0.092802224
three,1.51E-09,0.156808944
three,1.30E-11,0.209339007
three,3.05E-10,0.168427757
three,6.76E-10,0.198806184
three,7.11E-11,0.154504883
three,5.81E-11,0.180443541
three,2.43E-11,0.098216317
three,1.36E-12,0.178652746
three,3.60E-12,0.091765526
three,1.28E-11,0.169735273
three,1.05E-10,0.081598079
three,1.15E-10,0.132792805
three,5.47E-17,0.224509833
three,6.24E-12,0.114326569
three,2.01E-10,0.053646608
three,9.47E-15,0.236875615
three,2.15E-10,0.153946161
three,5.97E-10,0.197906825
three,5.64E-10,0.201919298
three,2.58E-11,0.249643836
three,5.71E-10,0.299231161
three,6.50E-11,0.205122863
three,5.09E-12,0.209603081
three,6.29E-11,0.313541122
three,1.02E-14,0.245336015
three,7.86E-10,0.191991101
three,1.27E-11,0.152936246
three,2.59E-12,0.156510759
three,4.85E-09,0.171763947
three,1.01E-10,0.137394407
three,2.32E-12,0.162475583
three,3.84E-10,0.247170563
three,1.61E-10,0.148356883
three,8.37E-10,0.220891016
three,4.50E-10,0.21108193
three,8.01E-11,0.161164397
three,5.21E-11,0.278722845
three,1.61E-09,0.163953137
three,6.46E-10,0.134690334
three,9.18E-11,0.156029635
three,2.55E-09,0.222011075
three,1.50E-11,0.205565034
three,2.60E-10,0.156401013
three,1.46E-08,0.205234061
three,2.83E-10,0.128824377
three,4.54E-10,0.15925257
three,2.93E-09,0.201505837
three,4.96E-10,0.15878628
three,1.44E-10,0.266011671
three,7.80E-11,0.21673165
three,2.21E-10,0.126460932
three,1.23E-08,0.250239928
three,2.20E-13,0.218334712
three,3.23E-11,0.154388498
three,8.80E-10,0.153156581
three,3.01E-09,0.125175617
three,7.01E-12,0.176729318
three,6.13E-13,0.179826912
three,2.74E-12,0.18375706
three,2.98E-09,0.139000989
three,7.21E-10,0.150228266
three,1.67E-11,0.160289893
three,3.45E-10,0.128944778
three,2.86E-14,0.1933955
three,1.29E-08,0.180437076
three,1.57E-09,0.169197415
three,2.10E-09,0.181042803
three,2.23E-09,0.184708231
three,7.90E-12,0.177163473
three,8.60E-14,0.13202042
three,2.52E-09,0.257359035
three,3.64E-10,0.177065298
three,2.89E-09,0.125185889
three,1.50E-12,0.142396269
three,4.43E-12,0.185026491
three,8.59E-11,0.177853365
three,1.06E-12,0.113619808
three,5.81E-10,0.182672041
three,8.41E-11,0.127991063
three,2.18E-09,0.183509561
three,3.10E-14,0.136378378
three,5.02E-11,0.151922653
three,5.15E-11,0.168950051
three,8.71E-13,0.140986743
three,6.25E-09,0.132981517
three,8.43E-15,0.071875772
three,7.47E-09,0.167525008
three,6.83E-13,0.168765747
three,1.19E-10,0.185883512
three,4.01E-09,0.217336285
three,2.18E-12,0.178736994
three,2.29E-10,0.148752934
three,1.45E-11,0.221594997
three,1.30E-12,0.127577189
three,3.17E-10,0.163097598
three,1.01E-13,0.083396058
three,1.15E-11,0.121353086
three,1.10E-13,0.173525663
three,5.92E-10,0.139233287
three,1.91E-10,0.132987571
three,3.29E-13,0.139388582
three,4.54E-10,0.239721039
three,4.66E-10,0.094972726
three,4.61E-09,0.10233047
three,1.13E-11,0.184745629
three,8.49E-12,0.271059854
three,2.38E-11,0.191762851
three,1.13E-10,0.155285474
three,9.71E-11,0.153576263
three,5.72E-10,0.156685828
three,1.30E-09,0.188712746
three,1.78E-09,0.187109821
three,1.83E-10,0.21621633
three,2.14E-10,0.181504884
three,2.14E-08,0.137958312
three,1.02E-10,0.363069736
three,4.62E-10,0.273502764
three,8.96E-10,0.233391041
three,5.48E-11,0.181898041
three,1.24E-09,0.235479251
three,4.21E-10,0.173146323
three,8.84E-10,0.227745666
three,6.77E-11,0.18331286
three,8.41E-11,0.263806868
three,1.86E-10,0.209585094
three,5.14E-10,0.200564348
three,2.82E-11,0.139835158
three,3.52E-10,0.242899308
three,5.49E-11,0.223966224
three,3.82E-11,0.221801117
three,1.42E-10,0.196408894
three,2.25E-14,0.260883382
three,2.44E-10,0.211901218
three,3.19E-12,0.15306269
three,4.31E-10,0.252339589
five,3.47E-09,0.305460131
five,1.46E-13,0.198105021
five,7.02E-11,0.196266073
five,1.58E-09,0.233077562
five,9.54E-14,0.261870704
five,8.23E-10,0.274499655
five,1.56E-10,0.208738301
five,4.95E-13,0.194997257
five,8.13E-12,0.216764154
five,6.05E-15,0.216195933
five,8.96E-15,0.122238035
five,1.40E-09,0.211870921
five,3.66E-15,0.16324493
five,9.84E-11,0.198788645
five,2.03E-11,0.144504399
five,2.37E-09,0.182571345
five,6.98E-11,0.175069066
five,1.12E-11,0.149858243
five,5.59E-12,0.244042261
five,6.34E-10,0.246011457
five,4.40E-10,0.18828332
five,6.45E-13,0.144160507
five,1.09E-09,0.213587532
five,2.94E-09,0.169315984
five,3.64E-10,0.12232091
five,3.86E-10,0.105961785
five,7.57E-10,0.113328145
five,2.28E-09,0.208949753
five,5.19E-13,0.164301204
five,6.18E-10,0.097041925
five,1.88E-12,0.14585157
five,6.76E-10,0.295563814
five,2.04E-09,0.12459286
five,1.30E-13,0.200988955
five,1.62E-12,0.268143551
five,0.000191985,0.316331564
five,4.43E-09,0.197970207
five,3.73E-09,0.217458746
five,4.97E-13,0.145514649
five,4.73E-11,0.370009072
five,7.67E-14,0.250469656
five,1.55E-09,0.267887519
five,1.83E-09,0.211984025
five,1.78E-09,0.34716079
five,7.93E-12,0.258122287
five,1.08E-09,0.185088709
five,5.76E-10,0.340304758
five,1.38E-10,0.199678175
five,5.30E-10,0.322131039
five,8.89E-14,0.191003042
five,8.65E-13,0.230396094
five,3.05E-10,0.332960846
five,1.10E-10,0.215873047
five,4.69E-09,0.186030513
five,1.41E-09,0.215008761
five,4.30E-09,0.136008859
five,2.25E-10,0.16505564
five,2.51E-09,0.300276307
five,2.97E-09,0.140496935
five,4.08E-11,0.193682517
five,2.22E-08,0.195431034
five,4.48E-11,0.254031525
five,5.14E-10,0.20006517
five,9.00E-10,0.214397159
five,2.73E-09,0.287521927
five,3.51E-09,0.241688844
five,1.82E-09,0.207265777
five,1.92E-09,0.210105296
five,2.52E-09,0.179615955
five,1.36E-07,0.261193984
five,5.77E-11,0.321461009
five,6.78E-10,0.224654352
five,1.94E-12,0.168538027
five,3.10E-11,0.269805495
five,8.84E-12,0.266277823
five,9.20E-10,0.207694898
five,3.82E-11,0.217639217
five,1.69E-10,0.221880918
five,5.67E-10,0.203644744
five,8.53E-14,0.209232105
five,1.52E-09,0.195222588
five,2.03E-10,0.221750436
five,1.43E-09,0.231466145
five,9.37E-10,0.237746726
five,1.30E-10,0.325145977
five,1.04E-10,0.248742145
five,4.83E-13,0.279424863
five,6.64E-14,0.19210179
five,4.94E-10,0.163885113
five,7.75E-11,0.1387654
five,6.12E-11,0.159229898
five,5.52E-10,0.258733223
five,5.34E-10,0.169948996
five,1.58E-10,0.280558405
five,4.59E-09,0.325847814
five,1.17E-10,0.174463113
five,1.83E-09,0.257048219
five,5.63E-10,0.290997388
five,2.98E-10,0.236871601
five,2.40E-10,0.244103627
five,1.48E-09,0.151165873
five,3.16E-10,0.182952402
five,2.18E-11,0.14643524
five,1.00E-09,0.278938146
five,6.27E-12,0.240944892
five,4.85E-13,0.295370753
five,1.53E-09,0.121778222
five,7.86E-10,0.241119242
five,4.26E-09,0.211443292
five,2.37E-11,0.238056339
five,4.93E-10,0.192637413
five,1.44E-09,0.201133834
five,7.79E-11,0.258093879
five,1.71E-12,0.135686448
five,4.73E-10,0.206540396
five,1.28E-11,0.114868655
five,1.23E-10,0.165682055
five,1.58E-11,0.183083154
five,7.07E-11,0.157595657
five,1.32E-10,0.180096051
five,4.22E-14,0.105436471
five,7.03E-10,0.121126271
five,9.51E-12,0.141734822
five,2.10E-14,0.129161051
five,7.68E-13,0.11080318
five,1.02E-09,0.144227184
five,8.16E-11,0.226991576
five,5.41E-11,0.196870754
five,4.26E-11,0.168044105
five,1.59E-12,0.134194189
five,3.68E-15,0.214492489
five,5.41E-11,0.184829424
five,4.26E-11,0.186450252
five,7.98E-13,0.1772838
five,2.68E-13,0.139742036
five,4.60E-11,0.181245853
five,4.12E-10,0.155941089
five,5.23E-14,0.19552199
five,7.34E-13,0.173875991
five,3.25E-13,0.269154265
five,3.02E-14,0.345815787
five,5.28E-10,0.281155854
five,1.94E-09,0.150480228
five,5.50E-12,0.191071592
five,2.15E-10,0.131556772
five,1.36E-10,0.226651597
five,1.54E-11,0.254809093
five,8.41E-11,0.181983629
five,6.88E-10,0.227616645
five,2.82E-11,0.272780262
five,3.56E-10,0.180669935
five,4.04E-10,0.182563276
five,4.79E-11,0.195807411
five,3.64E-09,0.201118349
five,3.94E-10,0.327893016
five,2.89E-09,0.21253645
five,1.72E-10,0.247168309
five,1.47E-09,0.21644941
five,3.07E-10,0.198949558
five,6.97E-11,0.204649749
five,7.04E-09,0.254440889
five,2.17E-09,0.214410804
five,3.39E-10,0.237719009
five,2.18E-09,0.20647877
five,2.73E-09,0.216291323
five,1.60E-10,0.223344726
five,1.43E-09,0.251461429
five,2.31E-10,0.196868558
five,3.02E-09,0.148222688
five,2.25E-09,0.181239357
five,1.42E-09,0.14745962
five,1.61E-10,0.243497791
five,1.31E-13,0.33449939
five,7.71E-11,0.261523601
five,1.07E-09,0.244842933
five,4.42E-12,0.26632634
five,2.31E-09,0.194498684
five,1.69E-10,0.26765729
five,3.12E-10,0.25440763
five,2.65E-12,0.198025028
five,2.15E-10,0.304054637
five,1.63E-15,0.306043428
five,6.33E-11,0.199335484
five,1.01E-10,0.211842536
five,1.28E-10,0.326089041
five,1.47E-11,0.196875861
five,1.04E-11,0.165638782
five,5.47E-12,0.195880802
five,1.09E-09,0.401615481
five,9.33E-15,0.205556864
five,6.79E-12,0.258474332
five,1.47E-09,0.193868991
five,7.11E-10,0.234441036
five,2.86E-10,0.226228116
five,8.34E-10,0.227875487
five,4.61E-09,0.163027374
five,3.86E-10,0.217410462
five,3.52E-12,0.211509688
five,1.25E-12,0.1806978
five,1.16E-10,0.18923015
five,2.88E-11,0.225527781
five,2.62E-10,0.180877122
five,2.20E-11,0.177916734
five,8.64E-11,0.245656071
five,1.08E-12,0.215016248
five,2.35E-13,0.179020126
five,1.11E-11,0.434136698
five,2.36E-12,0.269164803
five,4.21E-11,0.203220107
five,9.40E-12,0.136894081
five,7.47E-14,0.280255705
five,5.46E-10,0.206647353
five,2.20E-09,0.226046187
five,2.96E-09,0.186731273
five,2.52E-11,0.135149592
five,4.48E-11,0.226326531
five,1.20E-11,0.149057424
five,5.13E-13,0.157248143
five,4.41E-13,0.305861895
five,7.85E-14,0.197498135
five,1.95E-10,0.220778312
five,5.51E-10,0.346867537
five,5.91E-09,0.200447307
five,4.37E-12,0.227273881
five,2.72E-10,0.156849387
five,6.13E-09,0.383118157
five,1.19E-09,0.16277836
five,3.31E-09,0.234770775
five,8.13E-10,0.301936385
five,5.09E-10,0.199933212
five,1.95E-12,0.227300314
five,4.28E-13,0.145225103
five,5.78E-10,0.187839946
five,1.45E-11,0.184134093
five,2.78E-11,0.246509983
five,3.08E-13,0.203768833
five,1.56E-11,0.200540551
five,1.36E-09,0.210641368
five,7.33E-12,0.221958932
five,8.54E-11,0.275272503
five,9.81E-10,0.230608399
five,2.25E-10,0.251423663
five,1.26E-10,0.196915171
five,7.98E-11,0.262652371
five,5.95E-10,0.151522362
five,3.66E-10,0.208850084
five,2.54E-14,0.20790345
five,2.49E-10,0.212297928
five,4.85E-10,0.233129198
five,1.51E-14,0.117332127
five,9.91E-10,0.132591307
five,8.11E-10,0.13255083
five,5.98E-12,0.218057326
five,2.15E-09,0.300182691
five,2.89E-15,0.212308628
five,2.03E-10,0.188263274
five,8.52E-16,0.134908463
five,2.30E-14,0.261611092
five,3.91E-10,0.181776936
five,1.08E-10,0.253045255
five,7.70E-11,0.248546036
five,4.26E-13,0.118192419
five,1.84E-15,0.21013503
five,7.05E-12,0.135213694
five,9.07E-10,0.103996476
five,2.76E-10,0.161580834
five,3.12E-12,0.243143923
five,5.88E-11,0.180715595
five,3.65E-10,0.220465418
five,2.90E-13,0.165505379
five,8.58E-13,0.210711867
five,3.97E-10,0.112306406
five,7.29E-11,0.189552504
five,2.11E-12,0.103920619
five,2.91E-09,0.196670892
five,2.04E-12,0.09012694
five,2.11E-12,0.146399269
five,8.18E-15,0.262081148
five,1.73E-09,0.12731703
five,5.30E-14,0.062873106
five,4.24E-15,0.253756525
five,3.31E-13,0.168066599
five,9.23E-16,0.215584469
five,1.23E-10,0.206068453
five,1.74E-13,0.273953245
five,6.57E-11,0.324266973
five,3.93E-11,0.21245136
five,8.96E-12,0.229013723
five,2.16E-11,0.331682012
five,1.62E-10,0.261766505
five,3.67E-11,0.209672372
five,2.99E-09,0.168454243
five,5.87E-15,0.166437258
five,1.82E-10,0.169732431
five,1.21E-11,0.148547724
five,1.15E-09,0.170060376
five,1.77E-10,0.257973887
five,4.37E-11,0.150871098
five,5.54E-12,0.23349288
five,1.40E-10,0.220073192
five,5.78E-11,0.170922417
five,1.46E-11,0.294060555
five,7.84E-10,0.174716129
five,2.35E-12,0.141306795
five,4.74E-11,0.165854119
five,8.34E-11,0.242674176
five,7.65E-12,0.220245525
five,1.00E-10,0.167369848
five,1.32E-09,0.215475727
five,9.33E-11,0.136052678
five,1.78E-10,0.169126654
five,2.30E-09,0.21303311
five,1.56E-10,0.164209963
five,7.62E-10,0.281536756
five,2.44E-10,0.221444152
five,2.18E-10,0.139583038
five,7.57E-09,0.268120625
five,1.85E-14,0.235833298
five,3.97E-12,0.167725463
five,3.63E-10,0.159673449
five,1.37E-09,0.159523124
five,1.26E-09,0.229699325
five,9.82E-10,0.229975558
five,1.05E-09,0.204272261
five,2.99E-11,0.175719145
five,1.91E-10,0.172419303
five,4.70E-13,0.198592347
five,3.18E-09,0.167296625
five,2.03E-12,0.226265933
five,7.03E-09,0.225664638
five,3.27E-10,0.177718161
five,7.26E-10,0.19391427
five,6.34E-10,0.197406453
five,2.41E-11,0.184716763
five,5.68E-11,0.142060909
five,1.09E-09,0.285265286
five,5.41E-13,0.187029618
five,3.26E-10,0.132759481
five,9.92E-10,0.163634754
five,5.92E-10,0.196691899
five,8.70E-10,0.189932414
five,2.93E-09,0.128655921
five,1.39E-09,0.202555357
five,4.09E-12,0.13574173
five,7.57E-11,0.209388955
five,3.64E-10,0.143457995
five,1.04E-09,0.166084428
five,1.27E-09,0.183600778
five,1.34E-13,0.154568475
five,3.17E-10,0.158787944
five,1.93E-10,0.081872565
five,6.32E-10,0.180439918
five,1.19E-09,0.187167207
five,2.44E-09,0.207893926
five,1.13E-09,0.229272412
five,1.38E-09,0.193124104
five,1.33E-13,0.148874384
five,8.89E-13,0.250631282
five,6.54E-14,0.127024827
five,2.22E-11,0.171396105
five,6.95E-11,0.092443014
five,9.53E-10,0.128917745
five,2.63E-15,0.189806537
five,3.87E-13,0.150204295
five,2.14E-12,0.140263708
five,1.58E-10,0.139082308
five,6.62E-10,0.263286756
five,6.65E-11,0.099303099
five,5.07E-10,0.117436731
five,9.78E-12,0.190492036
five,8.75E-12,0.295041547
five,1.80E-09,0.202800209
five,3.48E-11,0.173990383
five,1.15E-11,0.154509226
five,9.31E-13,0.163488652
five,1.19E-10,0.204328852
five,2.02E-09,0.196257562
five,1.59E-15,0.234453235
five,4.25E-12,0.199809594
five,1.35E-08,0.147913757
five,7.67E-10,0.380624287
five,1.40E-11,0.289345583
five,1.71E-13,0.23117662
five,3.91E-11,0.189666836
five,1.27E-10,0.251844727
five,5.82E-11,0.176385564
five,4.18E-11,0.250771906
five,1.08E-09,0.19918991
five,4.92E-11,0.285231374
five,1.22E-10,0.223314052
five,2.23E-10,0.217489494
five,5.81E-12,0.149575039
five,4.96E-11,0.260750649
five,5.35E-11,0.235927957
five,1.75E-10,0.240360604
five,8.46E-12,0.20787179
five,2.56E-16,0.286770467
five,5.08E-11,0.224626483
five,4.38E-12,0.166603743
five,8.38E-11,0.273462732
seven,6.75E-10,0.299226934
seven,3.87E-13,0.200559754
seven,3.68E-10,0.198178229
seven,2.34E-13,0.226085968
seven,1.01E-11,0.265120423
seven,1.18E-12,0.276552285
seven,3.05E-11,0.202125797
seven,1.20E-13,0.188990038
seven,1.34E-11,0.21366509
seven,1.10E-09,0.221374506
seven,2.68E-15,0.131475746
seven,1.05E-09,0.228062958
seven,1.60E-15,0.181576216
seven,2.61E-12,0.217497506
seven,6.27E-11,0.162301548
seven,1.40E-09,0.196431783
seven,9.71E-12,0.195589418
seven,4.07E-11,0.174603152
seven,1.25E-14,0.276057208
seven,6.17E-09,0.259911735
seven,1.73E-10,0.190611327
seven,1.32E-11,0.148342981
seven,3.34E-13,0.219423287
seven,1.94E-09,0.181329955
seven,8.89E-10,0.121519106
seven,2.46E-09,0.112730846
seven,9.49E-10,0.111393698
seven,1.51E-09,0.208876792
seven,5.84E-10,0.174238414
seven,6.03E-10,0.107940147
seven,2.66E-12,0.146989194
seven,2.01E-10,0.28639081
seven,1.29E-09,0.117512518
seven,1.12E-11,0.190682337
seven,5.63E-10,0.258335437
seven,0.000211417,0.303472459
seven,1.81E-09,0.18835372
seven,7.47E-14,0.209458556
seven,9.77E-14,0.139887886
seven,8.83E-12,0.359551031
seven,1.38E-13,0.244445699
seven,1.82E-13,0.264621475
seven,3.74E-10,0.206560519
seven,0.000230332,0.328555781
seven,6.65E-11,0.258277664
seven,1.21E-09,0.182862518
seven,2.32E-10,0.33202645
seven,1.68E-10,0.195263189
seven,1.68E-09,0.308927653
seven,2.89E-12,0.189620062
seven,3.95E-13,0.212943836
seven,5.40E-11,0.326448343
seven,3.42E-10,0.216273339
seven,8.74E-13,0.182990588
seven,1.00E-09,0.211764576
seven,4.11E-12,0.134001346
seven,3.00E-10,0.16561132
seven,1.24E-09,0.292713114
seven,1.53E-13,0.146152823
seven,6.61E-10,0.189362814
seven,7.70E-09,0.202388554
seven,9.06E-10,0.26668517
seven,5.55E-09,0.204431125
seven,2.25E-09,0.218341983
seven,1.19E-09,0.303614184
seven,1.29E-09,0.25380304
seven,5.30E-10,0.218976987
seven,1.37E-09,0.211790932
seven,2.09E-09,0.195775274
seven,2.77E-10,0.26586524
seven,2.55E-11,0.351309248
seven,4.58E-10,0.231013759
seven,7.32E-12,0.18906846
seven,1.10E-10,0.29296036
seven,7.72E-11,0.282096217
seven,5.38E-10,0.211890238
seven,3.61E-11,0.236110909
seven,1.05E-10,0.231069235
seven,5.83E-10,0.217777613
seven,7.24E-11,0.222616987
seven,1.79E-09,0.193636627
seven,1.54E-09,0.222467847
seven,1.06E-09,0.222918198
seven,8.25E-11,0.236119472
seven,7.22E-11,0.320417176
seven,8.76E-12,0.245045768
seven,1.56E-11,0.269850019
seven,9.01E-12,0.190571079
seven,1.25E-09,0.161188611
seven,8.09E-11,0.139013488
seven,1.97E-11,0.150458157
seven,8.90E-11,0.254119561
seven,1.30E-10,0.165622217
seven,3.19E-11,0.271506038
seven,6.67E-10,0.320396373
seven,3.69E-11,0.17529864
seven,1.18E-10,0.250518335
seven,9.60E-11,0.296378482
seven,2.39E-11,0.238459143
seven,7.06E-11,0.23636256
seven,1.33E-09,0.174859012
seven,2.90E-10,0.192983588
seven,3.22E-12,0.158387153
seven,4.61E-09,0.307766602
seven,5.67E-13,0.25118717
seven,2.97E-12,0.318551854
seven,1.17E-09,0.133720172
seven,1.71E-10,0.244089324
seven,3.72E-13,0.212314568
seven,1.12E-11,0.261676293
seven,6.76E-10,0.197314361
seven,6.90E-10,0.194443732
seven,2.31E-11,0.250585687
seven,3.68E-12,0.13676863
seven,2.84E-14,0.201036956
seven,3.47E-15,0.112503421
seven,3.61E-11,0.154331121
seven,4.54E-11,0.177778349
seven,6.08E-12,0.1517403
seven,6.56E-11,0.175365053
seven,3.22E-15,0.091616298
seven,9.00E-10,0.123948582
seven,1.87E-10,0.134363845
seven,5.38E-13,0.126812248
seven,2.74E-13,0.107796774
seven,1.09E-09,0.132927947
seven,1.54E-10,0.218787388
seven,1.55E-10,0.187985496
seven,5.79E-11,0.163685027
seven,2.06E-11,0.127354304
seven,2.55E-09,0.222189775
seven,9.58E-12,0.205046202
seven,1.61E-11,0.198232777
seven,6.45E-14,0.190920337
seven,1.49E-14,0.164808969
seven,2.22E-12,0.201113564
seven,3.85E-10,0.160196584
seven,9.19E-13,0.220208464
seven,2.17E-11,0.181410251
seven,1.30E-13,0.288323715
seven,4.28E-12,0.364545651
seven,1.25E-10,0.293903439
seven,1.03E-09,0.175398957
seven,2.52E-12,0.216676897
seven,3.03E-10,0.145277504
seven,2.07E-10,0.256728849
seven,5.41E-11,0.269676919
seven,5.40E-10,0.193505271
seven,3.38E-10,0.249527822
seven,1.71E-11,0.301363076
seven,1.80E-09,0.172962424
seven,5.05E-14,0.182697561
seven,5.07E-12,0.187237216
seven,2.39E-09,0.191634599
seven,2.96E-13,0.309771326
seven,1.57E-09,0.207250742
seven,1.32E-10,0.241696577
seven,8.20E-14,0.207616915
seven,3.83E-11,0.194431014
seven,4.50E-11,0.19648093
seven,4.77E-09,0.242461023
seven,9.67E-10,0.215083337
seven,9.56E-12,0.223462004
seven,1.53E-09,0.199315652
seven,1.47E-09,0.212773304
seven,1.73E-11,0.216584387
seven,2.74E-09,0.257968639
seven,2.29E-09,0.19487771
seven,5.66E-13,0.141133493
seven,1.92E-09,0.180407782
seven,1.82E-12,0.142974506
seven,1.88E-10,0.241538118
seven,3.41E-11,0.322160418
seven,1.62E-09,0.26529968
seven,9.90E-13,0.231151334
seven,3.47E-11,0.260737206
seven,1.92E-09,0.183963509
seven,2.36E-10,0.2577637
seven,3.62E-13,0.247874219
seven,3.71E-13,0.198404548
seven,4.94E-11,0.307954058
seven,5.64E-16,0.313286274
seven,3.26E-11,0.201387599
seven,5.85E-11,0.211949085
seven,1.14E-10,0.326504947
seven,5.45E-12,0.198913001
seven,1.04E-11,0.17081537
seven,1.31E-13,0.194271073
seven,8.57E-12,0.403245338
seven,5.65E-13,0.204332465
seven,1.16E-10,0.260810389
seven,4.95E-12,0.191271151
seven,9.07E-12,0.223671714
seven,9.47E-11,0.22481453
seven,2.13E-10,0.218665771
seven,5.54E-13,0.161322482
seven,1.72E-10,0.218265503
seven,1.23E-10,0.203793111
seven,4.09E-11,0.182047174
seven,9.86E-12,0.188499585
seven,1.87E-11,0.216744997
seven,2.84E-10,0.180456079
seven,6.20E-12,0.175039386
seven,1.32E-11,0.249438093
seven,2.83E-14,0.212894352
seven,9.16E-12,0.168682628
seven,3.76E-12,0.430182723
seven,1.11E-10,0.263685839
seven,2.16E-12,0.20250262
seven,5.68E-13,0.131134681
seven,8.85E-14,0.315581624
seven,6.09E-10,0.227312675
seven,5.91E-13,0.24845914
seven,4.18E-09,0.19650377
seven,6.08E-11,0.14856666
seven,3.43E-12,0.244926518
seven,8.91E-11,0.154414159
seven,2.83E-14,0.170001102
seven,7.66E-12,0.343036726
seven,3.72E-13,0.224687942
seven,1.96E-14,0.208390115
seven,1.61E-09,0.343189981
seven,1.10E-09,0.187908257
seven,2.35E-11,0.228387478
seven,4.83E-13,0.149440624
seven,2.73E-09,0.367657892
seven,9.16E-14,0.154721319
seven,2.70E-09,0.227731454
seven,1.49E-10,0.289759261
seven,1.44E-12,0.19211772
seven,1.19E-10,0.226971043
seven,1.81E-11,0.145093454
seven,6.14E-10,0.18582598
seven,7.98E-11,0.189076854
seven,5.86E-10,0.256217287
seven,2.12E-12,0.212580731
seven,7.84E-12,0.214987702
seven,1.48E-09,0.210595351
seven,2.96E-11,0.224142524
seven,3.69E-11,0.2839661
seven,7.29E-14,0.222185457
seven,4.58E-12,0.245762364
seven,3.75E-10,0.18796788
seven,4.48E-11,0.259382711
seven,7.71E-10,0.155285825
seven,9.28E-11,0.208542619
seven,3.27E-13,0.202059002
seven,1.42E-09,0.208471623
seven,6.67E-10,0.229196384
seven,1.19E-11,0.114926435
seven,5.68E-10,0.1402786
seven,4.09E-10,0.138884447
seven,1.54E-11,0.23513739
seven,5.64E-10,0.305198916
seven,2.33E-12,0.210248759
seven,4.54E-11,0.196538491
seven,3.46E-11,0.14043084
seven,2.97E-13,0.264146139
seven,1.62E-10,0.17794387
seven,1.31E-11,0.248328985
seven,8.38E-11,0.233187376
seven,3.17E-12,0.117678827
seven,1.53E-09,0.202288612
seven,2.20E-13,0.157960361
seven,3.46E-13,0.104803483
seven,2.12E-10,0.1607097
seven,4.56E-13,0.226840133
seven,4.78E-11,0.174886164
seven,4.68E-11,0.20844587
seven,1.24E-12,0.158494295
seven,1.19E-11,0.199714472
seven,5.84E-15,0.108628963
seven,2.14E-10,0.184011915
seven,1.12E-12,0.101723074
seven,2.93E-13,0.185923291
seven,2.20E-12,0.089611987
seven,1.40E-12,0.138938374
seven,3.10E-13,0.250001631
seven,1.22E-09,0.125985754
seven,7.42E-13,0.060466659
seven,6.89E-14,0.253760942
seven,7.17E-12,0.160247955
seven,1.27E-09,0.210598492
seven,5.71E-11,0.208646662
seven,1.27E-10,0.264202873
seven,1.17E-09,0.31769289
seven,1.62E-12,0.20599921
seven,2.45E-12,0.218521159
seven,3.36E-12,0.315978677
seven,1.41E-13,0.255729369
seven,3.56E-11,0.201252237
seven,2.38E-09,0.160870789
seven,6.63E-12,0.169018689
seven,5.56E-10,0.174517104
seven,1.99E-11,0.140612918
seven,4.83E-14,0.167696992
seven,7.67E-10,0.256254885
seven,2.89E-11,0.156508248
seven,1.34E-11,0.228353477
seven,5.01E-11,0.218410985
seven,2.25E-11,0.162671394
seven,6.66E-12,0.299291992
seven,6.34E-10,0.169004687
seven,1.20E-13,0.141189797
seven,4.11E-11,0.168223025
seven,2.24E-11,0.246277747
seven,4.58E-12,0.223520471
seven,1.47E-10,0.160539681
seven,2.16E-09,0.214268546
seven,2.10E-10,0.138686597
seven,1.58E-10,0.163344517
seven,1.26E-09,0.205706657
seven,4.06E-10,0.160773228
seven,9.53E-10,0.274214885
seven,8.48E-10,0.213930091
seven,6.09E-11,0.139734845
seven,3.15E-09,0.249776512
seven,8.70E-12,0.233111833
seven,2.69E-10,0.164121565
seven,5.67E-10,0.154155209
seven,7.63E-10,0.149067279
seven,1.37E-13,0.220475502
seven,8.63E-10,0.219257183
seven,1.02E-09,0.199470524
seven,1.50E-10,0.171014003
seven,1.46E-10,0.169295682
seven,6.26E-12,0.192324095
seven,1.54E-11,0.156657406
seven,9.78E-11,0.220785917
seven,1.02E-08,0.204820084
seven,7.99E-11,0.183018941
seven,2.87E-10,0.193584005
seven,1.33E-10,0.195191958
seven,1.18E-10,0.182192231
seven,1.11E-12,0.14201024
seven,5.29E-14,0.270498034
seven,1.83E-11,0.188790661
seven,2.20E-10,0.133660572
seven,3.07E-10,0.150218627
seven,1.93E-09,0.192907565
seven,2.46E-09,0.176894025
seven,1.15E-10,0.118437552
seven,2.55E-10,0.187537379
seven,4.54E-11,0.129912578
seven,1.45E-10,0.186815358
seven,5.03E-16,0.135176261
seven,1.12E-09,0.153615224
seven,8.28E-14,0.174683073
seven,4.86E-13,0.147269726
seven,5.36E-10,0.140281763
seven,9.26E-16,0.08485809
seven,5.33E-10,0.187302463
seven,5.09E-10,0.185762126
seven,9.84E-13,0.21936533
seven,2.89E-10,0.255698234
seven,2.46E-09,0.205058154
seven,4.30E-12,0.173036988
seven,1.26E-11,0.257463965
seven,1.88E-12,0.133027573
seven,7.60E-10,0.199992893
seven,2.93E-15,0.081848687
seven,2.67E-13,0.129643589
seven,8.28E-14,0.182087656
seven,1.63E-11,0.145365485
seven,1.52E-11,0.127533963
seven,7.94E-10,0.14134176
seven,1.48E-11,0.256961292
seven,6.90E-11,0.096774161
seven,3.17E-10,0.104928301
seven,1.98E-12,0.185200765
seven,1.83E-11,0.289185115
seven,7.60E-14,0.202354498
seven,8.13E-12,0.169423287
seven,5.86E-11,0.160358165
seven,1.34E-10,0.164321491
seven,1.73E-10,0.200334919
seven,9.11E-10,0.188794451
seven,1.43E-09,0.228872261
seven,2.16E-12,0.187086932
seven,1.06E-09,0.144153293
seven,3.17E-13,0.369265407
seven,2.15E-13,0.291142077
seven,2.89E-12,0.245572034
seven,3.28E-12,0.193028875
seven,3.01E-11,0.252534706
seven,1.63E-11,0.177003993
seven,3.39E-12,0.243358686
seven,5.31E-09,0.199111947
seven,4.44E-11,0.280317642
seven,2.65E-12,0.206594764
seven,4.94E-14,0.229067872
seven,1.02E-11,0.175587318
seven,1.16E-10,0.274059592
seven,1.56E-11,0.261425511
seven,2.27E-11,0.270561404
seven,3.61E-12,0.230106116
seven,4.83E-15,0.313142331
seven,2.02E-09,0.233011247
seven,4.10E-13,0.172477108
seven,4.89E-11,0.289763975
seven,,
seven,,
seven,,
seven,,
seven,,
seven,,
seven,,
seven,,
seven,,
seven,,
seven,,
seven,,
seven,,
seven,,
seven,,
seven,,
seven,,
seven,,
seven,,
seven,,
seven,,
seven,,
seven,,
seven,,
seven,,
seven,,
seven,,
seven,,
seven,,
seven,,
seven,,
seven,,
seven,,
seven,,
seven,,
seven,,
seven,,
seven,,
seven,,
seven,,
seven,,
seven,,
seven,,
seven,,
seven,,
seven,,
seven,,
seven,,
seven,,
seven,,
seven,,
seven,,
seven,,
seven,,
seven,,
seven,,
seven,,
seven,,
seven,,
seven,,
seven,,
seven,,
seven,,
seven,,
seven,,
seven,,
seven,,
seven,,
seven,,
seven,,
seven,,
seven,,
seven,,
seven,,
seven,,
seven,,
seven,,
seven,,
seven,,
seven,,
