parameter_type,parameter_name,x_value,label,price_curve_idx,cost
ev_count,EV 数量,60.0,EV=60,0,380.61502649077306
ev_count,EV 数量,60.0,EV=60,1,395.7510877046277
ev_count,EV 数量,60.0,EV=60,2,407.43714206932196
ev_count,EV 数量,60.0,EV=60,3,378.33441745430207
ev_count,EV 数量,60.0,EV=60,4,382.7591290303499
ev_count,EV 数量,60.0,EV=60,5,371.9319033630291
ev_count,EV 数量,60.0,EV=60,6,349.71491555401184
ev_count,EV 数量,60.0,EV=60,7,373.57036418964583
ev_count,EV 数量,60.0,EV=60,8,346.02566690516545
ev_count,EV 数量,60.0,EV=60,9,351.3871209565883
ev_count,EV 数量,60.0,EV=60,10,358.88227609164767
ev_count,EV 数量,60.0,EV=60,11,359.7288180571197
ev_count,EV 数量,60.0,EV=60,12,382.6083427699997
ev_count,EV 数量,60.0,EV=60,13,365.71102410148035
ev_count,EV 数量,60.0,EV=60,14,339.74456037349177
ev_count,EV 数量,60.0,EV=60,15,391.76667355049096
ev_count,EV 数量,60.0,EV=60,16,389.2609306853042
ev_count,EV 数量,60.0,EV=60,17,409.22189854052544
ev_count,EV 数量,60.0,EV=60,18,353.965647264884
ev_count,EV 数量,60.0,EV=60,19,382.4173825453847
ev_count,EV 数量,60.0,EV=60,20,358.325859744108
ev_count,EV 数量,60.0,EV=60,21,354.2272952603564
ev_count,EV 数量,60.0,EV=60,22,371.8547753590186
ev_count,EV 数量,60.0,EV=60,23,321.702069747957
ev_count,EV 数量,60.0,EV=60,24,323.9406426207541
ev_count,EV 数量,60.0,EV=60,25,326.2345745039696
ev_count,EV 数量,60.0,EV=60,26,376.4180133643164
ev_count,EV 数量,60.0,EV=60,27,375.8206558732512
ev_count,EV 数量,60.0,EV=60,28,368.711766514172
ev_count,EV 数量,60.0,EV=60,29,381.0017248696384
ev_count,EV 数量,75.0,EV=75,0,396.987883112429
ev_count,EV 数量,75.0,EV=75,1,412.016860748692
ev_count,EV 数量,75.0,EV=75,2,430.76968612460144
ev_count,EV 数量,75.0,EV=75,3,395.101379925742
ev_count,EV 数量,75.0,EV=75,4,406.2152507253288
ev_count,EV 数量,75.0,EV=75,5,389.7491695284032
ev_count,EV 数量,75.0,EV=75,6,363.9837881585625
ev_count,EV 数量,75.0,EV=75,7,389.3336551663303
ev_count,EV 数量,75.0,EV=75,8,361.1431304791698
ev_count,EV 数量,75.0,EV=75,9,368.6079856903407
ev_count,EV 数量,75.0,EV=75,10,377.38733412597685
ev_count,EV 数量,75.0,EV=75,11,372.6817406481185
ev_count,EV 数量,75.0,EV=75,12,397.49284843672183
ev_count,EV 数量,75.0,EV=75,13,380.21423052987177
ev_count,EV 数量,75.0,EV=75,14,356.99145430825575
ev_count,EV 数量,75.0,EV=75,15,408.7489176353526
ev_count,EV 数量,75.0,EV=75,16,407.0177434886923
ev_count,EV 数量,75.0,EV=75,17,428.8719850525133
ev_count,EV 数量,75.0,EV=75,18,370.00799662036866
ev_count,EV 数量,75.0,EV=75,19,399.26668202510655
ev_count,EV 数量,75.0,EV=75,20,372.9457288230311
ev_count,EV 数量,75.0,EV=75,21,368.8359173445896
ev_count,EV 数量,75.0,EV=75,22,389.69791446632075
ev_count,EV 数量,75.0,EV=75,23,333.7864638866091
ev_count,EV 数量,75.0,EV=75,24,336.11038967337925
ev_count,EV 数量,75.0,EV=75,25,337.00679364570937
ev_count,EV 数量,75.0,EV=75,26,394.37667895263826
ev_count,EV 数量,75.0,EV=75,27,391.73381692475664
ev_count,EV 数量,75.0,EV=75,28,387.7893085009058
ev_count,EV 数量,75.0,EV=75,29,395.7230960064855
ev_count,EV 数量,90.0,EV=90,0,415.37330760103134
ev_count,EV 数量,90.0,EV=90,1,430.18195824532677
ev_count,EV 数量,90.0,EV=90,2,455.2819933218291
ev_count,EV 数量,90.0,EV=90,3,412.48284082780896
ev_count,EV 数量,90.0,EV=90,4,431.25477649908225
ev_count,EV 数量,90.0,EV=90,5,409.6345522835954
ev_count,EV 数量,90.0,EV=90,6,381.58911659209366
ev_count,EV 数量,90.0,EV=90,7,407.31938907837645
ev_count,EV 数量,90.0,EV=90,8,378.6092941794207
ev_count,EV 数量,90.0,EV=90,9,388.38228085598075
ev_count,EV 数量,90.0,EV=90,10,397.40672292924387
ev_count,EV 数量,90.0,EV=90,11,387.12634094844657
ev_count,EV 数量,90.0,EV=90,12,414.3159131991805
ev_count,EV 数量,90.0,EV=90,13,395.3158555028804
ev_count,EV 数量,90.0,EV=90,14,376.97131064901447
ev_count,EV 数量,90.0,EV=90,15,426.83863210823495
ev_count,EV 数量,90.0,EV=90,16,424.7890206086091
ev_count,EV 数量,90.0,EV=90,17,450.13720425660244
ev_count,EV 数量,90.0,EV=90,18,388.89365566555034
ev_count,EV 数量,90.0,EV=90,19,416.45618691739816
ev_count,EV 数量,90.0,EV=90,20,390.60883870717646
ev_count,EV 数量,90.0,EV=90,21,385.02733978060536
ev_count,EV 数量,90.0,EV=90,22,409.3585023499191
ev_count,EV 数量,90.0,EV=90,23,349.2412387143783
ev_count,EV 数量,90.0,EV=90,24,351.21697543094353
ev_count,EV 数量,90.0,EV=90,25,350.189708904188
ev_count,EV 数量,90.0,EV=90,26,414.2744842691749
ev_count,EV 数量,90.0,EV=90,27,408.97307631402776
ev_count,EV 数量,90.0,EV=90,28,408.96250075719774
ev_count,EV 数量,90.0,EV=90,29,410.7312087159446
ev_count,EV 数量,100.0,EV=100,0,425.61045937014524
ev_count,EV 数量,100.0,EV=100,1,440.3552454915016
ev_count,EV 数量,100.0,EV=100,2,470.41866359682257
ev_count,EV 数量,100.0,EV=100,3,422.1301548915629
ev_count,EV 数量,100.0,EV=100,4,450.0040378221861
ev_count,EV 数量,100.0,EV=100,5,422.4489729297609
ev_count,EV 数量,100.0,EV=100,6,392.7043814990831
ev_count,EV 数量,100.0,EV=100,7,418.7608079407795
ev_count,EV 数量,100.0,EV=100,8,389.2816718891641
ev_count,EV 数量,100.0,EV=100,9,401.13606475581526
ev_count,EV 数量,100.0,EV=100,10,410.4842589568793
ev_count,EV 数量,100.0,EV=100,11,397.21016356399366
ev_count,EV 数量,100.0,EV=100,12,426.6787711842607
ev_count,EV 数量,100.0,EV=100,13,404.463083270292
ev_count,EV 数量,100.0,EV=100,14,392.13128829562197
ev_count,EV 数量,100.0,EV=100,15,440.242472820859
ev_count,EV 数量,100.0,EV=100,16,437.94216262960646
ev_count,EV 数量,100.0,EV=100,17,464.22326974775865
ev_count,EV 数量,100.0,EV=100,18,402.3378989074731
ev_count,EV 数量,100.0,EV=100,19,428.91942337441105
ev_count,EV 数量,100.0,EV=100,20,402.6555070603638
ev_count,EV 数量,100.0,EV=100,21,396.4221339782315
ev_count,EV 数量,100.0,EV=100,22,421.6432600003544
ev_count,EV 数量,100.0,EV=100,23,359.34248452788574
ev_count,EV 数量,100.0,EV=100,24,360.73007430450764
ev_count,EV 数量,100.0,EV=100,25,358.8419770848629
ev_count,EV 数量,100.0,EV=100,26,428.07765171186145
ev_count,EV 数量,100.0,EV=100,27,420.0378208918105
ev_count,EV 数量,100.0,EV=100,28,422.4191673291674
ev_count,EV 数量,100.0,EV=100,29,419.28048075559866
temp_mean,平均环境温度 / ℃,-8.9,Temp=-8.9 ℃,0,460.7376488531856
temp_mean,平均环境温度 / ℃,-8.9,Temp=-8.9 ℃,1,473.74513132755624
temp_mean,平均环境温度 / ℃,-8.9,Temp=-8.9 ℃,2,485.74066078125855
temp_mean,平均环境温度 / ℃,-8.9,Temp=-8.9 ℃,3,454.6431007498659
temp_mean,平均环境温度 / ℃,-8.9,Temp=-8.9 ℃,4,472.05782406994706
temp_mean,平均环境温度 / ℃,-8.9,Temp=-8.9 ℃,5,445.57314088075964
temp_mean,平均环境温度 / ℃,-8.9,Temp=-8.9 ℃,6,420.0326127060015
temp_mean,平均环境温度 / ℃,-8.9,Temp=-8.9 ℃,7,440.2669383747075
temp_mean,平均环境温度 / ℃,-8.9,Temp=-8.9 ℃,8,418.34366491992216
temp_mean,平均环境温度 / ℃,-8.9,Temp=-8.9 ℃,9,425.53819650251
temp_mean,平均环境温度 / ℃,-8.9,Temp=-8.9 ℃,10,431.3257855507816
temp_mean,平均环境温度 / ℃,-8.9,Temp=-8.9 ℃,11,423.4013803853163
temp_mean,平均环境温度 / ℃,-8.9,Temp=-8.9 ℃,12,449.2891522998129
temp_mean,平均环境温度 / ℃,-8.9,Temp=-8.9 ℃,13,428.0572429591407
temp_mean,平均环境温度 / ℃,-8.9,Temp=-8.9 ℃,14,417.64870409267206
temp_mean,平均环境温度 / ℃,-8.9,Temp=-8.9 ℃,15,459.67980860375246
temp_mean,平均环境温度 / ℃,-8.9,Temp=-8.9 ℃,16,456.8548810564543
temp_mean,平均环境温度 / ℃,-8.9,Temp=-8.9 ℃,17,486.8333967298894
temp_mean,平均环境温度 / ℃,-8.9,Temp=-8.9 ℃,18,427.65987155103016
temp_mean,平均环境温度 / ℃,-8.9,Temp=-8.9 ℃,19,446.29465744110917
temp_mean,平均环境温度 / ℃,-8.9,Temp=-8.9 ℃,20,429.4305383388757
temp_mean,平均环境温度 / ℃,-8.9,Temp=-8.9 ℃,21,419.3959602356194
temp_mean,平均环境温度 / ℃,-8.9,Temp=-8.9 ℃,22,441.7573341600594
temp_mean,平均环境温度 / ℃,-8.9,Temp=-8.9 ℃,23,386.52011379055966
temp_mean,平均环境温度 / ℃,-8.9,Temp=-8.9 ℃,24,388.10409295846586
temp_mean,平均环境温度 / ℃,-8.9,Temp=-8.9 ℃,25,386.60131313433453
temp_mean,平均环境温度 / ℃,-8.9,Temp=-8.9 ℃,26,448.77885959795435
temp_mean,平均环境温度 / ℃,-8.9,Temp=-8.9 ℃,27,449.2297863339605
temp_mean,平均环境温度 / ℃,-8.9,Temp=-8.9 ℃,28,439.83090615315075
temp_mean,平均环境温度 / ℃,-8.9,Temp=-8.9 ℃,29,455.22246305792413
temp_mean,平均环境温度 / ℃,-7.4,Temp=-7.4 ℃,0,403.416955129985
temp_mean,平均环境温度 / ℃,-7.4,Temp=-7.4 ℃,1,418.3906467199029
temp_mean,平均环境温度 / ℃,-7.4,Temp=-7.4 ℃,2,439.0423554267851
temp_mean,平均环境温度 / ℃,-7.4,Temp=-7.4 ℃,3,401.44310902493874
temp_mean,平均环境温度 / ℃,-7.4,Temp=-7.4 ℃,4,414.72104406289276
temp_mean,平均环境温度 / ℃,-7.4,Temp=-7.4 ℃,5,396.36862940924493
temp_mean,平均环境温度 / ℃,-7.4,Temp=-7.4 ℃,6,369.93815847552503
temp_mean,平均环境温度 / ℃,-7.4,Temp=-7.4 ℃,7,395.413168692322
temp_mean,平均环境温度 / ℃,-7.4,Temp=-7.4 ℃,8,367.06981647124076
temp_mean,平均环境温度 / ℃,-7.4,Temp=-7.4 ℃,9,375.23679365716646
temp_mean,平均环境温度 / ℃,-7.4,Temp=-7.4 ℃,10,384.095655388373
temp_mean,平均环境温度 / ℃,-7.4,Temp=-7.4 ℃,11,377.7238712133651
temp_mean,平均环境温度 / ℃,-7.4,Temp=-7.4 ℃,12,403.3093225873662
temp_mean,平均环境温度 / ℃,-7.4,Temp=-7.4 ℃,13,385.39838890072923
temp_mean,平均环境温度 / ℃,-7.4,Temp=-7.4 ℃,14,363.64362454320815
temp_mean,平均环境温度 / ℃,-7.4,Temp=-7.4 ℃,15,414.9469641397195
temp_mean,平均环境温度 / ℃,-7.4,Temp=-7.4 ℃,16,413.0840369953745
temp_mean,平均环境温度 / ℃,-7.4,Temp=-7.4 ℃,17,436.07403091762046
temp_mean,平均环境温度 / ℃,-7.4,Temp=-7.4 ℃,18,376.51602656271155
temp_mean,平均环境温度 / ℃,-7.4,Temp=-7.4 ℃,19,405.2252127055384
temp_mean,平均环境温度 / ℃,-7.4,Temp=-7.4 ℃,20,378.96556770949894
temp_mean,平均环境温度 / ℃,-7.4,Temp=-7.4 ℃,21,374.4875995971739
temp_mean,平均环境温度 / ℃,-7.4,Temp=-7.4 ℃,22,396.30394881649374
temp_mean,平均环境温度 / ℃,-7.4,Temp=-7.4 ℃,23,339.0647292360543
temp_mean,平均环境温度 / ℃,-7.4,Temp=-7.4 ℃,24,341.1788234081954
temp_mean,平均环境温度 / ℃,-7.4,Temp=-7.4 ℃,25,341.4871615272497
temp_mean,平均环境温度 / ℃,-7.4,Temp=-7.4 ℃,26,401.05550361402817
temp_mean,平均环境温度 / ℃,-7.4,Temp=-7.4 ℃,27,397.6482271282772
temp_mean,平均环境温度 / ℃,-7.4,Temp=-7.4 ℃,28,394.8538240596682
temp_mean,平均环境温度 / ℃,-7.4,Temp=-7.4 ℃,29,400.95123868505834
temp_mean,平均环境温度 / ℃,-5.5,Temp=-5.5 ℃,0,344.05950830983966
temp_mean,平均环境温度 / ℃,-5.5,Temp=-5.5 ℃,1,360.58905942375713
temp_mean,平均环境温度 / ℃,-5.5,Temp=-5.5 ℃,2,390.58072808949646
temp_mean,平均环境温度 / ℃,-5.5,Temp=-5.5 ℃,3,346.3103959730439
temp_mean,平均环境温度 / ℃,-5.5,Temp=-5.5 ℃,4,356.3619750706341
temp_mean,平均环境温度 / ℃,-5.5,Temp=-5.5 ℃,5,346.23886773358834
temp_mean,平均环境温度 / ℃,-5.5,Temp=-5.5 ℃,6,319.2595981150968
temp_mean,平均环境温度 / ℃,-5.5,Temp=-5.5 ℃,7,349.5095954799798
temp_mean,平均环境温度 / ℃,-5.5,Temp=-5.5 ℃,8,314.70422668757533
temp_mean,平均环境温度 / ℃,-5.5,Temp=-5.5 ℃,9,323.9937020757604
temp_mean,平均环境温度 / ℃,-5.5,Temp=-5.5 ℃,10,335.5084989491538
temp_mean,平均环境温度 / ℃,-5.5,Temp=-5.5 ℃,11,331.8984477443066
temp_mean,平均环境温度 / ℃,-5.5,Temp=-5.5 ℃,12,356.8994835759038
temp_mean,平均环境温度 / ℃,-5.5,Temp=-5.5 ℃,13,341.66210177373694
temp_mean,平均环境温度 / ℃,-5.5,Temp=-5.5 ℃,14,308.86663856726045
temp_mean,平均环境温度 / ℃,-5.5,Temp=-5.5 ℃,15,368.249424043522
temp_mean,平均环境温度 / ℃,-5.5,Temp=-5.5 ℃,16,368.2305547706878
temp_mean,平均环境温度 / ℃,-5.5,Temp=-5.5 ℃,17,383.70529987335624
temp_mean,平均环境温度 / ℃,-5.5,Temp=-5.5 ℃,18,322.6112156875265
temp_mean,平均环境温度 / ℃,-5.5,Temp=-5.5 ℃,19,362.9954615537154
temp_mean,平均环境温度 / ℃,-5.5,Temp=-5.5 ℃,20,328.2384817455851
temp_mean,平均环境温度 / ℃,-5.5,Temp=-5.5 ℃,21,329.18775924747354
temp_mean,平均环境温度 / ℃,-5.5,Temp=-5.5 ℃,22,349.58381359691225
temp_mean,平均环境温度 / ℃,-5.5,Temp=-5.5 ℃,23,290.05959678752026
temp_mean,平均环境温度 / ℃,-5.5,Temp=-5.5 ℃,24,291.84387985423155
temp_mean,平均环境温度 / ℃,-5.5,Temp=-5.5 ℃,25,292.80910303479135
temp_mean,平均环境温度 / ℃,-5.5,Temp=-5.5 ℃,26,350.15706574045385
temp_mean,平均环境温度 / ℃,-5.5,Temp=-5.5 ℃,27,342.54538158789273
temp_mean,平均环境温度 / ℃,-5.5,Temp=-5.5 ℃,28,349.0143269984078
temp_mean,平均环境温度 / ℃,-5.5,Temp=-5.5 ℃,29,343.097886046492
temp_mean,平均环境温度 / ℃,-2.7,Temp=-2.7 ℃,0,292.52902051237294
temp_mean,平均环境温度 / ℃,-2.7,Temp=-2.7 ℃,1,305.20445981509243
temp_mean,平均环境温度 / ℃,-2.7,Temp=-2.7 ℃,2,343.7696358607382
temp_mean,平均环境温度 / ℃,-2.7,Temp=-2.7 ℃,3,291.9189860632111
temp_mean,平均环境温度 / ℃,-2.7,Temp=-2.7 ℃,4,301.11874030272253
temp_mean,平均环境温度 / ℃,-2.7,Temp=-2.7 ℃,5,298.82726426899046
temp_mean,平均环境温度 / ℃,-2.7,Temp=-2.7 ℃,6,272.58759206074035
temp_mean,平均环境温度 / ℃,-2.7,Temp=-2.7 ℃,7,305.80044511349274
temp_mean,平均环境温度 / ℃,-2.7,Temp=-2.7 ℃,8,265.62848006240415
temp_mean,平均环境温度 / ℃,-2.7,Temp=-2.7 ℃,9,276.5625785633666
temp_mean,平均环境温度 / ℃,-2.7,Temp=-2.7 ℃,10,288.8518993163058
temp_mean,平均环境温度 / ℃,-2.7,Temp=-2.7 ℃,11,287.9617402795813
temp_mean,平均环境温度 / ℃,-2.7,Temp=-2.7 ℃,12,313.95269691565613
temp_mean,平均环境温度 / ℃,-2.7,Temp=-2.7 ℃,13,296.02303642532206
temp_mean,平均环境温度 / ℃,-2.7,Temp=-2.7 ℃,14,258.4181776375841
temp_mean,平均环境温度 / ℃,-2.7,Temp=-2.7 ℃,15,321.3028889750177
temp_mean,平均环境温度 / ℃,-2.7,Temp=-2.7 ℃,16,326.0675258455356
temp_mean,平均环境温度 / ℃,-2.7,Temp=-2.7 ℃,17,334.27483602035244
temp_mean,平均环境温度 / ℃,-2.7,Temp=-2.7 ℃,18,274.30438444776547
temp_mean,平均环境温度 / ℃,-2.7,Temp=-2.7 ℃,19,321.97613008269957
temp_mean,平均环境温度 / ℃,-2.7,Temp=-2.7 ℃,20,280.3908135347664
temp_mean,平均环境温度 / ℃,-2.7,Temp=-2.7 ℃,21,284.8400381515506
temp_mean,平均环境温度 / ℃,-2.7,Temp=-2.7 ℃,22,305.0162447040785
temp_mean,平均环境温度 / ℃,-2.7,Temp=-2.7 ℃,23,245.22914168775566
temp_mean,平均环境温度 / ℃,-2.7,Temp=-2.7 ℃,24,245.8117462204726
temp_mean,平均环境温度 / ℃,-2.7,Temp=-2.7 ℃,25,245.46841858183706
temp_mean,平均环境温度 / ℃,-2.7,Temp=-2.7 ℃,26,302.17216739671005
temp_mean,平均环境温度 / ℃,-2.7,Temp=-2.7 ℃,27,288.7171764567248
temp_mean,平均环境温度 / ℃,-2.7,Temp=-2.7 ℃,28,305.56809547422847
temp_mean,平均环境温度 / ℃,-2.7,Temp=-2.7 ℃,29,285.9033791443063
pv_energy,光伏曲线累计出力（标幺值）,5.3,PV energy=5.300,0,424.0749404906866
pv_energy,光伏曲线累计出力（标幺值）,5.3,PV energy=5.300,1,433.9173594947061
pv_energy,光伏曲线累计出力（标幺值）,5.3,PV energy=5.300,2,459.2268005981516
pv_energy,光伏曲线累计出力（标幺值）,5.3,PV energy=5.300,3,414.94252485894805
pv_energy,光伏曲线累计出力（标幺值）,5.3,PV energy=5.300,4,450.4378901180383
pv_energy,光伏曲线累计出力（标幺值）,5.3,PV energy=5.300,5,419.81589013778785
pv_energy,光伏曲线累计出力（标幺值）,5.3,PV energy=5.300,6,397.0005603396327
pv_energy,光伏曲线累计出力（标幺值）,5.3,PV energy=5.300,7,420.0067465449985
pv_energy,光伏曲线累计出力（标幺值）,5.3,PV energy=5.300,8,392.23541674739624
pv_energy,光伏曲线累计出力（标幺值）,5.3,PV energy=5.300,9,402.6690565911798
pv_energy,光伏曲线累计出力（标幺值）,5.3,PV energy=5.300,10,409.0963900248627
pv_energy,光伏曲线累计出力（标幺值）,5.3,PV energy=5.300,11,400.5013011175601
pv_energy,光伏曲线累计出力（标幺值）,5.3,PV energy=5.300,12,430.27190961221714
pv_energy,光伏曲线累计出力（标幺值）,5.3,PV energy=5.300,13,404.72348767585277
pv_energy,光伏曲线累计出力（标幺值）,5.3,PV energy=5.300,14,400.6047824887415
pv_energy,光伏曲线累计出力（标幺值）,5.3,PV energy=5.300,15,443.9273238477287
pv_energy,光伏曲线累计出力（标幺值）,5.3,PV energy=5.300,16,437.5032200746558
pv_energy,光伏曲线累计出力（标幺值）,5.3,PV energy=5.300,17,460.34741086706373
pv_energy,光伏曲线累计出力（标幺值）,5.3,PV energy=5.300,18,410.92173808142496
pv_energy,光伏曲线累计出力（标幺值）,5.3,PV energy=5.300,19,427.73737429961284
pv_energy,光伏曲线累计出力（标幺值）,5.3,PV energy=5.300,20,409.5963829077132
pv_energy,光伏曲线累计出力（标幺值）,5.3,PV energy=5.300,21,400.0695800799316
pv_energy,光伏曲线累计出力（标幺值）,5.3,PV energy=5.300,22,418.0277252010329
pv_energy,光伏曲线累计出力（标幺值）,5.3,PV energy=5.300,23,369.3007102151147
pv_energy,光伏曲线累计出力（标幺值）,5.3,PV energy=5.300,24,369.0682809764154
pv_energy,光伏曲线累计出力（标幺值）,5.3,PV energy=5.300,25,367.21393029955345
pv_energy,光伏曲线累计出力（标幺值）,5.3,PV energy=5.300,26,428.4823749988915
pv_energy,光伏曲线累计出力（标幺值）,5.3,PV energy=5.300,27,419.56008632776627
pv_energy,光伏曲线累计出力（标幺值）,5.3,PV energy=5.300,28,420.53227146637477
pv_energy,光伏曲线累计出力（标幺值）,5.3,PV energy=5.300,29,416.64736900208015
pv_energy,光伏曲线累计出力（标幺值）,5.6,PV energy=5.600,0,407.85611436405316
pv_energy,光伏曲线累计出力（标幺值）,5.6,PV energy=5.600,1,420.07484831512727
pv_energy,光伏曲线累计出力（标幺值）,5.6,PV energy=5.600,2,444.96609419882327
pv_energy,光伏曲线累计出力（标幺值）,5.6,PV energy=5.600,3,401.7616822779877
pv_energy,光伏曲线累计出力（标幺值）,5.6,PV energy=5.600,4,425.67572620068074
pv_energy,光伏曲线累计出力（标幺值）,5.6,PV energy=5.600,5,403.02214128243304
pv_energy,光伏曲线累计出力（标幺值）,5.6,PV energy=5.600,6,377.8321210607345
pv_energy,光伏曲线累计出力（标幺值）,5.6,PV energy=5.600,7,402.35565088388364
pv_energy,光伏曲线累计出力（标幺值）,5.6,PV energy=5.600,8,374.06050380762224
pv_energy,光伏曲线累计出力（标幺值）,5.6,PV energy=5.600,9,383.42538736482106
pv_energy,光伏曲线累计出力（标幺值）,5.6,PV energy=5.600,10,391.5690074249027
pv_energy,光伏曲线累计出力（标幺值）,5.6,PV energy=5.600,11,384.5103455293573
pv_energy,光伏曲线累计出力（标幺值）,5.6,PV energy=5.600,12,411.8585456156911
pv_energy,光伏曲线累计出力（标幺值）,5.6,PV energy=5.600,13,390.9205275445415
pv_energy,光伏曲线累计出力（标幺值）,5.6,PV energy=5.600,14,375.6547321664052
pv_energy,光伏曲线累计出力（标幺值）,5.6,PV energy=5.600,15,425.1684811990666
pv_energy,光伏曲线累计出力（标幺值）,5.6,PV energy=5.600,16,421.58275531888114
pv_energy,光伏曲线累计出力（标幺值）,5.6,PV energy=5.600,17,442.4920796542483
pv_energy,光伏曲线累计出力（标幺值）,5.6,PV energy=5.600,18,388.3916412689732
pv_energy,光伏曲线累计出力（标幺值）,5.6,PV energy=5.600,19,412.5425463048551
pv_energy,光伏曲线累计出力（标幺值）,5.6,PV energy=5.600,20,388.40611092712766
pv_energy,光伏曲线累计出力（标幺值）,5.6,PV energy=5.600,21,382.6250334788764
pv_energy,光伏曲线累计出力（标幺值）,5.6,PV energy=5.600,22,402.65419422404216
pv_energy,光伏曲线累计出力（标幺值）,5.6,PV energy=5.600,23,347.5663470386239
pv_energy,光伏曲线累计出力（标幺值）,5.6,PV energy=5.600,24,349.1050403072165
pv_energy,光伏曲线累计出力（标幺值）,5.6,PV energy=5.600,25,349.4394438003642
pv_energy,光伏曲线累计出力（标幺值）,5.6,PV energy=5.600,26,410.31590435228367
pv_energy,光伏曲线累计出力（标幺值）,5.6,PV energy=5.600,27,404.1328861757041
pv_energy,光伏曲线累计出力（标幺值）,5.6,PV energy=5.600,28,404.0883068293536
pv_energy,光伏曲线累计出力（标幺值）,5.6,PV energy=5.600,29,401.66086888519806
pv_energy,光伏曲线累计出力（标幺值）,5.8,PV energy=5.800,0,403.6996600125901
pv_energy,光伏曲线累计出力（标幺值）,5.8,PV energy=5.800,1,417.4931499706528
pv_energy,光伏曲线累计出力（标幺值）,5.8,PV energy=5.800,2,441.07596241397357
pv_energy,光伏曲线累计出力（标幺值）,5.8,PV energy=5.800,3,399.8451093223562
pv_energy,光伏曲线累计出力（标幺值）,5.8,PV energy=5.800,4,417.79065046390474
pv_energy,光伏曲线累计出力（标幺值）,5.8,PV energy=5.800,5,398.31177755903593
pv_energy,光伏曲线累计出力（标幺值）,5.8,PV energy=5.800,6,371.7049776368296
pv_energy,光伏曲线累计出力（标幺值）,5.8,PV energy=5.800,7,397.32905099525186
pv_energy,光伏曲线累计出力（标幺值）,5.8,PV energy=5.800,8,368.8244282314212
pv_energy,光伏曲线累计出力（标幺值）,5.8,PV energy=5.800,9,377.5860533485624
pv_energy,光伏曲线累计出力（标幺值）,5.8,PV energy=5.800,10,386.43800685331786
pv_energy,光伏曲线累计出力（标幺值）,5.8,PV energy=5.800,11,379.6839930674039
pv_energy,光伏曲线累计出力（标幺值）,5.8,PV energy=5.800,12,406.0964024255939
pv_energy,光伏曲线累计出力（标幺值）,5.8,PV energy=5.800,13,387.1397501127747
pv_energy,光伏曲线累计出力（标幺值）,5.8,PV energy=5.800,14,367.16838372966276
pv_energy,光伏曲线累计出力（标幺值）,5.8,PV energy=5.800,15,418.4060241331724
pv_energy,光伏曲线累计出力（标幺值）,5.8,PV energy=5.800,16,415.9671448677222
pv_energy,光伏曲线累计出力（标幺值）,5.8,PV energy=5.800,17,437.5964573114013
pv_energy,光伏曲线累计出力（标幺值）,5.8,PV energy=5.800,18,380.86220285778563
pv_energy,光伏曲线累计出力（标幺值）,5.8,PV energy=5.800,19,407.57395735505133
pv_energy,光伏曲线累计出力（标幺值）,5.8,PV energy=5.800,20,381.7955064029393
pv_energy,光伏曲线累计出力（标幺值）,5.8,PV energy=5.800,21,377.15219248917924
pv_energy,光伏曲线累计出力（标幺值）,5.8,PV energy=5.800,22,398.28729517084935
pv_energy,光伏曲线累计出力（标幺值）,5.8,PV energy=5.800,23,340.8982123469551
pv_energy,光伏曲线累计出力（标幺值）,5.8,PV energy=5.800,24,342.9786907843849
pv_energy,光伏曲线累计出力（标幺值）,5.8,PV energy=5.800,25,344.0253801031878
pv_energy,光伏曲线累计出力（标幺值）,5.8,PV energy=5.800,26,404.60091527209755
pv_energy,光伏曲线累计出力（标幺值）,5.8,PV energy=5.800,27,399.9883845220845
pv_energy,光伏曲线累计出力（标幺值）,5.8,PV energy=5.800,28,398.3841987636912
pv_energy,光伏曲线累计出力（标幺值）,5.8,PV energy=5.800,29,399.0260755535678
pv_energy,光伏曲线累计出力（标幺值）,6.0,PV energy=6.000,0,402.62568349505887
pv_energy,光伏曲线累计出力（标幺值）,6.0,PV energy=6.000,1,417.3759468589427
pv_energy,光伏曲线累计出力（标幺值）,6.0,PV energy=6.000,2,439.2223458606252
pv_energy,光伏曲线累计出力（标幺值）,6.0,PV energy=6.000,3,400.0841414287598
pv_energy,光伏曲线累计出力（标幺值）,6.0,PV energy=6.000,4,414.5839001281208
pv_energy,光伏曲线累计出力（标幺值）,6.0,PV energy=6.000,5,396.2657434871733
pv_energy,光伏曲线累计出力（标幺值）,6.0,PV energy=6.000,6,369.51140637540095
pv_energy,光伏曲线累计出力（标幺值）,6.0,PV energy=6.000,7,395.30911240756063
pv_energy,光伏曲线累计出力（标幺值）,6.0,PV energy=6.000,8,366.765889720103
pv_energy,光伏曲线累计出力（标幺值）,6.0,PV energy=6.000,9,375.14457335915506
pv_energy,光伏曲线累计出力（标幺值）,6.0,PV energy=6.000,10,384.1851384426668
pv_energy,光伏曲线累计出力（标幺值）,6.0,PV energy=6.000,11,377.6212326053268
pv_energy,光伏曲线累计出力（标幺值）,6.0,PV energy=6.000,12,403.50130610197965
pv_energy,光伏曲线累计出力（标幺值）,6.0,PV energy=6.000,13,385.4175906422704
pv_energy,光伏曲线累计出力（标幺值）,6.0,PV energy=6.000,14,363.6911895235003
pv_energy,光伏曲线累计出力（标幺值）,6.0,PV energy=6.000,15,415.3219974359906
pv_energy,光伏曲线累计出力（标幺值）,6.0,PV energy=6.000,16,413.4221617872364
pv_energy,光伏曲线累计出力（标幺值）,6.0,PV energy=6.000,17,435.74302356439654
pv_energy,光伏曲线累计出力（标幺值）,6.0,PV energy=6.000,18,377.24828191152505
pv_energy,光伏曲线累计出力（标幺值）,6.0,PV energy=6.000,19,405.4841669248797
pv_energy,光伏曲线累计出力（标幺值）,6.0,PV energy=6.000,20,378.8566246758266
pv_energy,光伏曲线累计出力（标幺值）,6.0,PV energy=6.000,21,374.6018303637985
pv_energy,光伏曲线累计出力（标幺值）,6.0,PV energy=6.000,22,396.33613352357673
pv_energy,光伏曲线累计出力（标幺值）,6.0,PV energy=6.000,23,338.5966894253962
pv_energy,光伏曲线累计出力（标幺值）,6.0,PV energy=6.000,24,340.7687639617381
pv_energy,光伏曲线累计出力（标幺值）,6.0,PV energy=6.000,25,341.5912481872018
pv_energy,光伏曲线累计出力（标幺值）,6.0,PV energy=6.000,26,401.67331365311884
pv_energy,光伏曲线累计出力（标幺值）,6.0,PV energy=6.000,27,397.8819897140522
pv_energy,光伏曲线累计出力（标幺值）,6.0,PV energy=6.000,28,395.47004672533706
pv_energy,光伏曲线累计出力（标幺值）,6.0,PV energy=6.000,29,399.2335118445327
