parameter_type,parameter_name,x_value,label,price_curve_idx,cost,mode
ev_count,EV 数量,60,EV=60,0,1915.024251,extreme
ev_count,EV 数量,60,EV=60,1,2650.061784,extreme
ev_count,EV 数量,60,EV=60,2,3951.832082,extreme
ev_count,EV 数量,60,EV=60,3,4853.392332,extreme
ev_count,EV 数量,60,EV=60,4,3451.605543,extreme
ev_count,EV 数量,60,EV=60,5,2357.940832,extreme
ev_count,EV 数量,60,EV=60,6,2078.182598,extreme
ev_count,EV 数量,60,EV=60,7,2284.911848,extreme
ev_count,EV 数量,60,EV=60,8,1447.496539,extreme
ev_count,EV 数量,60,EV=60,9,1592.808452,extreme
ev_count,EV 数量,60,EV=60,10,1079.85136,extreme
ev_count,EV 数量,60,EV=60,11,985.5613184,extreme
ev_count,EV 数量,60,EV=60,12,1292.716996,extreme
ev_count,EV 数量,60,EV=60,13,1065.573344,extreme
ev_count,EV 数量,60,EV=60,14,872.5682625,extreme
ev_count,EV 数量,75,EV=75,0,2000.774243,extreme
ev_count,EV 数量,75,EV=75,1,2769.446251,extreme
ev_count,EV 数量,75,EV=75,2,4125.399699,extreme
ev_count,EV 数量,75,EV=75,3,5064.565054,extreme
ev_count,EV 数量,75,EV=75,4,3579.080648,extreme
ev_count,EV 数量,75,EV=75,5,2450.024416,extreme
ev_count,EV 数量,75,EV=75,6,2163.184325,extreme
ev_count,EV 数量,75,EV=75,7,2390.654082,extreme
ev_count,EV 数量,75,EV=75,8,1501.062019,extreme
ev_count,EV 数量,75,EV=75,9,1649.92497,extreme
ev_count,EV 数量,75,EV=75,10,1126.494452,extreme
ev_count,EV 数量,75,EV=75,11,1029.215384,extreme
ev_count,EV 数量,75,EV=75,12,1341.129035,extreme
ev_count,EV 数量,75,EV=75,13,1108.045324,extreme
ev_count,EV 数量,75,EV=75,14,891.6330276,extreme
ev_count,EV 数量,90,EV=90,0,2090.338987,extreme
ev_count,EV 数量,90,EV=90,1,2894.396584,extreme
ev_count,EV 数量,90,EV=90,2,4318.183898,extreme
ev_count,EV 数量,90,EV=90,3,5309.09334,extreme
ev_count,EV 数量,90,EV=90,4,3723.760409,extreme
ev_count,EV 数量,90,EV=90,5,2548.388699,extreme
ev_count,EV 数量,90,EV=90,6,2256.651718,extreme
ev_count,EV 数量,90,EV=90,7,2500.829337,extreme
ev_count,EV 数量,90,EV=90,8,1557.593797,extreme
ev_count,EV 数量,90,EV=90,9,1715.075033,extreme
ev_count,EV 数量,90,EV=90,10,1175.421563,extreme
ev_count,EV 数量,90,EV=90,11,1071.250118,extreme
ev_count,EV 数量,90,EV=90,12,1392.857165,extreme
ev_count,EV 数量,90,EV=90,13,1158.046151,extreme
ev_count,EV 数量,90,EV=90,14,921.3100082,extreme
ev_count,EV 数量,100,EV=100,0,2142.548116,extreme
ev_count,EV 数量,100,EV=100,1,2994.344833,extreme
ev_count,EV 数量,100,EV=100,2,4441.041489,extreme
ev_count,EV 数量,100,EV=100,3,5476.853127,extreme
ev_count,EV 数量,100,EV=100,4,3809.908929,extreme
ev_count,EV 数量,100,EV=100,5,2617.694773,extreme
ev_count,EV 数量,100,EV=100,6,2326.189887,extreme
ev_count,EV 数量,100,EV=100,7,2582.466376,extreme
ev_count,EV 数量,100,EV=100,8,1598.442999,extreme
ev_count,EV 数量,100,EV=100,9,1757.954556,extreme
ev_count,EV 数量,100,EV=100,10,1210.302852,extreme
ev_count,EV 数量,100,EV=100,11,1095.981868,extreme
ev_count,EV 数量,100,EV=100,12,1432.008318,extreme
ev_count,EV 数量,100,EV=100,13,1193.898745,extreme
ev_count,EV 数量,100,EV=100,14,948.5714462,extreme
temp_mean,平均环境温度 / ℃,-8.9,Temp=-8.9 ℃,0,2246.183362,extreme
temp_mean,平均环境温度 / ℃,-8.9,Temp=-8.9 ℃,1,3117.123938,extreme
temp_mean,平均环境温度 / ℃,-8.9,Temp=-8.9 ℃,2,4660.563051,extreme
temp_mean,平均环境温度 / ℃,-8.9,Temp=-8.9 ℃,3,5863.871533,extreme
temp_mean,平均环境温度 / ℃,-8.9,Temp=-8.9 ℃,4,4099.855779,extreme
temp_mean,平均环境温度 / ℃,-8.9,Temp=-8.9 ℃,5,2745.336631,extreme
temp_mean,平均环境温度 / ℃,-8.9,Temp=-8.9 ℃,6,2438.908284,extreme
temp_mean,平均环境温度 / ℃,-8.9,Temp=-8.9 ℃,7,2689.894475,extreme
temp_mean,平均环境温度 / ℃,-8.9,Temp=-8.9 ℃,8,1733.678379,extreme
temp_mean,平均环境温度 / ℃,-8.9,Temp=-8.9 ℃,9,1922.409927,extreme
temp_mean,平均环境温度 / ℃,-8.9,Temp=-8.9 ℃,10,1265.52803,extreme
temp_mean,平均环境温度 / ℃,-8.9,Temp=-8.9 ℃,11,1192.616072,extreme
temp_mean,平均环境温度 / ℃,-8.9,Temp=-8.9 ℃,12,1517.66016,extreme
temp_mean,平均环境温度 / ℃,-8.9,Temp=-8.9 ℃,13,1292.343404,extreme
temp_mean,平均环境温度 / ℃,-8.9,Temp=-8.9 ℃,14,1110.848261,extreme
temp_mean,平均环境温度 / ℃,-7.4,Temp=-7.4 ℃,0,2033.002848,extreme
temp_mean,平均环境温度 / ℃,-7.4,Temp=-7.4 ℃,1,2812.227496,extreme
temp_mean,平均环境温度 / ℃,-7.4,Temp=-7.4 ℃,2,4189.588518,extreme
temp_mean,平均环境温度 / ℃,-7.4,Temp=-7.4 ℃,3,5151.247634,extreme
temp_mean,平均环境温度 / ℃,-7.4,Temp=-7.4 ℃,4,3629.667328,extreme
temp_mean,平均环境温度 / ℃,-7.4,Temp=-7.4 ℃,5,2484.348377,extreme
temp_mean,平均环境温度 / ℃,-7.4,Temp=-7.4 ℃,6,2195.264068,extreme
temp_mean,平均环境温度 / ℃,-7.4,Temp=-7.4 ℃,7,2429.070563,extreme
temp_mean,平均环境温度 / ℃,-7.4,Temp=-7.4 ℃,8,1521.612825,extreme
temp_mean,平均环境温度 / ℃,-7.4,Temp=-7.4 ℃,9,1674.288765,extreme
temp_mean,平均环境温度 / ℃,-7.4,Temp=-7.4 ℃,10,1143.516897,extreme
temp_mean,平均环境温度 / ℃,-7.4,Temp=-7.4 ℃,11,1044.678311,extreme
temp_mean,平均环境温度 / ℃,-7.4,Temp=-7.4 ℃,12,1359.494208,extreme
temp_mean,平均环境温度 / ℃,-7.4,Temp=-7.4 ℃,13,1125.980683,extreme
temp_mean,平均环境温度 / ℃,-7.4,Temp=-7.4 ℃,14,899.9211457,extreme
temp_mean,平均环境温度 / ℃,-5.5,Temp=-5.5 ℃,0,1806.915454,extreme
temp_mean,平均环境温度 / ℃,-5.5,Temp=-5.5 ℃,1,2499.819372,extreme
temp_mean,平均环境温度 / ℃,-5.5,Temp=-5.5 ℃,2,3706.016737,extreme
temp_mean,平均环境温度 / ℃,-5.5,Temp=-5.5 ℃,3,4423.976126,extreme
temp_mean,平均环境温度 / ℃,-5.5,Temp=-5.5 ℃,4,3112.598462,extreme
temp_mean,平均环境温度 / ℃,-5.5,Temp=-5.5 ℃,5,2209.03991,extreme
temp_mean,平均环境温度 / ℃,-5.5,Temp=-5.5 ℃,6,1945.941583,extreme
temp_mean,平均环境温度 / ℃,-5.5,Temp=-5.5 ℃,7,2152.871278,extreme
temp_mean,平均环境温度 / ℃,-5.5,Temp=-5.5 ℃,8,1301.578079,extreme
temp_mean,平均环境温度 / ℃,-5.5,Temp=-5.5 ℃,9,1422.81431,extreme
temp_mean,平均环境温度 / ℃,-5.5,Temp=-5.5 ℃,10,1019.371308,extreme
temp_mean,平均环境温度 / ℃,-5.5,Temp=-5.5 ℃,11,892.5317757,extreme
temp_mean,平均环境温度 / ℃,-5.5,Temp=-5.5 ℃,12,1198.478734,extreme
temp_mean,平均环境温度 / ℃,-5.5,Temp=-5.5 ℃,13,958.6010347,extreme
temp_mean,平均环境温度 / ℃,-5.5,Temp=-5.5 ℃,14,692.4065343,extreme
temp_mean,平均环境温度 / ℃,-2.7,Temp=-2.7 ℃,0,1577.903745,extreme
temp_mean,平均环境温度 / ℃,-2.7,Temp=-2.7 ℃,1,2208.380514,extreme
temp_mean,平均环境温度 / ℃,-2.7,Temp=-2.7 ℃,2,3236.69692,extreme
temp_mean,平均环境温度 / ℃,-2.7,Temp=-2.7 ℃,3,3759.811866,extreme
temp_mean,平均环境温度 / ℃,-2.7,Temp=-2.7 ℃,4,2598.977353,extreme
temp_mean,平均环境温度 / ℃,-2.7,Temp=-2.7 ℃,5,1925.715428,extreme
temp_mean,平均环境温度 / ℃,-2.7,Temp=-2.7 ℃,6,1713.530742,extreme
temp_mean,平均环境温度 / ℃,-2.7,Temp=-2.7 ℃,7,1890.143613,extreme
temp_mean,平均环境温度 / ℃,-2.7,Temp=-2.7 ℃,8,1090.220579,extreme
temp_mean,平均环境温度 / ℃,-2.7,Temp=-2.7 ℃,9,1186.77665,extreme
temp_mean,平均环境温度 / ℃,-2.7,Temp=-2.7 ℃,10,892.2314588,extreme
temp_mean,平均环境温度 / ℃,-2.7,Temp=-2.7 ℃,11,740.5654081,extreme
temp_mean,平均环境温度 / ℃,-2.7,Temp=-2.7 ℃,12,1038.118922,extreme
temp_mean,平均环境温度 / ℃,-2.7,Temp=-2.7 ℃,13,813.0958728,extreme
temp_mean,平均环境温度 / ℃,-2.7,Temp=-2.7 ℃,14,496.6405262,extreme
pv_energy,光伏曲线累计出力（标幺值）,5.3,PV energy=5.300,0,2122.190296,extreme
pv_energy,光伏曲线累计出力（标幺值）,5.3,PV energy=5.300,1,3015.59581,extreme
pv_energy,光伏曲线累计出力（标幺值）,5.3,PV energy=5.300,2,4425.50536,extreme
pv_energy,光伏曲线累计出力（标幺值）,5.3,PV energy=5.300,3,5606.571336,extreme
pv_energy,光伏曲线累计出力（标幺值）,5.3,PV energy=5.300,4,3881.121507,extreme
pv_energy,光伏曲线累计出力（标幺值）,5.3,PV energy=5.300,5,2625.080641,extreme
pv_energy,光伏曲线累计出力（标幺值）,5.3,PV energy=5.300,6,2344.430146,extreme
pv_energy,光伏曲线累计出力（标幺值）,5.3,PV energy=5.300,7,2590.163297,extreme
pv_energy,光伏曲线累计出力（标幺值）,5.3,PV energy=5.300,8,1650.492866,extreme
pv_energy,光伏曲线累计出力（标幺值）,5.3,PV energy=5.300,9,1818.609579,extreme
pv_energy,光伏曲线累计出力（标幺值）,5.3,PV energy=5.300,10,1216.340625,extreme
pv_energy,光伏曲线累计出力（标幺值）,5.3,PV energy=5.300,11,1098.145347,extreme
pv_energy,光伏曲线累计出力（标幺值）,5.3,PV energy=5.300,12,1449.437636,extreme
pv_energy,光伏曲线累计出力（标幺值）,5.3,PV energy=5.300,13,1236.827721,extreme
pv_energy,光伏曲线累计出力（标幺值）,5.3,PV energy=5.300,14,972.4931362,extreme
pv_energy,光伏曲线累计出力（标幺值）,5.6,PV energy=5.600,0,2055.875153,extreme
pv_energy,光伏曲线累计出力（标幺值）,5.6,PV energy=5.600,1,2872.471999,extreme
pv_energy,光伏曲线累计出力（标幺值）,5.6,PV energy=5.600,2,4259.147336,extreme
pv_energy,光伏曲线累计出力（标幺值）,5.6,PV energy=5.600,3,5288.035224,extreme
pv_energy,光伏曲线累计出力（标幺值）,5.6,PV energy=5.600,4,3705.674318,extreme
pv_energy,光伏曲线累计出力（标幺值）,5.6,PV energy=5.600,5,2527.752763,extreme
pv_energy,光伏曲线累计出力（标幺值）,5.6,PV energy=5.600,6,2245.974776,extreme
pv_energy,光伏曲线累计出力（标幺值）,5.6,PV energy=5.600,7,2489.890315,extreme
pv_energy,光伏曲线累计出力（标幺值）,5.6,PV energy=5.600,8,1569.237331,extreme
pv_energy,光伏曲线累计出力（标幺值）,5.6,PV energy=5.600,9,1725.280744,extreme
pv_energy,光伏曲线累计出力（标幺值）,5.6,PV energy=5.600,10,1165.203619,extreme
pv_energy,光伏曲线累计出力（标幺值）,5.6,PV energy=5.600,11,1059.445239,extreme
pv_energy,光伏曲线累计出力（标幺值）,5.6,PV energy=5.600,12,1396.642515,extreme
pv_energy,光伏曲线累计出力（标幺值）,5.6,PV energy=5.600,13,1166.233654,extreme
pv_energy,光伏曲线累计出力（标幺值）,5.6,PV energy=5.600,14,904.9066086,extreme
pv_energy,光伏曲线累计出力（标幺值）,5.8,PV energy=5.800,0,2038.41121,extreme
pv_energy,光伏曲线累计出力（标幺值）,5.8,PV energy=5.800,1,2825.095069,extreme
pv_energy,光伏曲线累计出力（标幺值）,5.8,PV energy=5.800,2,4211.169567,extreme
pv_energy,光伏曲线累计出力（标幺值）,5.8,PV energy=5.800,3,5189.738696,extreme
pv_energy,光伏曲线累计出力（标幺值）,5.8,PV energy=5.800,4,3652.871956,extreme
pv_energy,光伏曲线累计出力（标幺值）,5.8,PV energy=5.800,5,2500.620798,extreme
pv_energy,光伏曲线累计出力（标幺值）,5.8,PV energy=5.800,6,2210.913806,extreme
pv_energy,光伏曲线累计出力（标幺值）,5.8,PV energy=5.800,7,2454.241591,extreme
pv_energy,光伏曲线累计出力（标幺值）,5.8,PV energy=5.800,8,1541.423928,extreme
pv_energy,光伏曲线累计出力（标幺值）,5.8,PV energy=5.800,9,1694.398167,extreme
pv_energy,光伏曲线累计出力（标幺值）,5.8,PV energy=5.800,10,1150.580092,extreme
pv_energy,光伏曲线累计出力（标幺值）,5.8,PV energy=5.800,11,1050.824967,extreme
pv_energy,光伏曲线累计出力（标幺值）,5.8,PV energy=5.800,12,1375.876827,extreme
pv_energy,光伏曲线累计出力（标幺值）,5.8,PV energy=5.800,13,1141.708945,extreme
pv_energy,光伏曲线累计出力（标幺值）,5.8,PV energy=5.800,14,892.2169919,extreme
pv_energy,光伏曲线累计出力（标幺值）,6,PV energy=6.000,0,2032.013691,extreme
pv_energy,光伏曲线累计出力（标幺值）,6,PV energy=6.000,1,2810.368913,extreme
pv_energy,光伏曲线累计出力（标幺值）,6,PV energy=6.000,2,4189.895231,extreme
pv_energy,光伏曲线累计出力（标幺值）,6,PV energy=6.000,3,5151.414187,extreme
pv_energy,光伏曲线累计出力（标幺值）,6,PV energy=6.000,4,3629.943208,extreme
pv_energy,光伏曲线累计出力（标幺值）,6,PV energy=6.000,5,2485.683319,extreme
pv_energy,光伏曲线累计出力（标幺值）,6,PV energy=6.000,6,2195.77978,extreme
pv_energy,光伏曲线累计出力（标幺值）,6,PV energy=6.000,7,2434.837338,extreme
pv_energy,光伏曲线累计出力（标幺值）,6,PV energy=6.000,8,1526.114533,extreme
pv_energy,光伏曲线累计出力（标幺值）,6,PV energy=6.000,9,1678.069427,extreme
pv_energy,光伏曲线累计出力（标幺值）,6,PV energy=6.000,10,1144.142913,extreme
pv_energy,光伏曲线累计出力（标幺值）,6,PV energy=6.000,11,1045.874534,extreme
pv_energy,光伏曲线累计出力（标幺值）,6,PV energy=6.000,12,1363.719327,extreme
pv_energy,光伏曲线累计出力（标幺值）,6,PV energy=6.000,13,1129.193612,extreme
pv_energy,光伏曲线累计出力（标幺值）,6,PV energy=6.000,14,893.4709185,extreme
ev_count,EV 数量,60,EV=60,0,380.6150265,normal
ev_count,EV 数量,60,EV=60,1,395.7510877,normal
ev_count,EV 数量,60,EV=60,2,407.4371421,normal
ev_count,EV 数量,60,EV=60,3,371.9319034,normal
ev_count,EV 数量,60,EV=60,4,373.5703642,normal
ev_count,EV 数量,60,EV=60,5,346.0256669,normal
ev_count,EV 数量,60,EV=60,6,351.387121,normal
ev_count,EV 数量,60,EV=60,7,359.7288181,normal
ev_count,EV 数量,60,EV=60,8,382.6083428,normal
ev_count,EV 数量,60,EV=60,9,339.7445604,normal
ev_count,EV 数量,60,EV=60,10,354.2272953,normal
ev_count,EV 数量,60,EV=60,11,321.7020697,normal
ev_count,EV 数量,60,EV=60,12,323.9406426,normal
ev_count,EV 数量,60,EV=60,13,376.4180134,normal
ev_count,EV 数量,60,EV=60,14,375.8206559,normal
ev_count,EV 数量,75,EV=75,0,396.9878831,normal
ev_count,EV 数量,75,EV=75,1,412.0168607,normal
ev_count,EV 数量,75,EV=75,2,430.7696861,normal
ev_count,EV 数量,75,EV=75,3,389.7491695,normal
ev_count,EV 数量,75,EV=75,4,389.3336552,normal
ev_count,EV 数量,75,EV=75,5,361.1431305,normal
ev_count,EV 数量,75,EV=75,6,368.6079857,normal
ev_count,EV 数量,75,EV=75,7,372.6817406,normal
ev_count,EV 数量,75,EV=75,8,397.4928484,normal
ev_count,EV 数量,75,EV=75,9,356.9914543,normal
ev_count,EV 数量,75,EV=75,10,368.8359173,normal
ev_count,EV 数量,75,EV=75,11,333.7864639,normal
ev_count,EV 数量,75,EV=75,12,336.1103897,normal
ev_count,EV 数量,75,EV=75,13,394.376679,normal
ev_count,EV 数量,75,EV=75,14,391.7338169,normal
ev_count,EV 数量,90,EV=90,0,415.3733076,normal
ev_count,EV 数量,90,EV=90,1,430.1819582,normal
ev_count,EV 数量,90,EV=90,2,455.2819933,normal
ev_count,EV 数量,90,EV=90,3,409.6345523,normal
ev_count,EV 数量,90,EV=90,4,407.3193891,normal
ev_count,EV 数量,90,EV=90,5,378.6092942,normal
ev_count,EV 数量,90,EV=90,6,388.3822809,normal
ev_count,EV 数量,90,EV=90,7,387.1263409,normal
ev_count,EV 数量,90,EV=90,8,414.3159132,normal
ev_count,EV 数量,90,EV=90,9,376.9713106,normal
ev_count,EV 数量,90,EV=90,10,385.0273398,normal
ev_count,EV 数量,90,EV=90,11,349.2412387,normal
ev_count,EV 数量,90,EV=90,12,351.2169754,normal
ev_count,EV 数量,90,EV=90,13,414.2744843,normal
ev_count,EV 数量,90,EV=90,14,408.9730763,normal
ev_count,EV 数量,100,EV=100,0,425.6104594,normal
ev_count,EV 数量,100,EV=100,1,440.3552455,normal
ev_count,EV 数量,100,EV=100,2,470.4186636,normal
ev_count,EV 数量,100,EV=100,3,422.4489729,normal
ev_count,EV 数量,100,EV=100,4,418.7608079,normal
ev_count,EV 数量,100,EV=100,5,389.2816719,normal
ev_count,EV 数量,100,EV=100,6,401.1360648,normal
ev_count,EV 数量,100,EV=100,7,397.2101636,normal
ev_count,EV 数量,100,EV=100,8,426.6787712,normal
ev_count,EV 数量,100,EV=100,9,392.1312883,normal
ev_count,EV 数量,100,EV=100,10,396.422134,normal
ev_count,EV 数量,100,EV=100,11,359.3424845,normal
ev_count,EV 数量,100,EV=100,12,360.7300743,normal
ev_count,EV 数量,100,EV=100,13,428.0776517,normal
ev_count,EV 数量,100,EV=100,14,420.0378209,normal
temp_mean,平均环境温度 / ℃,-8.9,Temp=-8.9 ℃,0,460.7376489,normal
temp_mean,平均环境温度 / ℃,-8.9,Temp=-8.9 ℃,1,473.7451313,normal
temp_mean,平均环境温度 / ℃,-8.9,Temp=-8.9 ℃,2,485.7406608,normal
temp_mean,平均环境温度 / ℃,-8.9,Temp=-8.9 ℃,3,445.5731409,normal
temp_mean,平均环境温度 / ℃,-8.9,Temp=-8.9 ℃,4,440.2669384,normal
temp_mean,平均环境温度 / ℃,-8.9,Temp=-8.9 ℃,5,418.3436649,normal
temp_mean,平均环境温度 / ℃,-8.9,Temp=-8.9 ℃,6,425.5381965,normal
temp_mean,平均环境温度 / ℃,-8.9,Temp=-8.9 ℃,7,423.4013804,normal
temp_mean,平均环境温度 / ℃,-8.9,Temp=-8.9 ℃,8,449.2891523,normal
temp_mean,平均环境温度 / ℃,-8.9,Temp=-8.9 ℃,9,417.6487041,normal
temp_mean,平均环境温度 / ℃,-8.9,Temp=-8.9 ℃,10,419.3959602,normal
temp_mean,平均环境温度 / ℃,-8.9,Temp=-8.9 ℃,11,386.5201138,normal
temp_mean,平均环境温度 / ℃,-8.9,Temp=-8.9 ℃,12,388.104093,normal
temp_mean,平均环境温度 / ℃,-8.9,Temp=-8.9 ℃,13,448.7788596,normal
temp_mean,平均环境温度 / ℃,-8.9,Temp=-8.9 ℃,14,449.2297863,normal
temp_mean,平均环境温度 / ℃,-7.4,Temp=-7.4 ℃,0,403.4169551,normal
temp_mean,平均环境温度 / ℃,-7.4,Temp=-7.4 ℃,1,418.3906467,normal
temp_mean,平均环境温度 / ℃,-7.4,Temp=-7.4 ℃,2,439.0423554,normal
temp_mean,平均环境温度 / ℃,-7.4,Temp=-7.4 ℃,3,396.3686294,normal
temp_mean,平均环境温度 / ℃,-7.4,Temp=-7.4 ℃,4,395.4131687,normal
temp_mean,平均环境温度 / ℃,-7.4,Temp=-7.4 ℃,5,367.0698165,normal
temp_mean,平均环境温度 / ℃,-7.4,Temp=-7.4 ℃,6,375.2367937,normal
temp_mean,平均环境温度 / ℃,-7.4,Temp=-7.4 ℃,7,377.7238712,normal
temp_mean,平均环境温度 / ℃,-7.4,Temp=-7.4 ℃,8,403.3093226,normal
temp_mean,平均环境温度 / ℃,-7.4,Temp=-7.4 ℃,9,363.6436245,normal
temp_mean,平均环境温度 / ℃,-7.4,Temp=-7.4 ℃,10,374.4875996,normal
temp_mean,平均环境温度 / ℃,-7.4,Temp=-7.4 ℃,11,339.0647292,normal
temp_mean,平均环境温度 / ℃,-7.4,Temp=-7.4 ℃,12,341.1788234,normal
temp_mean,平均环境温度 / ℃,-7.4,Temp=-7.4 ℃,13,401.0555036,normal
temp_mean,平均环境温度 / ℃,-7.4,Temp=-7.4 ℃,14,397.6482271,normal
temp_mean,平均环境温度 / ℃,-5.5,Temp=-5.5 ℃,0,344.0595083,normal
temp_mean,平均环境温度 / ℃,-5.5,Temp=-5.5 ℃,1,360.5890594,normal
temp_mean,平均环境温度 / ℃,-5.5,Temp=-5.5 ℃,2,390.5807281,normal
temp_mean,平均环境温度 / ℃,-5.5,Temp=-5.5 ℃,3,346.2388677,normal
temp_mean,平均环境温度 / ℃,-5.5,Temp=-5.5 ℃,4,349.5095955,normal
temp_mean,平均环境温度 / ℃,-5.5,Temp=-5.5 ℃,5,314.7042267,normal
temp_mean,平均环境温度 / ℃,-5.5,Temp=-5.5 ℃,6,323.9937021,normal
temp_mean,平均环境温度 / ℃,-5.5,Temp=-5.5 ℃,7,331.8984477,normal
temp_mean,平均环境温度 / ℃,-5.5,Temp=-5.5 ℃,8,356.8994836,normal
temp_mean,平均环境温度 / ℃,-5.5,Temp=-5.5 ℃,9,308.8666386,normal
temp_mean,平均环境温度 / ℃,-5.5,Temp=-5.5 ℃,10,329.1877592,normal
temp_mean,平均环境温度 / ℃,-5.5,Temp=-5.5 ℃,11,290.0595968,normal
temp_mean,平均环境温度 / ℃,-5.5,Temp=-5.5 ℃,12,291.8438799,normal
temp_mean,平均环境温度 / ℃,-5.5,Temp=-5.5 ℃,13,350.1570657,normal
temp_mean,平均环境温度 / ℃,-5.5,Temp=-5.5 ℃,14,342.5453816,normal
temp_mean,平均环境温度 / ℃,-2.7,Temp=-2.7 ℃,0,292.5290205,normal
temp_mean,平均环境温度 / ℃,-2.7,Temp=-2.7 ℃,1,305.2044598,normal
temp_mean,平均环境温度 / ℃,-2.7,Temp=-2.7 ℃,2,343.7696359,normal
temp_mean,平均环境温度 / ℃,-2.7,Temp=-2.7 ℃,3,298.8272643,normal
temp_mean,平均环境温度 / ℃,-2.7,Temp=-2.7 ℃,4,305.8004451,normal
temp_mean,平均环境温度 / ℃,-2.7,Temp=-2.7 ℃,5,265.6284801,normal
temp_mean,平均环境温度 / ℃,-2.7,Temp=-2.7 ℃,6,276.5625786,normal
temp_mean,平均环境温度 / ℃,-2.7,Temp=-2.7 ℃,7,287.9617403,normal
temp_mean,平均环境温度 / ℃,-2.7,Temp=-2.7 ℃,8,313.9526969,normal
temp_mean,平均环境温度 / ℃,-2.7,Temp=-2.7 ℃,9,258.4181776,normal
temp_mean,平均环境温度 / ℃,-2.7,Temp=-2.7 ℃,10,284.8400382,normal
temp_mean,平均环境温度 / ℃,-2.7,Temp=-2.7 ℃,11,245.2291417,normal
temp_mean,平均环境温度 / ℃,-2.7,Temp=-2.7 ℃,12,245.8117462,normal
temp_mean,平均环境温度 / ℃,-2.7,Temp=-2.7 ℃,13,302.1721674,normal
temp_mean,平均环境温度 / ℃,-2.7,Temp=-2.7 ℃,14,288.7171765,normal
pv_energy,光伏曲线累计出力（标幺值）,5.3,PV energy=5.300,0,424.0749405,normal
pv_energy,光伏曲线累计出力（标幺值）,5.3,PV energy=5.300,1,433.9173595,normal
pv_energy,光伏曲线累计出力（标幺值）,5.3,PV energy=5.300,2,459.2268006,normal
pv_energy,光伏曲线累计出力（标幺值）,5.3,PV energy=5.300,3,419.8158901,normal
pv_energy,光伏曲线累计出力（标幺值）,5.3,PV energy=5.300,4,420.0067465,normal
pv_energy,光伏曲线累计出力（标幺值）,5.3,PV energy=5.300,5,392.2354167,normal
pv_energy,光伏曲线累计出力（标幺值）,5.3,PV energy=5.300,6,402.6690566,normal
pv_energy,光伏曲线累计出力（标幺值）,5.3,PV energy=5.300,7,400.5013011,normal
pv_energy,光伏曲线累计出力（标幺值）,5.3,PV energy=5.300,8,430.2719096,normal
pv_energy,光伏曲线累计出力（标幺值）,5.3,PV energy=5.300,9,400.6047825,normal
pv_energy,光伏曲线累计出力（标幺值）,5.3,PV energy=5.300,10,400.0695801,normal
pv_energy,光伏曲线累计出力（标幺值）,5.3,PV energy=5.300,11,369.3007102,normal
pv_energy,光伏曲线累计出力（标幺值）,5.3,PV energy=5.300,12,369.068281,normal
pv_energy,光伏曲线累计出力（标幺值）,5.3,PV energy=5.300,13,428.482375,normal
pv_energy,光伏曲线累计出力（标幺值）,5.3,PV energy=5.300,14,419.5600863,normal
pv_energy,光伏曲线累计出力（标幺值）,5.6,PV energy=5.600,0,407.8561144,normal
pv_energy,光伏曲线累计出力（标幺值）,5.6,PV energy=5.600,1,420.0748483,normal
pv_energy,光伏曲线累计出力（标幺值）,5.6,PV energy=5.600,2,444.9660942,normal
pv_energy,光伏曲线累计出力（标幺值）,5.6,PV energy=5.600,3,403.0221413,normal
pv_energy,光伏曲线累计出力（标幺值）,5.6,PV energy=5.600,4,402.3556509,normal
pv_energy,光伏曲线累计出力（标幺值）,5.6,PV energy=5.600,5,374.0605038,normal
pv_energy,光伏曲线累计出力（标幺值）,5.6,PV energy=5.600,6,383.4253874,normal
pv_energy,光伏曲线累计出力（标幺值）,5.6,PV energy=5.600,7,384.5103455,normal
pv_energy,光伏曲线累计出力（标幺值）,5.6,PV energy=5.600,8,411.8585456,normal
pv_energy,光伏曲线累计出力（标幺值）,5.6,PV energy=5.600,9,375.6547322,normal
pv_energy,光伏曲线累计出力（标幺值）,5.6,PV energy=5.600,10,382.6250335,normal
pv_energy,光伏曲线累计出力（标幺值）,5.6,PV energy=5.600,11,347.566347,normal
pv_energy,光伏曲线累计出力（标幺值）,5.6,PV energy=5.600,12,349.1050403,normal
pv_energy,光伏曲线累计出力（标幺值）,5.6,PV energy=5.600,13,410.3159044,normal
pv_energy,光伏曲线累计出力（标幺值）,5.6,PV energy=5.600,14,404.1328862,normal
pv_energy,光伏曲线累计出力（标幺值）,5.8,PV energy=5.800,0,403.69966,normal
pv_energy,光伏曲线累计出力（标幺值）,5.8,PV energy=5.800,1,417.49315,normal
pv_energy,光伏曲线累计出力（标幺值）,5.8,PV energy=5.800,2,441.0759624,normal
pv_energy,光伏曲线累计出力（标幺值）,5.8,PV energy=5.800,3,398.3117776,normal
pv_energy,光伏曲线累计出力（标幺值）,5.8,PV energy=5.800,4,397.329051,normal
pv_energy,光伏曲线累计出力（标幺值）,5.8,PV energy=5.800,5,368.8244282,normal
pv_energy,光伏曲线累计出力（标幺值）,5.8,PV energy=5.800,6,377.5860533,normal
pv_energy,光伏曲线累计出力（标幺值）,5.8,PV energy=5.800,7,379.6839931,normal
pv_energy,光伏曲线累计出力（标幺值）,5.8,PV energy=5.800,8,406.0964024,normal
pv_energy,光伏曲线累计出力（标幺值）,5.8,PV energy=5.800,9,367.1683837,normal
pv_energy,光伏曲线累计出力（标幺值）,5.8,PV energy=5.800,10,377.1521925,normal
pv_energy,光伏曲线累计出力（标幺值）,5.8,PV energy=5.800,11,340.8982123,normal
pv_energy,光伏曲线累计出力（标幺值）,5.8,PV energy=5.800,12,342.9786908,normal
pv_energy,光伏曲线累计出力（标幺值）,5.8,PV energy=5.800,13,404.6009153,normal
pv_energy,光伏曲线累计出力（标幺值）,5.8,PV energy=5.800,14,399.9883845,normal
pv_energy,光伏曲线累计出力（标幺值）,6,PV energy=6.000,0,402.6256835,normal
pv_energy,光伏曲线累计出力（标幺值）,6,PV energy=6.000,1,417.3759469,normal
pv_energy,光伏曲线累计出力（标幺值）,6,PV energy=6.000,2,439.2223459,normal
pv_energy,光伏曲线累计出力（标幺值）,6,PV energy=6.000,3,396.2657435,normal
pv_energy,光伏曲线累计出力（标幺值）,6,PV energy=6.000,4,395.3091124,normal
pv_energy,光伏曲线累计出力（标幺值）,6,PV energy=6.000,5,366.7658897,normal
pv_energy,光伏曲线累计出力（标幺值）,6,PV energy=6.000,6,375.1445734,normal
pv_energy,光伏曲线累计出力（标幺值）,6,PV energy=6.000,7,377.6212326,normal
pv_energy,光伏曲线累计出力（标幺值）,6,PV energy=6.000,8,403.5013061,normal
pv_energy,光伏曲线累计出力（标幺值）,6,PV energy=6.000,9,363.6911895,normal
pv_energy,光伏曲线累计出力（标幺值）,6,PV energy=6.000,10,374.6018304,normal
pv_energy,光伏曲线累计出力（标幺值）,6,PV energy=6.000,11,338.5966894,normal
pv_energy,光伏曲线累计出力（标幺值）,6,PV energy=6.000,12,340.768764,normal
pv_energy,光伏曲线累计出力（标幺值）,6,PV energy=6.000,13,401.6733137,normal
pv_energy,光伏曲线累计出力（标幺值）,6,PV energy=6.000,14,397.8819897,normal
