mode,xi_id,ev_count,pv_energy,cal_index,error_feas,error_opt
"same θ, varying ξ",0,80,5.73873104,1,8.87E-11,0.274716791
"same θ, varying ξ",0,80,5.73873104,2,7.48E-12,0.23133816
"same θ, varying ξ",0,80,5.73873104,3,4.15E-14,0.217396053
"same θ, varying ξ",0,80,5.73873104,4,9.73E-11,0.208509087
"same θ, varying ξ",0,80,5.73873104,5,1.09E-11,0.254727899
"same θ, varying ξ",0,80,5.73873104,6,5.66E-11,0.257348024
"same θ, varying ξ",0,80,5.73873104,7,4.68E-11,0.228697999
"same θ, varying ξ",0,80,5.73873104,8,8.71E-12,0.204796299
"same θ, varying ξ",0,80,5.73873104,9,1.04E-10,0.201127871
"same θ, varying ξ",0,80,5.73873104,10,7.29E-11,0.232166457
"same θ, varying ξ",1,80,5.73873104,1,3.74E-10,0.132544611
"same θ, varying ξ",1,80,5.73873104,2,9.70E-11,0.238760391
"same θ, varying ξ",1,80,5.73873104,3,1.29E-10,0.154065866
"same θ, varying ξ",1,80,5.73873104,4,2.88E-09,0.203212249
"same θ, varying ξ",1,80,5.73873104,5,4.62E-11,0.151590424
"same θ, varying ξ",1,80,5.73873104,6,1.64E-10,0.179698175
"same θ, varying ξ",1,80,5.73873104,7,5.75E-09,0.180974838
"same θ, varying ξ",1,80,5.73873104,8,1.40E-09,0.187211078
"same θ, varying ξ",1,80,5.73873104,9,0.000547335,0.272122047
"same θ, varying ξ",1,80,5.73873104,10,1.74E-09,0.267421121
"same θ, varying ξ",2,80,5.73873104,1,3.83E-10,0.213746181
"same θ, varying ξ",2,80,5.73873104,2,6.66E-10,0.180518043
"same θ, varying ξ",2,80,5.73873104,3,1.25E-11,0.257257375
"same θ, varying ξ",2,80,5.73873104,4,1.09E-09,0.240693514
"same θ, varying ξ",2,80,5.73873104,5,6.01E-10,0.140115066
"same θ, varying ξ",2,80,5.73873104,6,1.65E-10,0.187664739
"same θ, varying ξ",2,80,5.73873104,7,3.35E-10,0.163487494
"same θ, varying ξ",2,80,5.73873104,8,4.53E-09,0.233746321
"same θ, varying ξ",2,80,5.73873104,9,4.88E-11,0.224183394
"same θ, varying ξ",2,80,5.73873104,10,2.83E-10,0.143633544
"same θ, varying ξ",3,80,5.73873104,1,3.21E-10,0.142368282
"same θ, varying ξ",3,80,5.73873104,2,2.28E-11,0.224622252
"same θ, varying ξ",3,80,5.73873104,3,8.73E-10,0.116163511
"same θ, varying ξ",3,80,5.73873104,4,3.81E-10,0.16053446
"same θ, varying ξ",3,80,5.73873104,5,5.09E-15,0.216658436
"same θ, varying ξ",3,80,5.73873104,6,9.66E-12,0.250791402
"same θ, varying ξ",3,80,5.73873104,7,9.46E-11,0.17943346
"same θ, varying ξ",3,80,5.73873104,8,6.35E-10,0.175212925
"same θ, varying ξ",3,80,5.73873104,9,2.20E-10,0.134238909
"same θ, varying ξ",3,80,5.73873104,10,1.94E-09,0.299716397
"same θ, varying ξ",4,80,5.73873104,1,3.42E-10,0.173156946
"same θ, varying ξ",4,80,5.73873104,2,4.68E-10,0.206482431
"same θ, varying ξ",4,80,5.73873104,3,1.07E-11,0.184457047
"same θ, varying ξ",4,80,5.73873104,4,1.02E-09,0.213902751
"same θ, varying ξ",4,80,5.73873104,5,1.72E-11,0.220429036
"same θ, varying ξ",4,80,5.73873104,6,1.97E-09,0.171562628
"same θ, varying ξ",4,80,5.73873104,7,5.68E-11,0.251096235
"same θ, varying ξ",4,80,5.73873104,8,4.41E-12,0.182208121
"same θ, varying ξ",4,80,5.73873104,9,4.26E-11,0.20940223
"same θ, varying ξ",4,80,5.73873104,10,3.01E-12,0.163195076
"same θ, varying ξ",5,80,5.73873104,1,7.10E-11,0.244796608
"same θ, varying ξ",5,80,5.73873104,2,9.69E-11,0.337036729
"same θ, varying ξ",5,80,5.73873104,3,1.69E-10,0.190951475
"same θ, varying ξ",5,80,5.73873104,4,1.00E-09,0.171420994
"same θ, varying ξ",5,80,5.73873104,5,4.41E-06,0.183997045
"same θ, varying ξ",5,80,5.73873104,6,2.67E-09,0.132101379
"same θ, varying ξ",5,80,5.73873104,7,6.30E-11,0.165117908
"same θ, varying ξ",5,80,5.73873104,8,7.91E-13,0.299876041
"same θ, varying ξ",5,80,5.73873104,9,7.18E-11,0.134058518
"same θ, varying ξ",5,80,5.73873104,10,3.44E-13,0.182921369
"same θ, varying ξ",6,80,5.73873104,1,5.98E-08,0.159838199
"same θ, varying ξ",6,80,5.73873104,2,9.29E-10,0.22948123
"same θ, varying ξ",6,80,5.73873104,3,4.79E-10,0.176487834
"same θ, varying ξ",6,80,5.73873104,4,4.45E-10,0.168572949
"same θ, varying ξ",6,80,5.73873104,5,9.48E-11,0.25793961
"same θ, varying ξ",6,80,5.73873104,6,1.24E-09,0.214278266
"same θ, varying ξ",6,80,5.73873104,7,7.45E-11,0.175802429
"same θ, varying ξ",6,80,5.73873104,8,1.35E-10,0.169000273
"same θ, varying ξ",6,80,5.73873104,9,4.61E-10,0.14837491
"same θ, varying ξ",6,80,5.73873104,10,9.11E-15,0.249307795
"same θ, varying ξ",7,80,5.73873104,1,1.66E-11,0.324156625
"same θ, varying ξ",7,80,5.73873104,2,2.80E-10,0.208810905
"same θ, varying ξ",7,80,5.73873104,3,3.59E-11,0.145592046
"same θ, varying ξ",7,80,5.73873104,4,6.55E-11,0.262289698
"same θ, varying ξ",7,80,5.73873104,5,4.05E-12,0.23917054
"same θ, varying ξ",7,80,5.73873104,6,5.98E-11,0.192874428
"same θ, varying ξ",7,80,5.73873104,7,1.04E-10,0.218680822
"same θ, varying ξ",7,80,5.73873104,8,1.77E-10,0.206820807
"same θ, varying ξ",7,80,5.73873104,9,2.59E-09,0.193968071
"same θ, varying ξ",7,80,5.73873104,10,2.22E-10,0.203066479
"same θ, varying ξ",8,80,5.73873104,1,4.27E-10,0.214489373
"same θ, varying ξ",8,80,5.73873104,2,2.15E-09,0.22360513
"same θ, varying ξ",8,80,5.73873104,3,7.44E-10,0.229679848
"same θ, varying ξ",8,80,5.73873104,4,1.18E-09,0.220094461
"same θ, varying ξ",8,80,5.73873104,5,4.00E-12,0.355878014
"same θ, varying ξ",8,80,5.73873104,6,8.87E-11,0.27471466
"same θ, varying ξ",8,80,5.73873104,7,4.98E-12,0.323030338
"same θ, varying ξ",8,80,5.73873104,8,3.75E-13,0.232007238
"same θ, varying ξ",8,80,5.73873104,9,1.05E-09,0.165098071
"same θ, varying ξ",8,80,5.73873104,10,3.54E-10,0.120304273
"same θ, varying ξ",9,80,5.73873104,1,2.00E-10,0.103602581
"same θ, varying ξ",9,80,5.73873104,2,1.95E-10,0.219657047
"same θ, varying ξ",9,80,5.73873104,3,1.18E-11,0.153708574
"same θ, varying ξ",9,80,5.73873104,4,1.47E-10,0.23631316
"same θ, varying ξ",9,80,5.73873104,5,4.85E-09,0.29196452
"same θ, varying ξ",9,80,5.73873104,6,9.57E-12,0.138539917
"same θ, varying ξ",9,80,5.73873104,7,4.20E-10,0.198388703
"same θ, varying ξ",9,80,5.73873104,8,1.38E-09,0.240272202
"same θ, varying ξ",9,80,5.73873104,9,5.80E-10,0.191149033
"same θ, varying ξ",9,80,5.73873104,10,5.20E-09,0.223365422
"same θ, varying ξ",10,80,5.73873104,1,7.42E-10,0.160999787
"same θ, varying ξ",10,80,5.73873104,2,7.03E-10,0.185599963
"same θ, varying ξ",10,80,5.73873104,3,8.75E-11,0.152701957
"same θ, varying ξ",10,80,5.73873104,4,1.82E-09,0.317217739
"same θ, varying ξ",10,80,5.73873104,5,2.84E-10,0.211877744
"same θ, varying ξ",10,80,5.73873104,6,1.25E-11,0.303613824
"same θ, varying ξ",10,80,5.73873104,7,2.97E-11,0.138025115
"same θ, varying ξ",10,80,5.73873104,8,7.70E-10,0.240606969
"same θ, varying ξ",10,80,5.73873104,9,3.44E-10,0.207705375
"same θ, varying ξ",10,80,5.73873104,10,3.43E-12,0.267569963
"same θ, varying ξ",11,80,5.73873104,1,8.34E-10,0.210637158
"same θ, varying ξ",11,80,5.73873104,2,1.52E-07,0.22966826
"same θ, varying ξ",11,80,5.73873104,3,1.10E-10,0.250829753
"same θ, varying ξ",11,80,5.73873104,4,1.51E-10,0.184370918
"same θ, varying ξ",11,80,5.73873104,5,5.86E-10,0.220547727
"same θ, varying ξ",11,80,5.73873104,6,8.27E-15,0.163120677
"same θ, varying ξ",11,80,5.73873104,7,3.33E-10,0.1676657
"same θ, varying ξ",11,80,5.73873104,8,1.15E-10,0.206318265
"same θ, varying ξ",11,80,5.73873104,9,3.78E-11,0.207945756
"same θ, varying ξ",11,80,5.73873104,10,2.98E-10,0.213600282
"same θ, varying ξ",12,80,5.73873104,1,2.41E-11,0.146137941
"same θ, varying ξ",12,80,5.73873104,2,7.02E-12,0.181093738
"same θ, varying ξ",12,80,5.73873104,3,1.25E-12,0.160649247
"same θ, varying ξ",12,80,5.73873104,4,5.74E-12,0.155741016
"same θ, varying ξ",12,80,5.73873104,5,3.24E-10,0.158260925
"same θ, varying ξ",12,80,5.73873104,6,2.03E-10,0.171893715
"same θ, varying ξ",12,80,5.73873104,7,7.91E-10,0.257427062
"same θ, varying ξ",12,80,5.73873104,8,2.67E-10,0.228724389
"same θ, varying ξ",12,80,5.73873104,9,5.91E-12,0.210562114
"same θ, varying ξ",12,80,5.73873104,10,1.31E-09,0.187249494
"same θ, varying ξ",13,80,5.73873104,1,8.47E-10,0.210168657
"same θ, varying ξ",13,80,5.73873104,2,7.83E-11,0.206271524
"same θ, varying ξ",13,80,5.73873104,3,1.11E-10,0.17923655
"same θ, varying ξ",13,80,5.73873104,4,1.33E-10,0.187785607
"same θ, varying ξ",13,80,5.73873104,5,1.12E-10,0.173569057
"same θ, varying ξ",13,80,5.73873104,6,1.85E-10,0.23423551
"same θ, varying ξ",13,80,5.73873104,7,7.47E-10,0.172801827
"same θ, varying ξ",13,80,5.73873104,8,2.25E-11,0.210446565
"same θ, varying ξ",13,80,5.73873104,9,2.11E-14,0.197197817
"same θ, varying ξ",13,80,5.73873104,10,9.46E-12,0.312155242
"same θ, varying ξ",14,80,5.73873104,1,2.39E-10,0.258970869
"same θ, varying ξ",14,80,5.73873104,2,2.37E-09,0.228070765
"same θ, varying ξ",14,80,5.73873104,3,7.27E-10,0.154487248
"same θ, varying ξ",14,80,5.73873104,4,2.03E-12,0.177571082
"same θ, varying ξ",14,80,5.73873104,5,5.49E-12,0.121948094
"same θ, varying ξ",14,80,5.73873104,6,8.08E-10,0.194843949
"same θ, varying ξ",14,80,5.73873104,7,1.41E-10,0.234648872
"same θ, varying ξ",14,80,5.73873104,8,4.53E-11,0.161995166
"same θ, varying ξ",14,80,5.73873104,9,7.77E-10,0.205143449
"same θ, varying ξ",14,80,5.73873104,10,3.11E-11,0.238819928
"same θ, varying ξ",15,80,5.73873104,1,8.82E-10,0.171478286
"same θ, varying ξ",15,80,5.73873104,2,3.28E-10,0.184231969
"same θ, varying ξ",15,80,5.73873104,3,1.67E-09,0.18771152
"same θ, varying ξ",15,80,5.73873104,4,1.05E-09,0.200894644
"same θ, varying ξ",15,80,5.73873104,5,5.05E-10,0.301561544
"same θ, varying ξ",15,80,5.73873104,6,7.31E-10,0.215121542
"same θ, varying ξ",15,80,5.73873104,7,6.58E-09,0.243192479
"same θ, varying ξ",15,80,5.73873104,8,7.91E-10,0.221467199
"same θ, varying ξ",15,80,5.73873104,9,1.53E-10,0.195671079
"same θ, varying ξ",15,80,5.73873104,10,3.32E-11,0.200931683
"same θ, varying ξ",16,80,5.73873104,1,1.92E-10,0.256454635
"same θ, varying ξ",16,80,5.73873104,2,6.54E-10,0.222643045
"same θ, varying ξ",16,80,5.73873104,3,1.25E-09,0.241832235
"same θ, varying ξ",16,80,5.73873104,4,6.90E-09,0.215935599
"same θ, varying ξ",16,80,5.73873104,5,4.82E-10,0.217763677
"same θ, varying ξ",16,80,5.73873104,6,4.25E-10,0.235771998
"same θ, varying ξ",16,80,5.73873104,7,2.02E-10,0.265187145
"same θ, varying ξ",16,80,5.73873104,8,3.90E-12,0.19400588
"same θ, varying ξ",16,80,5.73873104,9,3.02E-12,0.148443072
"same θ, varying ξ",16,80,5.73873104,10,5.41E-12,0.179746822
"same θ, varying ξ",17,80,5.73873104,1,2.34E-11,0.116900175
"same θ, varying ξ",17,80,5.73873104,2,8.87E-10,0.207376263
"same θ, varying ξ",17,80,5.73873104,3,4.00E-10,0.287877267
"same θ, varying ξ",17,80,5.73873104,4,1.22E-13,0.242598637
"same θ, varying ξ",17,80,5.73873104,5,1.07E-10,0.220943109
"same θ, varying ξ",17,80,5.73873104,6,8.59E-10,0.238179039
"same θ, varying ξ",17,80,5.73873104,7,1.78E-09,0.163106741
"same θ, varying ξ",17,80,5.73873104,8,3.58E-15,0.221947203
"same θ, varying ξ",17,80,5.73873104,9,5.26E-14,0.235646991
"same θ, varying ξ",17,80,5.73873104,10,1.33E-11,0.167050526
"same θ, varying ξ",18,80,5.73873104,1,4.59E-10,0.274532389
"same θ, varying ξ",18,80,5.73873104,2,1.49E-12,0.265462469
"same θ, varying ξ",18,80,5.73873104,3,3.18E-12,0.163522684
"same θ, varying ξ",18,80,5.73873104,4,4.15E-10,0.179806655
"same θ, varying ξ",18,80,5.73873104,5,5.43E-10,0.309378701
"same θ, varying ξ",18,80,5.73873104,6,1.02E-10,0.169455725
"same θ, varying ξ",18,80,5.73873104,7,1.15E-10,0.126943037
"same θ, varying ξ",18,80,5.73873104,8,1.24E-11,0.165531146
"same θ, varying ξ",18,80,5.73873104,9,3.13E-10,0.354133958
"same θ, varying ξ",18,80,5.73873104,10,7.14E-11,0.185510557
"same θ, varying ξ",19,80,5.73873104,1,1.63E-10,0.251024215
"same θ, varying ξ",19,80,5.73873104,2,9.22E-10,0.157850685
"same θ, varying ξ",19,80,5.73873104,3,8.84E-09,0.222290899
"same θ, varying ξ",19,80,5.73873104,4,3.58E-13,0.197561558
"same θ, varying ξ",19,80,5.73873104,5,2.61E-09,0.186014896
"same θ, varying ξ",19,80,5.73873104,6,9.73E-10,0.132045034
"same θ, varying ξ",19,80,5.73873104,7,7.42E-11,0.182665123
"same θ, varying ξ",19,80,5.73873104,8,3.98E-11,0.180776717
"same θ, varying ξ",19,80,5.73873104,9,1.27E-11,0.156400182
"same θ, varying ξ",19,80,5.73873104,10,7.66E-11,0.177721658
"same θ, varying ξ",20,80,5.73873104,1,3.70E-11,0.211639822
"same θ, varying ξ",20,80,5.73873104,2,1.49E-09,0.155770659
"same θ, varying ξ",20,80,5.73873104,3,2.54E-10,0.139808616
"same θ, varying ξ",20,80,5.73873104,4,2.33E-10,0.20816731
"same θ, varying ξ",20,80,5.73873104,5,2.60E-11,0.199717886
"same θ, varying ξ",20,80,5.73873104,6,5.81E-11,0.150935304
"same θ, varying ξ",20,80,5.73873104,7,1.18E-10,0.388379283
"same θ, varying ξ",20,80,5.73873104,8,5.83E-10,0.228406767
"same θ, varying ξ",20,80,5.73873104,9,1.18E-10,0.177300879
"same θ, varying ξ",20,80,5.73873104,10,4.62E-11,0.114334224
"same θ, varying ξ",21,80,5.73873104,1,6.09E-12,0.255980201
"same θ, varying ξ",21,80,5.73873104,2,1.72E-10,0.215954592
"same θ, varying ξ",21,80,5.73873104,3,7.57E-12,0.218456796
"same θ, varying ξ",21,80,5.73873104,4,1.78E-10,0.158263499
"same θ, varying ξ",21,80,5.73873104,5,1.96E-11,0.124275135
"same θ, varying ξ",21,80,5.73873104,6,1.07E-10,0.212422132
"same θ, varying ξ",21,80,5.73873104,7,1.33E-11,0.159428785
"same θ, varying ξ",21,80,5.73873104,8,1.56E-12,0.16764371
"same θ, varying ξ",21,80,5.73873104,9,7.30E-10,0.251361319
"same θ, varying ξ",21,80,5.73873104,10,1.67E-11,0.183375901
"same θ, varying ξ",22,80,5.73873104,1,2.48E-10,0.225562052
"same θ, varying ξ",22,80,5.73873104,2,6.51E-11,0.315606391
"same θ, varying ξ",22,80,5.73873104,3,1.98E-10,0.210653551
"same θ, varying ξ",22,80,5.73873104,4,4.93E-11,0.22506711
"same θ, varying ξ",22,80,5.73873104,5,2.22E-11,0.161420549
"same θ, varying ξ",22,80,5.73873104,6,1.70E-10,0.336950112
"same θ, varying ξ",22,80,5.73873104,7,1.28E-11,0.181737159
"same θ, varying ξ",22,80,5.73873104,8,1.75E-10,0.252856081
"same θ, varying ξ",22,80,5.73873104,9,5.50E-11,0.286441267
"same θ, varying ξ",22,80,5.73873104,10,1.93E-10,0.207340299
"same θ, varying ξ",23,80,5.73873104,1,2.13E-10,0.274127625
"same θ, varying ξ",23,80,5.73873104,2,6.62E-11,0.162147164
"same θ, varying ξ",23,80,5.73873104,3,7.41E-11,0.202837926
"same θ, varying ξ",23,80,5.73873104,4,3.13E-10,0.220473833
"same θ, varying ξ",23,80,5.73873104,5,7.48E-11,0.291259193
"same θ, varying ξ",23,80,5.73873104,6,1.19E-10,0.218040512
"same θ, varying ξ",23,80,5.73873104,7,2.82E-11,0.25614309
"same θ, varying ξ",23,80,5.73873104,8,2.03E-10,0.224426933
"same θ, varying ξ",23,80,5.73873104,9,4.95E-09,0.267181881
"same θ, varying ξ",23,80,5.73873104,10,1.58E-09,0.337404475
"same θ, varying ξ",24,80,5.73873104,1,3.49E-10,0.20526925
"same θ, varying ξ",24,80,5.73873104,2,1.83E-09,0.236433507
"same θ, varying ξ",24,80,5.73873104,3,3.69E-10,0.176461438
"same θ, varying ξ",24,80,5.73873104,4,4.21E-11,0.243086695
"same θ, varying ξ",24,80,5.73873104,5,4.06E-11,0.13108539
"same θ, varying ξ",24,80,5.73873104,6,6.78E-11,0.198166629
"same θ, varying ξ",24,80,5.73873104,7,7.13E-10,0.179677715
"same θ, varying ξ",24,80,5.73873104,8,4.15E-10,0.203571081
"same θ, varying ξ",24,80,5.73873104,9,1.66E-10,0.214388756
"same θ, varying ξ",24,80,5.73873104,10,1.51E-12,0.101002962
"same θ, varying ξ",25,80,5.73873104,1,2.93E-10,0.16497075
"same θ, varying ξ",25,80,5.73873104,2,1.35E-10,0.193968342
"same θ, varying ξ",25,80,5.73873104,3,7.33E-11,0.218775076
"same θ, varying ξ",25,80,5.73873104,4,1.75E-09,0.290828833
"same θ, varying ξ",25,80,5.73873104,5,9.30E-10,0.21137905
"same θ, varying ξ",25,80,5.73873104,6,3.12E-11,0.193094186
"same θ, varying ξ",25,80,5.73873104,7,1.20E-09,0.170039748
"same θ, varying ξ",25,80,5.73873104,8,2.69E-15,0.243749449
"same θ, varying ξ",25,80,5.73873104,9,1.55E-10,0.185136386
"same θ, varying ξ",25,80,5.73873104,10,1.37E-11,0.209822407
"same θ, varying ξ",26,80,5.73873104,1,1.45E-10,0.254939939
"same θ, varying ξ",26,80,5.73873104,2,1.26E-10,0.144834948
"same θ, varying ξ",26,80,5.73873104,3,9.65E-16,0.212524815
"same θ, varying ξ",26,80,5.73873104,4,2.34E-11,0.187255179
"same θ, varying ξ",26,80,5.73873104,5,7.31E-10,0.12447885
"same θ, varying ξ",26,80,5.73873104,6,1.96E-11,0.195192273
"same θ, varying ξ",26,80,5.73873104,7,2.33E-09,0.256406293
"same θ, varying ξ",26,80,5.73873104,8,4.36E-11,0.202535345
"same θ, varying ξ",26,80,5.73873104,9,1.71E-09,0.240284396
"same θ, varying ξ",26,80,5.73873104,10,1.31E-10,0.181431545
"same θ, varying ξ",27,80,5.73873104,1,1.59E-15,0.204915596
"same θ, varying ξ",27,80,5.73873104,2,7.13E-11,0.152209395
"same θ, varying ξ",27,80,5.73873104,3,2.69E-10,0.24904188
"same θ, varying ξ",27,80,5.73873104,4,1.39E-10,0.147869418
"same θ, varying ξ",27,80,5.73873104,5,1.86E-09,0.267216656
"same θ, varying ξ",27,80,5.73873104,6,1.89E-10,0.125022382
"same θ, varying ξ",27,80,5.73873104,7,1.86E-09,0.167532782
"same θ, varying ξ",27,80,5.73873104,8,3.71E-05,0.285381584
"same θ, varying ξ",27,80,5.73873104,9,3.26E-10,0.190605769
"same θ, varying ξ",27,80,5.73873104,10,5.52E-11,0.101543603
"same θ, varying ξ",28,80,5.73873104,1,8.54E-16,0.243750539
"same θ, varying ξ",28,80,5.73873104,2,1.91E-11,0.141717311
"same θ, varying ξ",28,80,5.73873104,3,7.49E-10,0.199478076
"same θ, varying ξ",28,80,5.73873104,4,1.09E-09,0.186074357
"same θ, varying ξ",28,80,5.73873104,5,3.80E-11,0.243443777
"same θ, varying ξ",28,80,5.73873104,6,3.22E-10,0.284372253
"same θ, varying ξ",28,80,5.73873104,7,7.99E-11,0.202318792
"same θ, varying ξ",28,80,5.73873104,8,3.92E-13,0.204688335
"same θ, varying ξ",28,80,5.73873104,9,1.95E-11,0.291302327
"same θ, varying ξ",28,80,5.73873104,10,9.90E-10,0.236277078
"same θ, varying ξ",29,80,5.73873104,1,3.72E-10,0.194289989
"same θ, varying ξ",29,80,5.73873104,2,9.37E-11,0.14533677
"same θ, varying ξ",29,80,5.73873104,3,8.17E-12,0.171097639
"same θ, varying ξ",29,80,5.73873104,4,7.87E-10,0.170405559
"same θ, varying ξ",29,80,5.73873104,5,2.62E-11,0.154565817
"same θ, varying ξ",29,80,5.73873104,6,4.96E-12,0.163502688
"same θ, varying ξ",29,80,5.73873104,7,3.70E-10,0.282055175
"same θ, varying ξ",29,80,5.73873104,8,1.43E-11,0.14218293
"same θ, varying ξ",29,80,5.73873104,9,4.31E-10,0.234151454
"same θ, varying ξ",29,80,5.73873104,10,7.85E-10,0.203310454
"same θ, varying ξ",30,80,5.73873104,1,3.40E-13,0.162495541
"same θ, varying ξ",30,80,5.73873104,2,4.49E-11,0.258869277
"same θ, varying ξ",30,80,5.73873104,3,2.47E-09,0.158250175
"same θ, varying ξ",30,80,5.73873104,4,3.38E-09,0.143511578
"same θ, varying ξ",30,80,5.73873104,5,8.01E-10,0.14993
"same θ, varying ξ",30,80,5.73873104,6,4.70E-09,0.240523133
"same θ, varying ξ",30,80,5.73873104,7,1.42E-11,0.205121264
"same θ, varying ξ",30,80,5.73873104,8,4.03E-10,0.151362126
"same θ, varying ξ",30,80,5.73873104,9,4.08E-09,0.210351329
"same θ, varying ξ",30,80,5.73873104,10,6.38E-11,0.12589831
"same θ, varying ξ",31,80,5.73873104,1,6.19E-12,0.161880887
"same θ, varying ξ",31,80,5.73873104,2,6.77E-11,0.209326426
"same θ, varying ξ",31,80,5.73873104,3,3.37E-11,0.186882189
"same θ, varying ξ",31,80,5.73873104,4,3.29E-11,0.273881132
"same θ, varying ξ",31,80,5.73873104,5,1.61E-11,0.231082159
"same θ, varying ξ",31,80,5.73873104,6,2.55E-11,0.14326261
"same θ, varying ξ",31,80,5.73873104,7,1.72E-09,0.285746736
"same θ, varying ξ",31,80,5.73873104,8,1.36E-10,0.24468692
"same θ, varying ξ",31,80,5.73873104,9,4.53E-15,0.160159998
"same θ, varying ξ",31,80,5.73873104,10,9.64E-11,0.16520471
"same θ, varying ξ",32,80,5.73873104,1,2.10E-10,0.182801348
"same θ, varying ξ",32,80,5.73873104,2,5.57E-12,0.221204037
"same θ, varying ξ",32,80,5.73873104,3,5.46E-11,0.285265161
"same θ, varying ξ",32,80,5.73873104,4,6.84E-11,0.246620609
"same θ, varying ξ",32,80,5.73873104,5,8.82E-11,0.214434046
"same θ, varying ξ",32,80,5.73873104,6,2.60E-11,0.209490451
"same θ, varying ξ",32,80,5.73873104,7,1.76E-15,0.263909607
"same θ, varying ξ",32,80,5.73873104,8,2.47E-10,0.201136578
"same θ, varying ξ",32,80,5.73873104,9,3.94E-10,0.215151512
"same θ, varying ξ",32,80,5.73873104,10,3.71E-09,0.227101857
"same θ, varying ξ",33,80,5.73873104,1,4.24E-11,0.181862864
"same θ, varying ξ",33,80,5.73873104,2,2.65E-10,0.168000959
"same θ, varying ξ",33,80,5.73873104,3,2.50E-11,0.206479538
"same θ, varying ξ",33,80,5.73873104,4,1.08E-10,0.18960996
"same θ, varying ξ",33,80,5.73873104,5,2.04E-11,0.146305422
"same θ, varying ξ",33,80,5.73873104,6,1.59E-10,0.246554024
"same θ, varying ξ",33,80,5.73873104,7,5.56E-11,0.185829573
"same θ, varying ξ",33,80,5.73873104,8,7.21E-10,0.117315656
"same θ, varying ξ",33,80,5.73873104,9,1.05E-08,0.163150958
"same θ, varying ξ",33,80,5.73873104,10,1.15E-10,0.207159065
"same θ, varying ξ",34,80,5.73873104,1,2.39E-09,0.200290163
"same θ, varying ξ",34,80,5.73873104,2,7.18E-11,0.187589013
"same θ, varying ξ",34,80,5.73873104,3,2.55E-11,0.254242269
"same θ, varying ξ",34,80,5.73873104,4,1.90E-13,0.163172911
"same θ, varying ξ",34,80,5.73873104,5,1.29E-10,0.282519245
"same θ, varying ξ",34,80,5.73873104,6,4.91E-11,0.190199002
"same θ, varying ξ",34,80,5.73873104,7,4.78E-10,0.19587159
"same θ, varying ξ",34,80,5.73873104,8,1.24E-09,0.240080271
"same θ, varying ξ",34,80,5.73873104,9,2.00E-11,0.202237044
"same θ, varying ξ",34,80,5.73873104,10,6.20E-09,0.223569674
"same θ, varying ξ",35,80,5.73873104,1,2.61E-10,0.11252333
"same θ, varying ξ",35,80,5.73873104,2,1.57E-09,0.159676523
"same θ, varying ξ",35,80,5.73873104,3,3.57E-09,0.205807114
"same θ, varying ξ",35,80,5.73873104,4,4.97E-10,0.231819169
"same θ, varying ξ",35,80,5.73873104,5,1.41E-11,0.27874634
"same θ, varying ξ",35,80,5.73873104,6,1.10E-10,0.209741507
"same θ, varying ξ",35,80,5.73873104,7,1.62E-11,0.216772041
"same θ, varying ξ",35,80,5.73873104,8,6.26E-13,0.250508054
"same θ, varying ξ",35,80,5.73873104,9,1.23E-10,0.159444426
"same θ, varying ξ",35,80,5.73873104,10,1.36E-14,0.206613612
"same θ, varying ξ",36,80,5.73873104,1,1.08E-09,0.124233247
"same θ, varying ξ",36,80,5.73873104,2,1.15E-11,0.172894875
"same θ, varying ξ",36,80,5.73873104,3,9.02E-12,0.197372688
"same θ, varying ξ",36,80,5.73873104,4,1.85E-09,0.180063853
"same θ, varying ξ",36,80,5.73873104,5,3.38E-10,0.166632141
"same θ, varying ξ",36,80,5.73873104,6,5.27E-13,0.166885408
"same θ, varying ξ",36,80,5.73873104,7,8.18E-08,0.284023373
"same θ, varying ξ",36,80,5.73873104,8,6.79E-10,0.132927366
"same θ, varying ξ",36,80,5.73873104,9,7.07E-09,0.138921101
"same θ, varying ξ",36,80,5.73873104,10,9.16E-12,0.209665974
"same θ, varying ξ",37,80,5.73873104,1,6.64E-12,0.341485193
"same θ, varying ξ",37,80,5.73873104,2,6.47E-12,0.19512851
"same θ, varying ξ",37,80,5.73873104,3,2.60E-11,0.174038639
"same θ, varying ξ",37,80,5.73873104,4,9.47E-12,0.163264909
"same θ, varying ξ",37,80,5.73873104,5,3.35E-10,0.156090874
"same θ, varying ξ",37,80,5.73873104,6,5.23E-10,0.216391861
"same θ, varying ξ",37,80,5.73873104,7,7.77E-10,0.205600915
"same θ, varying ξ",37,80,5.73873104,8,5.79E-10,0.248548014
"same θ, varying ξ",37,80,5.73873104,9,1.40E-10,0.189744268
"same θ, varying ξ",37,80,5.73873104,10,9.06E-08,0.159384117
"same θ, varying ξ",38,80,5.73873104,1,2.83E-11,0.346493198
"same θ, varying ξ",38,80,5.73873104,2,7.46E-11,0.246023209
"same θ, varying ξ",38,80,5.73873104,3,3.18E-10,0.191095594
"same θ, varying ξ",38,80,5.73873104,4,5.42E-13,0.162365039
"same θ, varying ξ",38,80,5.73873104,5,1.33E-09,0.206683495
"same θ, varying ξ",38,80,5.73873104,6,4.78E-10,0.135808955
"same θ, varying ξ",38,80,5.73873104,7,4.73E-10,0.211171429
"same θ, varying ξ",38,80,5.73873104,8,9.39E-11,0.178414986
"same θ, varying ξ",38,80,5.73873104,9,3.37E-12,0.24384508
"same θ, varying ξ",38,80,5.73873104,10,1.80E-10,0.187992617
"same θ, varying ξ",39,80,5.73873104,1,7.12E-15,0.188567112
"same θ, varying ξ",39,80,5.73873104,2,3.21E-10,0.129993638
"same θ, varying ξ",39,80,5.73873104,3,2.89E-10,0.201967013
"same θ, varying ξ",39,80,5.73873104,4,7.02E-10,0.210251863
"same θ, varying ξ",39,80,5.73873104,5,2.77E-10,0.208308569
"same θ, varying ξ",39,80,5.73873104,6,3.53E-10,0.186335402
"same θ, varying ξ",39,80,5.73873104,7,1.65E-14,0.257919464
"same θ, varying ξ",39,80,5.73873104,8,7.69E-10,0.205733774
"same θ, varying ξ",39,80,5.73873104,9,7.34E-11,0.14864256
"same θ, varying ξ",39,80,5.73873104,10,1.45E-09,0.239886509
