mode,feas_error,opt_error
fullnet,1.20E-09,0.288329366
supervised,0.801961372,0.000873734
fullnet,1.10E-09,0.129735246
supervised,0.378526478,8.22E-06
fullnet,4.21E-10,0.244869411
supervised,0.599171006,4.11E-05
fullnet,1.41E-10,0.21222619
supervised,0.810079823,0.000953036
fullnet,1.02E-09,0.178113177
supervised,0.324349299,3.06E-05
fullnet,4.11E-10,0.291239405
supervised,0.504105474,0.00027885
fullnet,5.66E-09,0.263042869
supervised,0.716045785,2.23E-08
fullnet,1.53E-11,0.271212615
supervised,0.690724781,5.40E-05
fullnet,3.15E-10,0.298849027
supervised,0.753299116,2.11E-05
fullnet,2.65E-09,0.158172989
supervised,0.287618411,3.87E-05
fullnet,1.73E-10,0.162837584
supervised,0.367414538,1.41E-05
fullnet,1.97E-09,0.2516166
supervised,0.715453614,2.53E-06
fullnet,3.82E-11,0.175540271
supervised,0.685317791,5.96E-08
fullnet,5.16E-10,0.136544195
supervised,0.338307874,8.21E-06
fullnet,1.16E-10,0.166212667
supervised,0.378946312,6.47E-06
fullnet,2.97E-09,0.242334206
supervised,0.712575796,8.38E-06
fullnet,5.39E-10,0.174135539
supervised,0.348379436,5.05E-05
fullnet,7.54E-10,0.275701877
supervised,0.791062932,1.36E-05
fullnet,1.19E-10,0.263187638
supervised,0.693953261,5.15E-06
fullnet,6.32E-10,0.243670239
supervised,0.71180501,2.05E-07
fullnet,2.01E-09,0.159498833
supervised,0.25575014,0.004283587
fullnet,4.62E-10,0.146964684
supervised,0.292576476,0.001444013
fullnet,2.38E-09,0.25990614
supervised,0.742037333,1.62E-05
fullnet,1.52E-09,0.163183268
supervised,0.383436868,0.001806354
fullnet,5.94E-11,0.24390801
supervised,0.528332637,2.90E-05
fullnet,5.04E-10,0.245871995
supervised,0.685669533,0.000124643
fullnet,1.10E-10,0.132890735
supervised,0.314907856,4.38E-05
fullnet,5.92E-07,0.170151635
supervised,0.284169863,5.70E-05
fullnet,1.39E-10,0.230590246
supervised,0.897385676,8.26E-06
fullnet,3.98E-10,0.11158919
supervised,0.3245975,0.001001019
fullnet,3.66E-11,0.230521986
supervised,0.641404399,1.12E-05
fullnet,3.77E-10,0.152070396
supervised,0.236760816,9.99E-06
fullnet,9.90E-10,0.272223009
supervised,0.797960578,4.55E-06
fullnet,2.72E-10,0.22118555
supervised,0.530793791,0.000119336
fullnet,1.13E-09,0.263969462
supervised,0.929912937,2.51E-05
fullnet,3.78E-09,0.247935387
supervised,0.619408844,0.000191032
fullnet,2.46E-11,0.210619646
supervised,0.722987171,0.000842072
fullnet,5.92E-10,0.147491283
supervised,0.341656687,2.93E-05
fullnet,9.61E-11,0.253963911
supervised,0.745909323,0.00078284
fullnet,3.32E-11,0.253358695
supervised,0.862002119,7.69E-05
fullnet,3.53E-10,0.256598264
supervised,0.706086941,8.55E-06
fullnet,4.97E-10,0.29241461
supervised,0.674690048,1.12E-05
fullnet,2.97E-08,0.187480652
supervised,0.275838629,0.001934039
fullnet,1.83E-09,0.25312569
supervised,0.792070567,1.82E-06
fullnet,5.90E-10,0.167997719
supervised,0.396026857,0.001115996
fullnet,3.22E-09,0.300235718
supervised,0.598503188,4.01E-06
fullnet,7.82E-11,0.250592998
supervised,0.73593225,1.67E-05
fullnet,5.32E-10,0.142401546
supervised,0.238918342,0.000710427
fullnet,4.11E-11,0.215686853
supervised,0.944842161,3.65E-06
fullnet,2.81E-10,0.224337854
supervised,0.885424306,0.000352579
