field,std,status,min,max,n
n_ev,0.0,固定,80.0,80.0,1
EV_ta,0.0,固定,8.474607603377992,8.474607603377992,1
EV_td,0.0,固定,18.421569228448362,18.421569228448362,1
EV_SOCa,0.0,固定,0.4453434475562002,0.4453434475562002,1
n_tcl,0.0,固定,80.0,80.0,1
TCL_H,0.0,固定,0.8176067499999998,0.8176067499999998,1
TCL_C,0.0,固定,60.72152777777778,60.72152777777778,1
TCL_Qmax,0.0,固定,20.55215805874834,20.55215805874834,1
n_pv,0.0,固定,20.0,20.0,1
PV_Ppanel,0.0,固定,25.389304613873385,25.389304613873385,1
PV_eta,0.0,固定,0.8714751804905669,0.8714751804905669,1
PV_energy,0.0,固定,5.7387310403759875,5.7387310403759875,1
theta_amb_mean,0.0,固定,-7.430684604748965,-7.430684604748965,1
