scenario,date,hour,total_lmp_da
Extreme_High_Price,2026-01-24,0,146.259454
Extreme_High_Price,2026-01-24,1,155.116426
Extreme_High_Price,2026-01-24,2,138.485406
Extreme_High_Price,2026-01-24,3,158.35267
Extreme_High_Price,2026-01-24,4,162.124674
Extreme_High_Price,2026-01-24,5,149.34
Extreme_High_Price,2026-01-24,6,179.246732
Extreme_High_Price,2026-01-24,7,235.136658
Extreme_High_Price,2026-01-24,8,222.52179
Extreme_High_Price,2026-01-24,9,158.562071
Extreme_High_Price,2026-01-24,10,345.186729
Extreme_High_Price,2026-01-24,11,307.099594
Extreme_High_Price,2026-01-24,12,283.16483
Extreme_High_Price,2026-01-24,13,274.545905
Extreme_High_Price,2026-01-24,14,283.115742
Extreme_High_Price,2026-01-24,15,309.875884
Extreme_High_Price,2026-01-24,16,357.684199
Extreme_High_Price,2026-01-24,17,372.652648
Extreme_High_Price,2026-01-24,18,376.872551
Extreme_High_Price,2026-01-24,19,380.496225
Extreme_High_Price,2026-01-24,20,348.172062
Extreme_High_Price,2026-01-24,21,350.0
Extreme_High_Price,2026-01-24,22,326.682649
Extreme_High_Price,2026-01-24,23,310.99012
Extreme_High_Price,2026-01-25,0,392.907422
Extreme_High_Price,2026-01-25,1,370.381844
Extreme_High_Price,2026-01-25,2,365.740001
Extreme_High_Price,2026-01-25,3,372.339277
Extreme_High_Price,2026-01-25,4,376.467524
Extreme_High_Price,2026-01-25,5,379.564466
Extreme_High_Price,2026-01-25,6,389.859199
Extreme_High_Price,2026-01-25,7,420.37207
Extreme_High_Price,2026-01-25,8,434.003985
Extreme_High_Price,2026-01-25,9,424.003384
Extreme_High_Price,2026-01-25,10,435.357012
Extreme_High_Price,2026-01-25,11,424.525923
Extreme_High_Price,2026-01-25,12,421.253523
Extreme_High_Price,2026-01-25,13,416.58266
Extreme_High_Price,2026-01-25,14,400.772799
Extreme_High_Price,2026-01-25,15,391.514909
Extreme_High_Price,2026-01-25,16,411.722905
Extreme_High_Price,2026-01-25,17,455.010116
Extreme_High_Price,2026-01-25,18,444.082543
Extreme_High_Price,2026-01-25,19,434.659523
Extreme_High_Price,2026-01-25,20,393.301745
Extreme_High_Price,2026-01-25,21,357.857035
Extreme_High_Price,2026-01-25,22,312.331008
Extreme_High_Price,2026-01-25,23,298.078345
Extreme_High_Price,2026-01-26,0,410.066735
Extreme_High_Price,2026-01-26,1,404.551926
Extreme_High_Price,2026-01-26,2,394.986559
Extreme_High_Price,2026-01-26,3,400.584289
Extreme_High_Price,2026-01-26,4,419.614388
Extreme_High_Price,2026-01-26,5,576.884346
Extreme_High_Price,2026-01-26,6,793.9429
Extreme_High_Price,2026-01-26,7,737.374438
Extreme_High_Price,2026-01-26,8,666.020002
Extreme_High_Price,2026-01-26,9,534.411312
Extreme_High_Price,2026-01-26,10,519.429727
Extreme_High_Price,2026-01-26,11,541.208054
Extreme_High_Price,2026-01-26,12,535.623995
Extreme_High_Price,2026-01-26,13,463.031541
Extreme_High_Price,2026-01-26,14,424.989319
Extreme_High_Price,2026-01-26,15,460.666741
Extreme_High_Price,2026-01-26,16,510.864879
Extreme_High_Price,2026-01-26,17,856.001192
Extreme_High_Price,2026-01-26,18,935.379902
Extreme_High_Price,2026-01-26,19,862.862471
Extreme_High_Price,2026-01-26,20,777.43508
Extreme_High_Price,2026-01-26,21,712.652805
Extreme_High_Price,2026-01-26,22,681.757384
Extreme_High_Price,2026-01-26,23,680.235017
Extreme_High_Price,2026-01-27,0,570.05684
Extreme_High_Price,2026-01-27,1,653.879464
Extreme_High_Price,2026-01-27,2,645.252099
Extreme_High_Price,2026-01-27,3,551.729624
Extreme_High_Price,2026-01-27,4,721.686321
Extreme_High_Price,2026-01-27,5,952.114026
Extreme_High_Price,2026-01-27,6,1500.000001
Extreme_High_Price,2026-01-27,7,2323.342976
Extreme_High_Price,2026-01-27,8,1910.590156
Extreme_High_Price,2026-01-27,9,637.993108
Extreme_High_Price,2026-01-27,10,717.436109
Extreme_High_Price,2026-01-27,11,710.687756
Extreme_High_Price,2026-01-27,12,622.272241
Extreme_High_Price,2026-01-27,13,607.928779
Extreme_High_Price,2026-01-27,14,557.674681
Extreme_High_Price,2026-01-27,15,599.563865
Extreme_High_Price,2026-01-27,16,698.115959
Extreme_High_Price,2026-01-27,17,761.947774
Extreme_High_Price,2026-01-27,18,841.748253
Extreme_High_Price,2026-01-27,19,816.543416
Extreme_High_Price,2026-01-27,20,845.880587
Extreme_High_Price,2026-01-27,21,831.92424
Extreme_High_Price,2026-01-27,22,756.521367
Extreme_High_Price,2026-01-27,23,696.579593
Extreme_High_Price,2026-01-28,0,629.941292
Extreme_High_Price,2026-01-28,1,616.083915
Extreme_High_Price,2026-01-28,2,584.374595
Extreme_High_Price,2026-01-28,3,617.540225
Extreme_High_Price,2026-01-28,4,619.572733
Extreme_High_Price,2026-01-28,5,708.63792
Extreme_High_Price,2026-01-28,6,950.0
Extreme_High_Price,2026-01-28,7,1228.930803
Extreme_High_Price,2026-01-28,8,932.372349
Extreme_High_Price,2026-01-28,9,706.715295
Extreme_High_Price,2026-01-28,10,390.842917
Extreme_High_Price,2026-01-28,11,351.266829
Extreme_High_Price,2026-01-28,12,315.000001
Extreme_High_Price,2026-01-28,13,323.406354
Extreme_High_Price,2026-01-28,14,288.14287
Extreme_High_Price,2026-01-28,15,300.323274
Extreme_High_Price,2026-01-28,16,364.839367
Extreme_High_Price,2026-01-28,17,568.128303
Extreme_High_Price,2026-01-28,18,720.878301
Extreme_High_Price,2026-01-28,19,714.722215
Extreme_High_Price,2026-01-28,20,717.332241
Extreme_High_Price,2026-01-28,21,660.808589
Extreme_High_Price,2026-01-28,22,452.612256
Extreme_High_Price,2026-01-28,23,412.174315
Extreme_High_Price,2026-01-29,0,325.708568
Extreme_High_Price,2026-01-29,1,324.527492
Extreme_High_Price,2026-01-29,2,343.856264
Extreme_High_Price,2026-01-29,3,350.852626
Extreme_High_Price,2026-01-29,4,350.531712
Extreme_High_Price,2026-01-29,5,399.028667
Extreme_High_Price,2026-01-29,6,551.501818
Extreme_High_Price,2026-01-29,7,589.168405
Extreme_High_Price,2026-01-29,8,371.111725
Extreme_High_Price,2026-01-29,9,285.278497
Extreme_High_Price,2026-01-29,10,317.911215
Extreme_High_Price,2026-01-29,11,270.7276
Extreme_High_Price,2026-01-29,12,238.391468
Extreme_High_Price,2026-01-29,13,223.867505
Extreme_High_Price,2026-01-29,14,220.171654
Extreme_High_Price,2026-01-29,15,240.160497
Extreme_High_Price,2026-01-29,16,311.814198
Extreme_High_Price,2026-01-29,17,457.379355
Extreme_High_Price,2026-01-29,18,447.38772
Extreme_High_Price,2026-01-29,19,391.109966
Extreme_High_Price,2026-01-29,20,394.624757
Extreme_High_Price,2026-01-29,21,419.745222
Extreme_High_Price,2026-01-29,22,397.617812
Extreme_High_Price,2026-01-29,23,392.704257
Extreme_High_Price,2026-01-30,0,293.978485
Extreme_High_Price,2026-01-30,1,282.139894
Extreme_High_Price,2026-01-30,2,289.985025
Extreme_High_Price,2026-01-30,3,285.587182
Extreme_High_Price,2026-01-30,4,296.320425
Extreme_High_Price,2026-01-30,5,341.561473
Extreme_High_Price,2026-01-30,6,465.64907
Extreme_High_Price,2026-01-30,7,567.759807
Extreme_High_Price,2026-01-30,8,382.334422
Extreme_High_Price,2026-01-30,9,313.093842
Extreme_High_Price,2026-01-30,10,321.326421
Extreme_High_Price,2026-01-30,11,300.865048
Extreme_High_Price,2026-01-30,12,258.015493
Extreme_High_Price,2026-01-30,13,244.560106
Extreme_High_Price,2026-01-30,14,247.134527
Extreme_High_Price,2026-01-30,15,228.549676
Extreme_High_Price,2026-01-30,16,294.057616
Extreme_High_Price,2026-01-30,17,360.465094
Extreme_High_Price,2026-01-30,18,350.944793
Extreme_High_Price,2026-01-30,19,333.173105
Extreme_High_Price,2026-01-30,20,329.707676
Extreme_High_Price,2026-01-30,21,337.858395
Extreme_High_Price,2026-01-30,22,313.231644
Extreme_High_Price,2026-01-30,23,306.709004
Extreme_High_Price,2026-01-31,0,342.216196
Extreme_High_Price,2026-01-31,1,339.346021
Extreme_High_Price,2026-01-31,2,351.296563
Extreme_High_Price,2026-01-31,3,345.459205
Extreme_High_Price,2026-01-31,4,357.260001
Extreme_High_Price,2026-01-31,5,373.653482
Extreme_High_Price,2026-01-31,6,416.992792
Extreme_High_Price,2026-01-31,7,462.378136
Extreme_High_Price,2026-01-31,8,423.768094
Extreme_High_Price,2026-01-31,9,352.854734
Extreme_High_Price,2026-01-31,10,336.914874
Extreme_High_Price,2026-01-31,11,336.873581
Extreme_High_Price,2026-01-31,12,295.708909
Extreme_High_Price,2026-01-31,13,274.388027
Extreme_High_Price,2026-01-31,14,275.804076
Extreme_High_Price,2026-01-31,15,276.749696
Extreme_High_Price,2026-01-31,16,344.045688
Extreme_High_Price,2026-01-31,17,377.196234
Extreme_High_Price,2026-01-31,18,386.629354
Extreme_High_Price,2026-01-31,19,366.1814
Extreme_High_Price,2026-01-31,20,328.74552
Extreme_High_Price,2026-01-31,21,339.205729
Extreme_High_Price,2026-01-31,22,293.888099
Extreme_High_Price,2026-01-31,23,288.83524
Extreme_High_Price,2026-02-01,0,316.295043
Extreme_High_Price,2026-02-01,1,281.471952
Extreme_High_Price,2026-02-01,2,284.542105
Extreme_High_Price,2026-02-01,3,299.255965
Extreme_High_Price,2026-02-01,4,292.85153
Extreme_High_Price,2026-02-01,5,284.341935
Extreme_High_Price,2026-02-01,6,319.890874
Extreme_High_Price,2026-02-01,7,476.209267
Extreme_High_Price,2026-02-01,8,303.554569
Extreme_High_Price,2026-02-01,9,301.927408
Extreme_High_Price,2026-02-01,10,202.02
Extreme_High_Price,2026-02-01,11,193.124586
Extreme_High_Price,2026-02-01,12,145.049718
Extreme_High_Price,2026-02-01,13,119.39811
Extreme_High_Price,2026-02-01,14,117.9866
Extreme_High_Price,2026-02-01,15,120.824562
Extreme_High_Price,2026-02-01,16,150.205114
Extreme_High_Price,2026-02-01,17,262.942167
Extreme_High_Price,2026-02-01,18,266.806961
Extreme_High_Price,2026-02-01,19,258.974427
Extreme_High_Price,2026-02-01,20,317.108059
Extreme_High_Price,2026-02-01,21,228.006143
Extreme_High_Price,2026-02-01,22,207.117861
Extreme_High_Price,2026-02-01,23,189.999999
Extreme_High_Price,2026-02-02,0,336.19229
Extreme_High_Price,2026-02-02,1,316.79627
Extreme_High_Price,2026-02-02,2,330.872074
Extreme_High_Price,2026-02-02,3,332.889358
Extreme_High_Price,2026-02-02,4,343.126472
Extreme_High_Price,2026-02-02,5,440.28953
Extreme_High_Price,2026-02-02,6,560.784319
Extreme_High_Price,2026-02-02,7,658.259817
Extreme_High_Price,2026-02-02,8,464.823815
Extreme_High_Price,2026-02-02,9,206.001099
Extreme_High_Price,2026-02-02,10,184.630621
Extreme_High_Price,2026-02-02,11,167.781531
Extreme_High_Price,2026-02-02,12,144.710623
Extreme_High_Price,2026-02-02,13,133.52747
Extreme_High_Price,2026-02-02,14,121.602602
Extreme_High_Price,2026-02-02,15,134.964146
Extreme_High_Price,2026-02-02,16,181.227852
Extreme_High_Price,2026-02-02,17,284.665505
Extreme_High_Price,2026-02-02,18,298.335252
Extreme_High_Price,2026-02-02,19,288.847702
Extreme_High_Price,2026-02-02,20,281.691575
Extreme_High_Price,2026-02-02,21,267.2489
Extreme_High_Price,2026-02-02,22,220.210742
Extreme_High_Price,2026-02-02,23,226.967276
Extreme_High_Price,2026-02-05,0,139.517158
Extreme_High_Price,2026-02-05,1,128.28522
Extreme_High_Price,2026-02-05,2,122.854348
Extreme_High_Price,2026-02-05,3,131.23785
Extreme_High_Price,2026-02-05,4,124.974016
Extreme_High_Price,2026-02-05,5,135.981278
Extreme_High_Price,2026-02-05,6,195.829163
Extreme_High_Price,2026-02-05,7,269.997571
Extreme_High_Price,2026-02-05,8,181.745161
Extreme_High_Price,2026-02-05,9,124.830137
Extreme_High_Price,2026-02-05,10,174.162112
Extreme_High_Price,2026-02-05,11,154.557004
Extreme_High_Price,2026-02-05,12,140.42566
Extreme_High_Price,2026-02-05,13,126.548567
Extreme_High_Price,2026-02-05,14,117.188882
Extreme_High_Price,2026-02-05,15,131.416957
Extreme_High_Price,2026-02-05,16,156.562629
Extreme_High_Price,2026-02-05,17,200.727515
Extreme_High_Price,2026-02-05,18,195.630126
Extreme_High_Price,2026-02-05,19,187.706547
Extreme_High_Price,2026-02-05,20,186.462581
Extreme_High_Price,2026-02-05,21,188.870208
Extreme_High_Price,2026-02-05,22,190.987565
Extreme_High_Price,2026-02-05,23,184.235341
Extreme_High_Price,2026-02-07,0,76.315696
Extreme_High_Price,2026-02-07,1,67.949112
Extreme_High_Price,2026-02-07,2,71.311648
Extreme_High_Price,2026-02-07,3,79.97539
Extreme_High_Price,2026-02-07,4,83.508655
Extreme_High_Price,2026-02-07,5,79.815804
Extreme_High_Price,2026-02-07,6,114.235821
Extreme_High_Price,2026-02-07,7,125.481827
Extreme_High_Price,2026-02-07,8,109.01041
Extreme_High_Price,2026-02-07,9,98.82926
Extreme_High_Price,2026-02-07,10,153.758187
Extreme_High_Price,2026-02-07,11,126.464049
Extreme_High_Price,2026-02-07,12,115.784068
Extreme_High_Price,2026-02-07,13,102.911985
Extreme_High_Price,2026-02-07,14,98.301178
Extreme_High_Price,2026-02-07,15,105.203049
Extreme_High_Price,2026-02-07,16,169.890877
Extreme_High_Price,2026-02-07,17,282.070285
Extreme_High_Price,2026-02-07,18,281.703694
Extreme_High_Price,2026-02-07,19,269.368065
Extreme_High_Price,2026-02-07,20,257.06315
Extreme_High_Price,2026-02-07,21,271.14485
Extreme_High_Price,2026-02-07,22,268.967555
Extreme_High_Price,2026-02-07,23,262.297474
Extreme_High_Price,2026-02-08,0,249.434776
Extreme_High_Price,2026-02-08,1,230.851708
Extreme_High_Price,2026-02-08,2,240.027859
Extreme_High_Price,2026-02-08,3,241.130758
Extreme_High_Price,2026-02-08,4,234.802388
Extreme_High_Price,2026-02-08,5,244.151681
Extreme_High_Price,2026-02-08,6,246.5316
Extreme_High_Price,2026-02-08,7,268.700625
Extreme_High_Price,2026-02-08,8,204.281622
Extreme_High_Price,2026-02-08,9,152.389127
Extreme_High_Price,2026-02-08,10,159.42836
Extreme_High_Price,2026-02-08,11,148.489462
Extreme_High_Price,2026-02-08,12,142.863958
Extreme_High_Price,2026-02-08,13,122.903122
Extreme_High_Price,2026-02-08,14,110.43024
Extreme_High_Price,2026-02-08,15,105.763137
Extreme_High_Price,2026-02-08,16,156.363169
Extreme_High_Price,2026-02-08,17,237.500571
Extreme_High_Price,2026-02-08,18,229.06179
Extreme_High_Price,2026-02-08,19,220.130291
Extreme_High_Price,2026-02-08,20,221.368035
Extreme_High_Price,2026-02-08,21,248.963087
Extreme_High_Price,2026-02-08,22,218.671116
Extreme_High_Price,2026-02-08,23,211.658547
Extreme_High_Price,2026-02-09,0,220.575127
Extreme_High_Price,2026-02-09,1,216.172295
Extreme_High_Price,2026-02-09,2,229.916642
Extreme_High_Price,2026-02-09,3,220.057428
Extreme_High_Price,2026-02-09,4,220.165603
Extreme_High_Price,2026-02-09,5,231.282644
Extreme_High_Price,2026-02-09,6,413.260957
Extreme_High_Price,2026-02-09,7,499.999999
Extreme_High_Price,2026-02-09,8,227.547927
Extreme_High_Price,2026-02-09,9,164.999999
Extreme_High_Price,2026-02-09,10,154.375625
Extreme_High_Price,2026-02-09,11,144.827407
Extreme_High_Price,2026-02-09,12,122.353208
Extreme_High_Price,2026-02-09,13,116.150947
Extreme_High_Price,2026-02-09,14,98.826644
Extreme_High_Price,2026-02-09,15,108.377925
Extreme_High_Price,2026-02-09,16,131.176659
Extreme_High_Price,2026-02-09,17,181.079277
Extreme_High_Price,2026-02-09,18,184.287171
Extreme_High_Price,2026-02-09,19,172.12389
Extreme_High_Price,2026-02-09,20,168.274446
Extreme_High_Price,2026-02-09,21,158.677176
Extreme_High_Price,2026-02-09,22,131.105684
Extreme_High_Price,2026-02-09,23,113.463553
Extreme_High_Price,2026-06-11,0,46.134517
Extreme_High_Price,2026-06-11,1,39.91
Extreme_High_Price,2026-06-11,2,34.595747
Extreme_High_Price,2026-06-11,3,32.287234
Extreme_High_Price,2026-06-11,4,32.145726
Extreme_High_Price,2026-06-11,5,37.788072
Extreme_High_Price,2026-06-11,6,44.17789
Extreme_High_Price,2026-06-11,7,49.098187
Extreme_High_Price,2026-06-11,8,56.007838
Extreme_High_Price,2026-06-11,9,70.099627
Extreme_High_Price,2026-06-11,10,89.758089
Extreme_High_Price,2026-06-11,11,127.527249
Extreme_High_Price,2026-06-11,12,210.508405
Extreme_High_Price,2026-06-11,13,266.300313
Extreme_High_Price,2026-06-11,14,318.939711
Extreme_High_Price,2026-06-11,15,361.417284
Extreme_High_Price,2026-06-11,16,375.763856
Extreme_High_Price,2026-06-11,17,396.777
Extreme_High_Price,2026-06-11,18,378.75
Extreme_High_Price,2026-06-11,19,319.674406
Extreme_High_Price,2026-06-11,20,229.729069
Extreme_High_Price,2026-06-11,21,120.29098
Extreme_High_Price,2026-06-11,22,79.378119
Extreme_High_Price,2026-06-11,23,63.529038
