scenario,hour,total_lmp_da
Random_Price,0,32.088853
Random_Price,1,27.863541
Random_Price,2,24.684478
Random_Price,3,23.261353
Random_Price,4,23.47677
Random_Price,5,26.154582
Random_Price,6,34.200725
Random_Price,7,38.976971
Random_Price,8,34.667497
Random_Price,9,38.908748
Random_Price,10,43.023747
Random_Price,11,53.588121
Random_Price,12,59.858225
Random_Price,13,63.95895
Random_Price,14,68.48812
Random_Price,15,74.978848
Random_Price,16,113.898297
Random_Price,17,144.020261
Random_Price,18,135.138091
Random_Price,19,114.71821
Random_Price,20,73.823635
Random_Price,21,63.358427
Random_Price,22,47.860725
Random_Price,23,40.442394
Random_Price,0,31.358644
Random_Price,1,28.488957
Random_Price,2,24.934374
Random_Price,3,23.432916
Random_Price,4,23.854686
Random_Price,5,25.77729
Random_Price,6,34.961977
Random_Price,7,35.626351
Random_Price,8,35.149892
Random_Price,9,40.093954
Random_Price,10,47.737285
Random_Price,11,56.91166
Random_Price,12,61.580622
Random_Price,13,70.540414
Random_Price,14,76.116348
Random_Price,15,88.831345
Random_Price,16,118.175917
Random_Price,17,118.965497
Random_Price,18,102.173737
Random_Price,19,98.389257
Random_Price,20,76.380198
Random_Price,21,66.146867
Random_Price,22,55.285931
Random_Price,23,43.278121
Random_Price,0,44.980929
Random_Price,1,36.709577
Random_Price,2,32.700516
Random_Price,3,29.964162
Random_Price,4,33.445931
Random_Price,5,45.722592
Random_Price,6,67.936751
Random_Price,7,68.877476
Random_Price,8,58.634461
Random_Price,9,49.999778
Random_Price,10,47.330301
Random_Price,11,49.232904
Random_Price,12,55.963525
Random_Price,13,60.498628
Random_Price,14,63.150085
Random_Price,15,65.710499
Random_Price,16,71.675187
Random_Price,17,89.440806
Random_Price,18,111.31965
Random_Price,19,97.105588
Random_Price,20,70.045183
Random_Price,21,62.257166
Random_Price,22,51.119048
Random_Price,23,40.457389
Random_Price,0,39.980309
Random_Price,1,34.532184
Random_Price,2,32.694997
Random_Price,3,32.635205
Random_Price,4,37.871349
Random_Price,5,45.666033
Random_Price,6,66.960299
Random_Price,7,74.147903
Random_Price,8,57.728016
Random_Price,9,49.407393
Random_Price,10,46.317707
Random_Price,11,47.658123
Random_Price,12,46.033541
Random_Price,13,48.270312
Random_Price,14,46.44573
Random_Price,15,47.263126
Random_Price,16,56.334686
Random_Price,17,80.901659
Random_Price,18,135.478734
Random_Price,19,138.965818
Random_Price,20,74.317285
Random_Price,21,57.089473
Random_Price,22,54.200304
Random_Price,23,48.024891
Random_Price,0,61.471166
Random_Price,1,54.360449
Random_Price,2,51.422208
Random_Price,3,50.831243
Random_Price,4,52.63743
Random_Price,5,55.511933
Random_Price,6,69.041424
Random_Price,7,122.378736
Random_Price,8,79.584474
Random_Price,9,51.196736
Random_Price,10,48.308738
Random_Price,11,43.94377
Random_Price,12,43.405949
Random_Price,13,41.668918
Random_Price,14,40.791445
Random_Price,15,43.739079
Random_Price,16,50.173566
Random_Price,17,62.53961
Random_Price,18,79.073909
Random_Price,19,81.500011
Random_Price,20,67.751897
Random_Price,21,58.217903
Random_Price,22,54.932557
Random_Price,23,49.633379
Random_Price,0,40.08597
Random_Price,1,38.837017
Random_Price,2,37.718011
Random_Price,3,39.008977
Random_Price,4,43.054627
Random_Price,5,52.137482
Random_Price,6,78.797948
Random_Price,7,121.454588
Random_Price,8,88.379753
Random_Price,9,56.899649
Random_Price,10,43.987132
Random_Price,11,71.925474
Random_Price,12,40.508663
Random_Price,13,39.977984
Random_Price,14,40.067037
Random_Price,15,41.042447
Random_Price,16,48.626075
Random_Price,17,70.952759
Random_Price,18,100.843181
Random_Price,19,97.254797
Random_Price,20,68.032734
Random_Price,21,52.219638
Random_Price,22,50.927812
Random_Price,23,43.558189
Random_Price,0,39.231721
Random_Price,1,37.025647
Random_Price,2,35.1
Random_Price,3,36.056472
Random_Price,4,39.825235
Random_Price,5,48.809344
Random_Price,6,70.119584
Random_Price,7,116.231758
Random_Price,8,80.850151
Random_Price,9,65.145652
Random_Price,10,55.042932
Random_Price,11,51.378181
Random_Price,12,52.841304
Random_Price,13,47.517142
Random_Price,14,45.684411
Random_Price,15,46.111677
Random_Price,16,53.100365
Random_Price,17,67.28975
Random_Price,18,103.25458
Random_Price,19,94.053983
Random_Price,20,64.844918
Random_Price,21,53.20714
Random_Price,22,47.749185
Random_Price,23,43.762808
Random_Price,0,59.155167
Random_Price,1,49.340684
Random_Price,2,47.701218
Random_Price,3,47.066572
Random_Price,4,55.133873
Random_Price,5,61.58929
Random_Price,6,119.32198
Random_Price,7,114.044892
Random_Price,8,59.312013
Random_Price,9,49.313471
Random_Price,10,46.511013
Random_Price,11,39.277511
Random_Price,12,37.895887
Random_Price,13,36.074386
Random_Price,14,34.664067
Random_Price,15,38.272913
Random_Price,16,64.874475
Random_Price,17,93.179885
Random_Price,18,75.085507
Random_Price,19,63.668437
Random_Price,20,57.769907
Random_Price,21,55.185544
Random_Price,22,48.653202
Random_Price,23,46.734851
Random_Price,0,49.021667
Random_Price,1,48.322053
Random_Price,2,46.422812
Random_Price,3,47.74864
Random_Price,4,55.155952
Random_Price,5,69.751463
Random_Price,6,113.089716
Random_Price,7,116.822251
Random_Price,8,54.727474
Random_Price,9,44.993728
Random_Price,10,46.673626
Random_Price,11,46.251781
Random_Price,12,43.605623
Random_Price,13,39.766605
Random_Price,14,41.660962
Random_Price,15,50.538368
Random_Price,16,70.085339
Random_Price,17,87.730512
Random_Price,18,66.368005
Random_Price,19,59.422627
Random_Price,20,62.838183
Random_Price,21,58.430972
Random_Price,22,51.40961
Random_Price,23,49.409767
Random_Price,0,14.807604
Random_Price,1,14.238541
Random_Price,2,13.746041
Random_Price,3,12.901562
Random_Price,4,13.065312
Random_Price,5,13.641041
Random_Price,6,14.151978
Random_Price,7,13.818645
Random_Price,8,12.057916
Random_Price,9,11.854478
Random_Price,10,13.141979
Random_Price,11,14.125312
Random_Price,12,15.496666
Random_Price,13,16.375416
Random_Price,14,19.204999
Random_Price,15,21.731666
Random_Price,16,24.869062
Random_Price,17,28.476041
Random_Price,18,37.050102
Random_Price,19,45.938433
Random_Price,20,34.699269
Random_Price,21,26.122915
Random_Price,22,23.850415
Random_Price,23,18.484583
Random_Price,0,23.878541
Random_Price,1,22.389062
Random_Price,2,19.890937
Random_Price,3,18.744166
Random_Price,4,18.406874
Random_Price,5,19.720832
Random_Price,6,20.005936
Random_Price,7,18.171666
Random_Price,8,17.979895
Random_Price,9,19.277707
Random_Price,10,19.46177
Random_Price,11,20.309999
Random_Price,12,21.699478
Random_Price,13,23.198332
Random_Price,14,24.999477
Random_Price,15,28.585206
Random_Price,16,31.487706
Random_Price,17,35.96729
Random_Price,18,38.121352
Random_Price,19,40.069789
Random_Price,20,35.049164
Random_Price,21,31.272707
Random_Price,22,28.348228
Random_Price,23,23.084791
Random_Price,0,19.934791
Random_Price,1,18.071041
Random_Price,2,17.725312
Random_Price,3,16.773333
Random_Price,4,16.515416
Random_Price,5,16.516562
Random_Price,6,15.990104
Random_Price,7,15.129062
Random_Price,8,15.415833
Random_Price,9,16.597812
Random_Price,10,17.43177
Random_Price,11,18.446458
Random_Price,12,20.618749
Random_Price,13,23.592916
Random_Price,14,26.919895
Random_Price,15,29.461561
Random_Price,16,34.478957
Random_Price,17,38.916249
Random_Price,18,43.211144
Random_Price,19,44.701664
Random_Price,20,38.361144
Random_Price,21,34.251873
Random_Price,22,30.831666
Random_Price,23,25.236874
Random_Price,0,24.019894
Random_Price,1,20.304477
Random_Price,2,18.91229
Random_Price,3,17.877707
Random_Price,4,16.94854
Random_Price,5,16.84854
Random_Price,6,18.305519
Random_Price,7,16.940207
Random_Price,8,16.59604
Random_Price,9,17.827395
Random_Price,10,21.290832
Random_Price,11,23.301874
Random_Price,12,25.897707
Random_Price,13,29.40656
Random_Price,14,30.769998
Random_Price,15,34.580622
Random_Price,16,36.272185
Random_Price,17,41.326142
Random_Price,18,45.408225
Random_Price,19,40.301349
Random_Price,20,34.93135
Random_Price,21,31.377288
Random_Price,22,27.511664
Random_Price,23,23.614477
Random_Price,0,22.08729
Random_Price,1,21.413019
Random_Price,2,19.500624
Random_Price,3,17.678957
Random_Price,4,16.431561
Random_Price,5,15.985311
Random_Price,6,15.977291
Random_Price,7,16.097811
Random_Price,8,16.051457
Random_Price,9,20.451456
Random_Price,10,22.446874
Random_Price,11,23.592916
Random_Price,12,24.88177
Random_Price,13,28.268645
Random_Price,14,30.205103
Random_Price,15,32.888332
Random_Price,16,35.62552
Random_Price,17,38.053643
Random_Price,18,40.170831
Random_Price,19,44.55781
Random_Price,20,42.058331
Random_Price,21,31.828436
Random_Price,22,28.71354
Random_Price,23,24.584478
Random_Price,0,20.693124
Random_Price,1,20.458957
Random_Price,2,18.354061
Random_Price,3,17.237082
Random_Price,4,17.427707
Random_Price,5,21.011248
Random_Price,6,27.550103
Random_Price,7,27.269895
Random_Price,8,23.421249
Random_Price,9,21.263645
Random_Price,10,22.526561
Random_Price,11,22.047082
Random_Price,12,23.031978
Random_Price,13,24.436249
Random_Price,14,25.403436
Random_Price,15,27.176978
Random_Price,16,29.035103
Random_Price,17,33.480207
Random_Price,18,39.071664
Random_Price,19,40.514892
Random_Price,20,37.709891
Random_Price,21,30.90833
Random_Price,22,26.217081
Random_Price,23,19.199582
Random_Price,0,11.993645
Random_Price,1,13.507291
Random_Price,2,12.755519
Random_Price,3,12.762498
Random_Price,4,13.88854
Random_Price,5,13.910414
Random_Price,6,18.959997
Random_Price,7,19.943328
Random_Price,8,19.48333
Random_Price,9,18.499267
Random_Price,10,17.795622
Random_Price,11,18.061456
Random_Price,12,18.079269
Random_Price,13,18.99104
Random_Price,14,20.159686
Random_Price,15,22.386666
Random_Price,16,24.336769
Random_Price,17,25.929685
Random_Price,18,34.235309
Random_Price,19,39.08885
Random_Price,20,32.956766
Random_Price,21,28.031454
Random_Price,22,26.606246
Random_Price,23,21.208016
Random_Price,0,20.109475
Random_Price,1,18.989892
Random_Price,2,17.109788
Random_Price,3,15.829477
Random_Price,4,16.585726
Random_Price,5,20.209057
Random_Price,6,26.755826
Random_Price,7,26.158014
Random_Price,8,23.819265
Random_Price,9,22.453849
Random_Price,10,21.972809
Random_Price,11,21.861665
Random_Price,12,23.713332
Random_Price,13,27.291249
Random_Price,14,27.854477
Random_Price,15,27.74656
Random_Price,16,30.713644
Random_Price,17,31.471456
Random_Price,18,37.342184
Random_Price,19,43.001244
Random_Price,20,37.83885
Random_Price,21,30.734372
Random_Price,22,26.074686
Random_Price,23,18.992498
Random_Price,0,18.80708
Random_Price,1,18.636872
Random_Price,2,16.076665
Random_Price,3,14.702498
Random_Price,4,15.655831
Random_Price,5,19.108956
Random_Price,6,28.566558
Random_Price,7,26.642288
Random_Price,8,18.033851
Random_Price,9,18.211455
Random_Price,10,19.33208
Random_Price,11,18.228437
Random_Price,12,20.047186
Random_Price,13,22.638436
Random_Price,14,24.259269
Random_Price,15,25.285102
Random_Price,16,25.866457
Random_Price,17,27.148228
Random_Price,18,36.834059
Random_Price,19,42.215828
Random_Price,20,33.729683
Random_Price,21,25.930415
Random_Price,22,23.92979
Random_Price,23,17.675728
Random_Price,0,18.368333
Random_Price,1,19.083541
Random_Price,2,16.733333
Random_Price,3,15.713229
Random_Price,4,15.307291
Random_Price,5,16.323749
Random_Price,6,17.208124
Random_Price,7,16.838749
Random_Price,8,14.914687
Random_Price,9,14.079999
Random_Price,10,15.150311
Random_Price,11,15.582082
Random_Price,12,16.132498
Random_Price,13,16.00229
Random_Price,14,16.701457
Random_Price,15,19.782915
Random_Price,16,24.207186
Random_Price,17,26.262394
Random_Price,18,34.752185
Random_Price,19,43.454996
Random_Price,20,30.73781
Random_Price,21,24.704686
Random_Price,22,22.457394
Random_Price,23,17.380832
Random_Price,0,14.807604
Random_Price,1,14.238541
Random_Price,2,13.746041
Random_Price,3,12.901562
Random_Price,4,13.065312
Random_Price,5,13.641041
Random_Price,6,14.151978
Random_Price,7,13.818645
Random_Price,8,12.057916
Random_Price,9,11.854478
Random_Price,10,13.141979
Random_Price,11,14.125312
Random_Price,12,15.496666
Random_Price,13,16.375416
Random_Price,14,19.204999
Random_Price,15,21.731666
Random_Price,16,24.869062
Random_Price,17,28.476041
Random_Price,18,37.050102
Random_Price,19,45.938433
Random_Price,20,34.699269
Random_Price,21,26.122915
Random_Price,22,23.850415
Random_Price,23,18.484583
