sample_id,method_id,method,ev_count,resource_count,feas_error,opt_error,runtime_ms
0,fullnet,Learned Polytope Approx. (FullNet),88,188,1.1986293387323968e-09,0.28832929741323204,0.2531000063754618
0,cube,Inner Approx. (Cube),88,188,2.9602251242502052e-08,1.1360967966027746,1330.1498999935575
0,power_energy,Outer Approx. (Power-Energy),88,188,0.8696944310132659,1.7547273396574853e-08,87.40379998926073
1,fullnet,Learned Polytope Approx. (FullNet),81,181,1.0682835353073477e-09,0.16986344405119166,0.34600001526996493
1,cube,Inner Approx. (Cube),81,181,2.3283386436378498e-08,1.0774695378158547,1346.2815000093542
1,power_energy,Outer Approx. (Power-Energy),81,181,0.37354594767768173,1.6672458441673253e-08,21.069200010970235
2,fullnet,Learned Polytope Approx. (FullNet),77,177,5.637272164087964e-10,0.22027802584940717,0.14379998901858926
2,cube,Inner Approx. (Cube),77,177,1.934325713660883e-08,1.0764369103996163,955.605099996319
2,power_energy,Outer Approx. (Power-Energy),77,177,1.4091905491977665,2.7178929455092332e-08,35.53459999966435
3,fullnet,Learned Polytope Approx. (FullNet),77,177,1.3806237431551502e-10,0.23733248114597472,0.3127999952994287
3,cube,Inner Approx. (Cube),77,177,1.4489997928043221e-08,1.309690966184268,898.2660999754444
3,power_energy,Outer Approx. (Power-Energy),77,177,0.8565358987217158,2.3635049854009175e-08,34.88029999425635
4,fullnet,Learned Polytope Approx. (FullNet),70,170,9.280391117067874e-10,0.16046082597120698,0.32560000545345247
4,cube,Inner Approx. (Cube),70,170,1.869811322902542e-08,1.0240132404438451,825.8062999811955
4,power_energy,Outer Approx. (Power-Energy),70,170,0.6466566952897563,1.9347673176047947e-08,39.002500008791685
5,fullnet,Learned Polytope Approx. (FullNet),79,179,1.1688676761692738e-09,0.2420668979950066,0.1700000138953328
5,cube,Inner Approx. (Cube),79,179,2.460983987169079e-08,1.349139932089716,1255.3776999993715
5,power_energy,Outer Approx. (Power-Energy),79,179,0.9118183397612836,2.2334690749364223e-08,32.545599999139085
6,fullnet,Learned Polytope Approx. (FullNet),83,183,6.61473003032597e-10,0.24896098472084355,0.25870001991279423
6,cube,Inner Approx. (Cube),83,183,2.658444821745041e-08,1.1557356646615762,942.1648999850731
6,power_energy,Outer Approx. (Power-Energy),83,183,0.9410163168461537,2.2550050710756072e-08,38.40760001912713
7,fullnet,Learned Polytope Approx. (FullNet),74,174,3.2704490439178416e-09,0.2775205523899856,0.12229999992996454
7,cube,Inner Approx. (Cube),74,174,2.62383019544947e-08,1.2838021349321909,965.4115999874193
7,power_energy,Outer Approx. (Power-Energy),74,174,1.0167819925402346,2.235725230649256e-08,28.865599975688383
8,fullnet,Learned Polytope Approx. (FullNet),73,173,4.007834099860585e-11,0.18964374372369655,0.10900001507252455
8,cube,Inner Approx. (Cube),73,173,2.1711661580885392e-08,1.1922387342581828,958.0357999948319
8,power_energy,Outer Approx. (Power-Energy),73,173,0.8265729846420353,2.1680923898453087e-08,33.61129999393597
9,fullnet,Learned Polytope Approx. (FullNet),87,187,5.089763574378818e-10,0.1886421775650674,0.23599999258294702
9,cube,Inner Approx. (Cube),87,187,2.8882527744718057e-08,1.045124087558077,3575.4051000112668
9,power_energy,Outer Approx. (Power-Energy),87,187,0.6054521278160132,1.6405372457380917e-08,29.770300025120378
10,fullnet,Learned Polytope Approx. (FullNet),81,181,8.312911568157885e-10,0.15046889251206358,3.105699986917898
10,cube,Inner Approx. (Cube),81,181,1.0006272104549261e-08,1.1344638168500194,1431.1921000189614
10,power_energy,Outer Approx. (Power-Energy),81,181,0.582919529349941,2.0586966583963665e-08,27.321600005961955
11,fullnet,Learned Polytope Approx. (FullNet),73,173,3.603786101645448e-10,0.25090838772391555,0.2182000025641173
11,cube,Inner Approx. (Cube),73,173,2.5220956828387476e-08,1.1108532653768346,966.116299998248
11,power_energy,Outer Approx. (Power-Energy),73,173,1.0699849211351284,2.218523271397309e-08,33.57609998784028
12,fullnet,Learned Polytope Approx. (FullNet),86,186,1.6405295787319583e-10,0.26524051810276145,0.11920000542886555
12,cube,Inner Approx. (Cube),86,186,2.6825071261786434e-08,1.3708011385271104,1666.557799995644
12,power_energy,Outer Approx. (Power-Energy),86,186,1.1570449700006828,1.3555531638799395e-08,32.867000001715496
13,fullnet,Learned Polytope Approx. (FullNet),80,180,6.669733847191395e-11,0.1171176088326142,1.3381000026129186
13,cube,Inner Approx. (Cube),80,180,2.3526684477722368e-08,1.200349643858966,909.4827999942936
13,power_energy,Outer Approx. (Power-Energy),80,180,0.5274985646213644,1.7530044984762602e-08,26.266300003044307
14,fullnet,Learned Polytope Approx. (FullNet),77,177,8.678757866888171e-10,0.14162764057989136,0.23070001043379307
14,cube,Inner Approx. (Cube),77,177,1.9004063559992854e-08,1.119611932628213,1585.932000016328
14,power_energy,Outer Approx. (Power-Energy),77,177,0.6570545483862373,2.765946573444281e-08,35.01920000417158
15,fullnet,Learned Polytope Approx. (FullNet),79,179,1.567880574047863e-09,0.2880056219230545,0.3403000009711832
15,cube,Inner Approx. (Cube),79,179,3.047509773481188e-08,1.2491264391713421,3490.287399996305
15,power_energy,Outer Approx. (Power-Energy),79,179,1.2113037513555391,1.4353547660981914e-08,41.90549999475479
16,fullnet,Learned Polytope Approx. (FullNet),85,185,1.7365260345901793e-10,0.14293608815051634,0.12810001499019563
16,cube,Inner Approx. (Cube),85,185,1.838426893505081e-08,1.274403645869072,917.9690000019036
16,power_energy,Outer Approx. (Power-Energy),85,185,0.5275035686325295,2.1652947454619886e-08,44.1700000083074
17,fullnet,Learned Polytope Approx. (FullNet),70,170,3.0391166774219106e-11,0.25151967256932106,0.25159999495372176
17,cube,Inner Approx. (Cube),70,170,3.5091422415056535e-08,1.4282571913511717,909.3176999886055
17,power_energy,Outer Approx. (Power-Energy),70,170,1.1750084301164923,1.601385730453789e-08,29.554099979577586
18,fullnet,Learned Polytope Approx. (FullNet),71,171,1.6485429270090785e-10,0.24540211783744356,0.29150000773370266
18,cube,Inner Approx. (Cube),71,171,2.310807431541316e-08,1.138282436439773,3165.1330000022426
18,power_energy,Outer Approx. (Power-Energy),71,171,1.2664210668422622,1.8934963067631063e-08,31.32090001599863
19,fullnet,Learned Polytope Approx. (FullNet),75,175,2.1195920950075952e-10,0.2865818239742337,0.2516999957151711
19,cube,Inner Approx. (Cube),75,175,2.3596178105682844e-08,0.9891503050119759,946.1561000207439
19,power_energy,Outer Approx. (Power-Energy),75,175,0.9171764972699077,1.786136564308471e-08,42.26230000494979
20,fullnet,Learned Polytope Approx. (FullNet),73,173,2.4400594290636332e-05,0.1670009762879942,0.2997000119648874
20,cube,Inner Approx. (Cube),73,173,3.021236313786418e-08,1.4468165193483586,1476.3961999851745
20,power_energy,Outer Approx. (Power-Energy),73,173,0.4131113219260326,3.552748173796169e-08,30.748599994694814
21,fullnet,Learned Polytope Approx. (FullNet),75,175,8.204284710398293e-10,0.133435249694714,5.192200012970716
21,cube,Inner Approx. (Cube),75,175,1.770819763994105e-08,1.2485369279834078,939.3861000135075
21,power_energy,Outer Approx. (Power-Energy),75,175,0.5447367296465837,3.491751164683542e-08,31.677799997851253
22,fullnet,Learned Polytope Approx. (FullNet),86,186,6.825257524891871e-11,0.21308003709602347,0.4846000229008496
22,cube,Inner Approx. (Cube),86,186,1.6700159347142052e-08,1.0955725412603137,916.9537000125274
22,power_energy,Outer Approx. (Power-Energy),86,186,1.1257916721679062,2.2543756780637547e-08,29.90790002513677
23,fullnet,Learned Polytope Approx. (FullNet),79,179,2.8892186942946045e-09,0.13920606910586372,0.35760001628659666
23,cube,Inner Approx. (Cube),79,179,2.9402852761358176e-08,1.1681581291801462,963.5898999986239
23,power_energy,Outer Approx. (Power-Energy),79,179,0.40643842608944347,2.4237371123602058e-08,31.923599977744743
24,fullnet,Learned Polytope Approx. (FullNet),88,188,1.420884557366327e-10,0.2332170396019265,0.2860999957192689
24,cube,Inner Approx. (Cube),88,188,2.094497118618128e-08,1.0987512082810906,1299.332200025674
24,power_energy,Outer Approx. (Power-Energy),88,188,0.8777427291783777,2.191160811750941e-08,25.482700002612546
25,fullnet,Learned Polytope Approx. (FullNet),82,182,1.1806856310756387e-08,0.2229962128741732,0.2361999941058457
25,cube,Inner Approx. (Cube),82,182,4.1133841093912934e-08,1.1140510783589195,1665.693699993426
25,power_energy,Outer Approx. (Power-Energy),82,182,1.0464634592673363,1.8170767921334922e-08,28.1193999981042
26,fullnet,Learned Polytope Approx. (FullNet),76,176,3.575135694875454e-10,0.151393523636462,0.20659997244365513
26,cube,Inner Approx. (Cube),76,176,2.4171230953920203e-08,1.0149593005122033,1728.9613999892026
26,power_energy,Outer Approx. (Power-Energy),76,176,0.557072904689156,2.0927137519901014e-08,22.187900001881644
27,fullnet,Learned Polytope Approx. (FullNet),75,175,8.36829805499637e-10,0.16420228305807194,0.22849999368190765
27,cube,Inner Approx. (Cube),75,175,2.3456340756631636e-08,1.0038296807480669,1570.3500999952666
27,power_energy,Outer Approx. (Power-Energy),75,175,0.4590976981257411,2.1094032220059498e-08,30.84859999944456
28,fullnet,Learned Polytope Approx. (FullNet),81,181,1.470224194026332e-09,0.24622681324374757,0.23819998023100197
28,cube,Inner Approx. (Cube),81,181,2.6061202961725462e-08,1.1031765736052255,920.6690000137314
28,power_energy,Outer Approx. (Power-Energy),81,181,0.9217005615174289,1.93487306966375e-08,40.21780000766739
29,fullnet,Learned Polytope Approx. (FullNet),82,182,9.266156838937524e-10,0.15546503711847515,0.18970001838169992
29,cube,Inner Approx. (Cube),82,182,2.8045822573711067e-08,1.3910164733740267,955.1578999962658
29,power_energy,Outer Approx. (Power-Energy),82,182,0.614151408286402,2.5672434730166792e-08,43.79639998660423
30,fullnet,Learned Polytope Approx. (FullNet),82,182,7.120554071583597e-10,0.29304877540457847,0.5206000059843063
30,cube,Inner Approx. (Cube),82,182,2.3558572500277725e-08,1.1417320853221065,977.950599975884
30,power_energy,Outer Approx. (Power-Energy),82,182,0.887324813487645,2.5274780083583814e-08,44.72040000837296
31,fullnet,Learned Polytope Approx. (FullNet),85,185,2.872604645100458e-10,0.1552290879301289,0.3997000167146325
31,cube,Inner Approx. (Cube),85,185,2.6824406077390554e-08,1.235643612912319,887.2348000004422
31,power_energy,Outer Approx. (Power-Energy),85,185,0.43090005414600513,1.5849714195658077e-08,39.79999999864958
32,fullnet,Learned Polytope Approx. (FullNet),73,173,9.492181971164143e-10,0.22143542307028435,1.3111000007484108
32,cube,Inner Approx. (Cube),73,173,1.8218920856059493e-08,1.2538837351943475,1496.244600013597
32,power_energy,Outer Approx. (Power-Energy),73,173,0.9422592362297847,1.9326334498494623e-08,28.526499983854592
33,fullnet,Learned Polytope Approx. (FullNet),87,187,3.262844355672922e-10,0.2408274534346504,0.249299977440387
33,cube,Inner Approx. (Cube),87,187,1.544084638184251e-08,1.2409270133931058,1848.487599985674
33,power_energy,Outer Approx. (Power-Energy),87,187,1.0067262019056418,2.1126165487751144e-08,38.99279999313876
34,fullnet,Learned Polytope Approx. (FullNet),72,172,1.518418682201284e-09,0.21162742040055765,1.6666000010445714
34,cube,Inner Approx. (Cube),72,172,2.595679755291562e-08,0.8888694053124215,2660.9969999990426
34,power_energy,Outer Approx. (Power-Energy),72,172,0.9686962614540164,2.905117740909084e-08,43.99629999534227
35,fullnet,Learned Polytope Approx. (FullNet),89,189,4.143674451802861e-10,0.2582703271791087,0.21119997836649418
35,cube,Inner Approx. (Cube),89,189,1.6834972769798676e-08,1.1699853774460505,2262.5220000045374
35,power_energy,Outer Approx. (Power-Energy),89,189,1.159572793788409,2.8114157488341156e-08,29.134599986718968
36,fullnet,Learned Polytope Approx. (FullNet),76,176,1.533687061973235e-10,0.2527738479159474,0.39739999920129776
36,cube,Inner Approx. (Cube),76,176,1.6551648683766435e-08,1.4414067931051673,1563.0908000166528
36,power_energy,Outer Approx. (Power-Energy),76,176,0.9558077998266281,1.9522847618249434e-08,21.053199976449832
37,fullnet,Learned Polytope Approx. (FullNet),77,177,1.0316092062826203e-09,0.1552203900058856,0.4222999850753695
37,cube,Inner Approx. (Cube),77,177,2.292120417851689e-08,1.185851772712914,1344.4111000280827
37,power_energy,Outer Approx. (Power-Energy),77,177,0.4202113145166539,1.6046656180860607e-08,28.588000015588477
38,fullnet,Learned Polytope Approx. (FullNet),89,189,2.6319050097755817e-10,0.32964451084328783,0.2027000009547919
38,cube,Inner Approx. (Cube),89,189,2.113342466881547e-08,1.4211951890127814,946.1484999919776
38,power_energy,Outer Approx. (Power-Energy),89,189,1.0826457584000624,2.416979674037969e-08,38.13700002501719
39,fullnet,Learned Polytope Approx. (FullNet),74,174,8.271402239270079e-11,0.27826678950352046,0.30250000418163836
39,cube,Inner Approx. (Cube),74,174,2.3571710013519176e-08,1.3732919294575754,876.7844999965746
39,power_energy,Outer Approx. (Power-Energy),74,174,1.056840775938755,3.339598355102214e-08,23.59009999781847
