price_curve_idx,t1,t2,t3,t4,t5,t6,t7,t8,t9,t10,t11,t12,t13,t14,t15,t16,t17,t18,t19,t20,t21,t22,t23,t24
0,0.032088853,0.027863541000000002,0.024684478,0.023261353,0.023476769999999998,0.026154582000000003,0.034200725,0.038976971,0.034667497,0.038908748,0.043023747,0.053588121,0.059858224999999994,0.06395895,0.06848812,0.074978848,0.113898297,0.144020261,0.13513809100000002,0.11471821,0.073823635,0.063358427,0.047860725,0.040442394
1,0.031358644000000005,0.028488957,0.024934374,0.023432915999999998,0.023854686,0.02577729,0.034961977,0.035626351,0.035149892,0.040093953999999994,0.047737285,0.056911659999999996,0.061580622,0.070540414,0.076116348,0.08883134499999999,0.11817591699999999,0.118965497,0.102173737,0.098389257,0.076380198,0.066146867,0.055285930999999996,0.043278120999999996
2,0.044980929,0.036709577,0.032700516,0.029964162000000003,0.033445931,0.045722592,0.067936751,0.068877476,0.058634461,0.049999778,0.047330301,0.049232904,0.055963525,0.060498628,0.063150085,0.065710499,0.07167518699999999,0.089440806,0.11131964999999999,0.09710558799999999,0.070045183,0.062257165999999996,0.051119048,0.040457388999999996
3,0.027239997,0.024318227,0.022224581,0.021036144,0.023713643,0.033502494,0.049575509,0.058714152,0.041001243,0.033953433,0.036399994,0.043681555000000004,0.052542175999999996,0.060308839999999996,0.06798071,0.070526229,0.08801486800000001,0.12681964499999998,0.147341933,0.117849649,0.081656953,0.056322794,0.045371654,0.035490825000000004
4,0.032776766,0.028226351,0.024187185,0.02376708,0.027175933,0.034576972,0.053642381,0.081048599,0.094311387,0.075390051,0.075390361,0.06845756,0.078036304,0.076375998,0.079131934,0.061771855,0.07386508,0.09753883,0.10741538199999999,0.092031114,0.059631855000000004,0.047949673,0.040506031,0.033125619
5,0.039980309,0.034532184,0.032694997,0.032635205,0.037871349000000006,0.045666033,0.066960299,0.074147903,0.057728016,0.049407393,0.046317707,0.047658123000000004,0.046033541,0.048270311999999996,0.04644573,0.047263126,0.056334685999999995,0.080901659,0.135478734,0.13896581800000002,0.074317285,0.057089472999999995,0.054200304000000005,0.048024891
6,0.047347409,0.042187379,0.040375338,0.039869317,0.046337699999999996,0.060811629000000006,0.114334131,0.17057,0.08596656500000001,0.050722475,0.042669924000000005,0.041694578,0.040723363,0.040479444999999996,0.039489711,0.038566291,0.044274572,0.063102806,0.09001548200000001,0.090361171,0.064709006,0.059828141,0.057219943999999995,0.04841035
7,0.061471165999999994,0.054360449000000005,0.051422208,0.050831243,0.05263743,0.055511933,0.069041424,0.122378736,0.079584474,0.051196736,0.048308738,0.04394377,0.043405949,0.041668918,0.040791445,0.043739079,0.050173566,0.06253961000000001,0.079073909,0.081500011,0.067751897,0.058217903,0.054932557,0.049633379
8,0.040085970000000005,0.038837017,0.037718010999999996,0.039008977,0.043054627000000005,0.052137482,0.078797948,0.121454588,0.08837975299999999,0.056899649,0.043987132000000005,0.07192547399999999,0.040508663,0.039977984,0.040067037,0.041042447,0.048626075,0.070952759,0.100843181,0.09725479699999999,0.06803273400000001,0.052219638000000006,0.050927812,0.043558189
9,0.039231721,0.037025647,0.0351,0.036056472,0.039825235,0.048809344000000005,0.070119584,0.116231758,0.080850151,0.065145652,0.055042932,0.051378180999999995,0.052841304,0.047517142,0.045684410999999994,0.046111677000000004,0.053100365,0.06728975,0.10325458,0.09405398300000001,0.064844918,0.05320714,0.047749185,0.043762808
10,0.03953434,0.037999999,0.036224473,0.036310415,0.039240312000000006,0.04353237,0.074647409,0.097473017,0.083710763,0.065708586,0.05732935,0.051846432,0.047450727,0.045999999,0.046387621000000004,0.049421262,0.065637839,0.07,0.08543603699999999,0.078435699,0.06145903,0.053191001,0.048718561,0.043547493
11,0.059155167,0.049340684,0.047701218,0.047066572,0.055133873,0.06158929,0.11932198,0.11404489200000001,0.059312013000000004,0.049313471,0.046511013,0.039277510999999994,0.037895887,0.036074386,0.034664067,0.038272913000000006,0.064874475,0.093179885,0.07508550700000001,0.063668437,0.057769907,0.055185544,0.048653202,0.046734851
12,0.049021667,0.048322053,0.046422812,0.04774864,0.055155952,0.069751463,0.11308971599999999,0.11682225099999999,0.054727474,0.044993728,0.046673625999999996,0.046251781,0.043605623,0.039766605,0.041660961999999996,0.050538368,0.07008533900000001,0.08773051200000001,0.066368005,0.059422627,0.062838183,0.058430972,0.05140961,0.049409767
13,0.045680672,0.043482925,0.042643189,0.044910809,0.047306257000000004,0.06462727800000001,0.10947645,0.093972553,0.043117862,0.035794226,0.038130963000000004,0.037926009999999996,0.035418094000000004,0.033913042,0.034213505,0.03958302599999999,0.058446801,0.09144878099999999,0.081257234,0.07536932,0.06875417299999999,0.065528919,0.062444915999999996,0.057068833
14,0.045922362,0.04027662,0.036065748999999994,0.037682637,0.042989916,0.044608466,0.073681433,0.082512054,0.08,0.083973769,0.08106250300000001,0.073519227,0.069855741,0.060218761,0.062693753,0.058000413,0.06113104,0.06909700499999999,0.05923,0.054325945,0.05318,0.047570001,0.04476545,0.039973097000000006
15,0.065955607,0.05873823,0.056679507999999997,0.056644868,0.059749464,0.06492438199999999,0.08487646,0.105653561,0.069157626,0.060579352999999996,0.05312,0.050075633,0.048515464,0.04614261,0.047013988,0.049199340999999994,0.055351056,0.063948757,0.05290048,0.055287503,0.056855598,0.070384291,0.06301359200000001,0.061345088
16,0.044169257999999996,0.043406722,0.04121177,0.04239712,0.039574582999999997,0.046842982,0.061047531999999995,0.08202071999999999,0.06,0.05,0.056754121,0.053126641,0.049661575,0.05,0.047938983,0.050862382,0.07014,0.08166264300000001,0.072257919,0.065614452,0.062749343,0.062696557,0.062163395,0.056639258
17,0.030066483,0.029234780000000002,0.029179745,0.030469175,0.033502991,0.042247952,0.061338357,0.077756036,0.072660874,0.052906942,0.065041972,0.060946546,0.059951679,0.055088681,0.051015703,0.052923901999999995,0.067180029,0.107415414,0.10138216300000001,0.089611878,0.08114371199999999,0.073597715,0.06921406399999999,0.070220068
18,0.07023528,0.066339732,0.06549931599999999,0.066708892,0.066748265,0.07072792,0.107245858,0.145278953,0.07204605700000001,0.053920105,0.061919034000000005,0.052174532,0.050796537999999995,0.048802895,0.045208947,0.045,0.051457836,0.06,0.051003385,0.048151617,0.045826565,0.044360307,0.043018601,0.037755620999999996
19,0.053067687999999995,0.052780872,0.049234965000000006,0.049820318,0.047008266,0.051864737,0.06808355899999999,0.075,0.053215193,0.045031396,0.053502063999999995,0.051352763,0.053256784,0.044005149,0.041347998,0.04739,0.050503660000000006,0.071341109,0.071074951,0.07000000099999999,0.068796343,0.063264191,0.057151181,0.056752488
20,0.061588525,0.055980779,0.05645299,0.054918398,0.053884325,0.06588,0.107155867,0.155807219,0.079529439,0.05736444,0.063459999,0.059987457,0.046867932,0.043888983000000006,0.046447041,0.045723207,0.049761664000000004,0.072340346,0.066938875,0.049330939000000004,0.047312014,0.049223500999999996,0.045136666,0.043180095
21,0.057324444,0.054943552,0.051985386,0.052050089,0.056626194,0.068411399,0.113609363,0.120818123,0.060416855,0.044821040000000006,0.049375143999999996,0.044767759,0.040747986,0.039461577,0.038523977,0.038082194,0.0443379,0.067922483,0.079480437,0.064645916,0.056483767,0.050487185,0.046929350999999994,0.046926374
22,0.040466962,0.037782005,0.037275761000000004,0.038608727,0.040285145,0.046621172,0.07635218999999999,0.091038493,0.065,0.051970428,0.049447082,0.044912307,0.041443499,0.052807481,0.042331923,0.054201935,0.053189253,0.07527278,0.097914074,0.08603,0.068493821,0.061009912,0.058367741,0.049380406
23,0.052439228,0.047633772,0.047141689,0.047315036,0.050630149000000006,0.062182921999999995,0.10030825,0.16429348,0.07565999999999999,0.060470862,0.055561746,0.051123804999999994,0.047451956,0.041030000999999997,0.038481495000000004,0.036293591,0.038187852,0.0417,0.054419911999999994,0.066960337,0.062656175,0.054242788,0.047821185999999995,0.041385726
24,0.04339296,0.040495311,0.041164417999999994,0.046312009,0.051438608000000004,0.059429495000000006,0.106400075,0.165,0.062709083,0.050085956,0.048750512999999995,0.048281112,0.045066522,0.040751433,0.037789597,0.034930261000000004,0.033756760999999996,0.035797917,0.061422528,0.088911668,0.077947347,0.060267068,0.052762573,0.044637215
25,0.045167532,0.044471998,0.042628387,0.044343901000000005,0.048106158,0.056749814999999995,0.123932342,0.10913827899999999,0.050504765,0.039848968,0.040107524,0.036186909,0.033937905,0.032622096999999996,0.029178785999999998,0.030006844,0.032153059,0.036666668,0.061019309,0.11300595699999999,0.128164453,0.076277504,0.058312184,0.0643562
26,0.041127335,0.037343684,0.032418003,0.034146825,0.03893564,0.045948755,0.07556144000000001,0.070892764,0.055,0.054951756000000004,0.055868305,0.05580443,0.050099003,0.049220872,0.048710195,0.049222429,0.056404671,0.05812,0.066549999,0.11454716000000001,0.12426556899999999,0.084673183,0.060190069,0.055470157
27,0.033428675,0.026073746,0.024535606999999997,0.024619109,0.028176819,0.037822445,0.064866512,0.047729414,0.031230353000000002,0.035795167999999995,0.039238514,0.045296571,0.047087184,0.045373007,0.049030819,0.051694477999999995,0.06985,0.082923574,0.125426661,0.168013149,0.164671208,0.08497036799999999,0.05356962,0.047820777
28,0.045419962,0.039766834,0.037214207,0.034652966,0.035988082,0.043408494,0.070639922,0.061804494,0.059762934999999996,0.06270493299999999,0.057641197,0.050797033,0.047381251,0.04869024,0.053167074999999994,0.0563623,0.063440888,0.061155059000000005,0.064950367,0.090810554,0.105670403,0.064991252,0.046144646000000004,0.042855124
29,0.030907287,0.028383066,0.02583695,0.024133711000000002,0.024381963,0.026656959,0.031450001,0.029765477000000002,0.030435300999999998,0.033455981,0.039136573,0.046766892,0.058139939,0.067019263,0.072217755,0.078119596,0.08808874900000001,0.105921969,0.119930978,0.13448295100000002,0.094586873,0.067800709,0.058688861,0.049261771
