sample_id,cal_direction,method_id,method,ev_count,resource_count,feas_error,opt_error,runtime_ms
0,1,fullnet,PINN (FullNet),88,188,4.676518391386611e-09,0.3541501843535828,0.25050004478543997
0,2,fullnet,PINN (FullNet),88,188,3.782037736724886e-11,0.22265112034682158,0.25050004478543997
0,3,fullnet,PINN (FullNet),88,188,1.1127541615153913e-10,0.21365630830817284,0.25050004478543997
0,4,fullnet,PINN (FullNet),88,188,1.1632205942374256e-09,0.31253147910360957,0.25050004478543997
0,5,fullnet,PINN (FullNet),88,188,4.3119145191590815e-12,0.33865739495397346,0.25050004478543997
0,6,fullnet,PINN (FullNet),88,188,1.477806326059896e-09,0.34126803980199266,0.25050004478543997
0,7,fullnet,PINN (FullNet),88,188,1.2233071427273914e-09,0.2452580738128191,0.25050004478543997
0,8,fullnet,PINN (FullNet),88,188,0.0005306034242701516,0.20482622979359832,0.25050004478543997
0,9,fullnet,PINN (FullNet),88,188,3.65259195723664e-10,0.2687596820846759,0.25050004478543997
0,10,fullnet,PINN (FullNet),88,188,1.7709675508984806e-13,0.24428083845213505,0.25050004478543997
0,1,supervised,Supervised Network (SNET),88,188,4.951554765924507e-16,0.7420259616709575,0.33870001789182425
0,2,supervised,Supervised Network (SNET),88,188,4.1837409408138835e-11,1.4175864696208786,0.33870001789182425
0,3,supervised,Supervised Network (SNET),88,188,1.6239415527414687e-14,0.8845810727247888,0.33870001789182425
0,4,supervised,Supervised Network (SNET),88,188,3.255290536862019e-11,1.2461474035068663,0.33870001789182425
0,5,supervised,Supervised Network (SNET),88,188,1.108148010424382e-14,0.9124865832368787,0.33870001789182425
0,6,supervised,Supervised Network (SNET),88,188,2.506608136478518e-14,0.9489300123633349,0.33870001789182425
0,7,supervised,Supervised Network (SNET),88,188,8.748463144129385e-11,0.9801389998618477,0.33870001789182425
0,8,supervised,Supervised Network (SNET),88,188,1.235541363430459e-15,0.9506806840652295,0.33870001789182425
0,9,supervised,Supervised Network (SNET),88,188,3.431501097486963e-14,1.2190520532316,0.33870001789182425
0,10,supervised,Supervised Network (SNET),88,188,5.900241884970776e-11,1.2261450731092665,0.33870001789182425
1,1,fullnet,PINN (FullNet),81,181,5.226343999365118e-10,0.1742244065549946,3.1555999885313213
1,2,fullnet,PINN (FullNet),81,181,3.3092549457470382e-12,0.13536434903771993,3.1555999885313213
1,3,fullnet,PINN (FullNet),81,181,4.946890539658625e-13,0.21869864159993818,3.1555999885313213
1,4,fullnet,PINN (FullNet),81,181,7.665880616885053e-12,0.17215273524476582,3.1555999885313213
1,5,fullnet,PINN (FullNet),81,181,1.7408690645746153e-12,0.0960788028800684,3.1555999885313213
1,6,fullnet,PINN (FullNet),81,181,8.960589922095617e-10,0.09638729014447919,3.1555999885313213
1,7,fullnet,PINN (FullNet),81,181,6.858578536180808e-13,0.10499268604570336,3.1555999885313213
1,8,fullnet,PINN (FullNet),81,181,4.540118466038e-09,0.20294042490807213,3.1555999885313213
1,9,fullnet,PINN (FullNet),81,181,7.640286877780136e-14,0.17891258361847776,3.1555999885313213
1,10,fullnet,PINN (FullNet),81,181,4.728815332983854e-13,0.08395241994535957,3.1555999885313213
1,1,supervised,Supervised Network (SNET),81,181,0.0,0.0,0.33790001180022955
1,2,supervised,Supervised Network (SNET),81,181,0.0,0.0,0.33790001180022955
1,3,supervised,Supervised Network (SNET),81,181,0.0,0.0,0.33790001180022955
1,4,supervised,Supervised Network (SNET),81,181,0.0,0.0,0.33790001180022955
1,5,supervised,Supervised Network (SNET),81,181,0.0,0.0,0.33790001180022955
1,6,supervised,Supervised Network (SNET),81,181,0.0,0.0,0.33790001180022955
1,7,supervised,Supervised Network (SNET),81,181,0.0,0.0,0.33790001180022955
1,8,supervised,Supervised Network (SNET),81,181,0.0,0.0,0.33790001180022955
1,9,supervised,Supervised Network (SNET),81,181,0.0,0.0,0.33790001180022955
1,10,supervised,Supervised Network (SNET),81,181,0.0,0.0,0.33790001180022955
