price_id,t1,t2,t3,t4,t5,t6,t7,t8,t9,t10,t11,t12,t13,t14,t15,t16,t17,t18,t19,t20,t21,t22,t23,t24
0,0.146259454,0.155116426,0.138485406,0.15835267,0.162124674,0.14934,0.17924673200000002,0.235136658,0.22252179,0.158562071,0.345186729,0.30709959400000003,0.28316483,0.274545905,0.283115742,0.309875884,0.357684199,0.372652648,0.376872551,0.38049622499999997,0.348172062,0.35,0.32668264900000005,0.31099012
1,0.392907422,0.370381844,0.365740001,0.37233927699999997,0.37646752400000005,0.379564466,0.389859199,0.42037207,0.434003985,0.424003384,0.435357012,0.42452592299999997,0.42125352299999996,0.41658266,0.400772799,0.39151490899999997,0.41172290500000003,0.45501011599999996,0.444082543,0.434659523,0.393301745,0.357857035,0.312331008,0.298078345
2,0.410066735,0.404551926,0.394986559,0.40058428900000004,0.419614388,0.576884346,0.7939429,0.737374438,0.666020002,0.5344113119999999,0.519429727,0.5412080539999999,0.535623995,0.463031541,0.42498931900000003,0.460666741,0.510864879,0.8560011919999999,0.935379902,0.862862471,0.77743508,0.712652805,0.681757384,0.680235017
3,0.57005684,0.653879464,0.645252099,0.5517296239999999,0.7216863210000001,0.952114026,1.500000001,2.3233429759999997,1.910590156,0.637993108,0.717436109,0.710687756,0.622272241,0.607928779,0.557674681,0.5995638649999999,0.698115959,0.761947774,0.841748253,0.816543416,0.845880587,0.8319242400000001,0.7565213670000001,0.696579593
4,0.6299412919999999,0.616083915,0.584374595,0.6175402249999999,0.6195727329999999,0.70863792,0.95,1.228930803,0.932372349,0.706715295,0.390842917,0.35126682899999995,0.315000001,0.323406354,0.28814287,0.30032327400000003,0.36483936699999997,0.568128303,0.7208783009999999,0.714722215,0.7173322409999999,0.660808589,0.452612256,0.41217431499999996
5,0.32570856800000003,0.324527492,0.343856264,0.350852626,0.35053171200000005,0.399028667,0.551501818,0.589168405,0.371111725,0.285278497,0.317911215,0.2707276,0.238391468,0.223867505,0.220171654,0.240160497,0.311814198,0.457379355,0.44738772,0.391109966,0.394624757,0.41974522200000003,0.397617812,0.392704257
6,0.29397848499999996,0.282139894,0.289985025,0.285587182,0.296320425,0.341561473,0.46564907,0.5677598070000001,0.382334422,0.313093842,0.321326421,0.300865048,0.258015493,0.244560106,0.247134527,0.228549676,0.294057616,0.36046509400000004,0.350944793,0.333173105,0.329707676,0.337858395,0.31323164400000003,0.306709004
7,0.34221619600000003,0.339346021,0.351296563,0.345459205,0.357260001,0.373653482,0.416992792,0.462378136,0.42376809400000004,0.352854734,0.336914874,0.336873581,0.295708909,0.27438802700000003,0.275804076,0.276749696,0.34404568799999996,0.377196234,0.386629354,0.3661814,0.32874552,0.339205729,0.293888099,0.28883524
8,0.316295043,0.28147195199999997,0.284542105,0.299255965,0.29285153,0.284341935,0.319890874,0.476209267,0.303554569,0.301927408,0.20202,0.193124586,0.14504971800000002,0.11939811,0.1179866,0.120824562,0.150205114,0.262942167,0.266806961,0.258974427,0.31710805900000005,0.22800614300000002,0.20711786100000001,0.189999999
9,0.33619229,0.31679627,0.330872074,0.332889358,0.34312647199999996,0.44028953000000004,0.560784319,0.658259817,0.46482381500000003,0.20600109900000002,0.184630621,0.167781531,0.144710623,0.13352746999999998,0.121602602,0.134964146,0.18122785200000002,0.284665505,0.29833525200000005,0.28884770200000004,0.281691575,0.2672489,0.22021074200000001,0.226967276
10,0.139517158,0.12828522,0.122854348,0.13123785000000002,0.12497401600000001,0.135981278,0.195829163,0.269997571,0.181745161,0.124830137,0.174162112,0.154557004,0.14042565999999998,0.126548567,0.11718888200000001,0.131416957,0.15656262899999998,0.20072751500000002,0.195630126,0.187706547,0.186462581,0.18887020799999998,0.190987565,0.184235341
11,0.076315696,0.067949112,0.071311648,0.07997539000000001,0.083508655,0.079815804,0.114235821,0.125481827,0.10901040999999999,0.09882926,0.153758187,0.126464049,0.115784068,0.102911985,0.09830117799999999,0.10520304899999999,0.169890877,0.28207028500000003,0.281703694,0.269368065,0.25706315,0.27114485,0.268967555,0.26229747400000003
12,0.249434776,0.230851708,0.240027859,0.24113075799999997,0.234802388,0.244151681,0.2465316,0.268700625,0.204281622,0.152389127,0.15942836,0.14848946200000002,0.14286395799999999,0.12290312199999999,0.11043024,0.10576313700000001,0.156363169,0.23750057100000002,0.22906179000000002,0.220130291,0.221368035,0.248963087,0.218671116,0.211658547
13,0.220575127,0.216172295,0.229916642,0.220057428,0.22016560300000002,0.231282644,0.41326095700000004,0.49999999900000003,0.22754792699999998,0.164999999,0.15437562500000002,0.144827407,0.12235320799999999,0.116150947,0.098826644,0.108377925,0.131176659,0.18107927699999998,0.184287171,0.17212389,0.16827444600000002,0.158677176,0.131105684,0.11346355300000001
14,0.046134517,0.039909999999999994,0.034595747,0.032287234,0.032145726000000006,0.037788072,0.04417789,0.049098187,0.056007838,0.070099627,0.089758089,0.127527249,0.210508405,0.266300313,0.318939711,0.361417284,0.37576385599999995,0.396777,0.37875,0.31967440599999997,0.229729069,0.12029098,0.079378119,0.063529038
