sample_id,price_id,method_id,method,true_cost,method_cost,cost_diff,normalized_cost_diff,abs_decomp_error,rel_decomp_error,is_decomp_failed
0,0,fullnet,Learned Polytope Approx. (FullNet),152.15495202397716,210.60741838351635,58.45246635953919,0.12302738044741696,0.0,0.0,False
0,0,supervised,Supervised Regression (FullNet),152.15495202397716,55.273437783440656,-96.8815142405365,-0.2039106243606295,4835.991862002758,0.9831739972330088,True
0,0,cube,Inner Approx. (Cube),152.15495202397716,181.18060969035957,29.025657666382415,0.06109153044960866,0.0,0.0,False
0,0,power_energy,Outer Approx. (Power-Energy),152.15495202397716,86.59625312886311,-65.55869889511405,-0.13798416889710238,3676.2699959310744,0.5665073275018147,True
0,1,fullnet,Learned Polytope Approx. (FullNet),142.31934789775113,202.8471869193759,60.52783902162477,0.12824062141200418,0.0,0.0,False
0,1,supervised,Supervised Regression (FullNet),142.31934789775113,47.31201102490703,-95.00733687284409,-0.20129249806721564,4725.289774063865,0.9165999219270458,True
0,1,cube,Inner Approx. (Cube),142.31934789775113,187.65418736724342,45.334839469492294,0.09605114075035888,0.0,0.0,False
0,1,power_energy,Outer Approx. (Power-Energy),142.31934789775113,71.88962890654406,-70.42971899120707,-0.14921978176155246,3823.660612010095,0.5312610040458509,True
0,2,fullnet,Learned Polytope Approx. (FullNet),152.88277985688043,216.65671463088063,63.773934774000196,0.12322443590456923,0.0,0.0,False
0,2,supervised,Supervised Regression (FullNet),152.88277985688043,47.147123410110424,-105.73565644677001,-0.20430316346051156,4706.171672772101,0.9425239518493582,True
0,2,cube,Inner Approx. (Cube),152.88277985688043,200.13886590655653,47.2560860496761,0.0913085348609088,0.0,0.0,False
0,2,power_energy,Outer Approx. (Power-Energy),152.88277985688043,76.25367069554225,-76.62910916133818,-0.1480632923738802,3823.660612010095,0.5312610040458509,True
0,3,fullnet,Learned Polytope Approx. (FullNet),154.26708977960436,219.5738125287444,65.30672274914005,0.1272942737903625,0.0,0.0,False
0,3,supervised,Supervised Regression (FullNet),154.26708977960436,45.75870256556175,-108.50838721404261,-0.21150190622230988,4706.171672772101,0.9425239518493582,True
0,3,cube,Inner Approx. (Cube),154.26708977960436,197.60390599135494,43.33681621175057,0.0844710669260132,0.0,0.0,False
0,3,power_energy,Outer Approx. (Power-Energy),154.26708977960436,78.63570207261142,-75.63138770699294,-0.14741885932479729,3653.2452507974167,0.5027892540373439,True
0,4,fullnet,Learned Polytope Approx. (FullNet),159.29476696415838,215.10837634651517,55.81360938235679,0.1128890303016515,0.0,0.0,False
0,4,supervised,Supervised Regression (FullNet),159.29476696415838,50.95382553375862,-108.34094143039977,-0.21913121110407935,4829.262055256503,0.9818743311214524,True
0,4,cube,Inner Approx. (Cube),159.29476696415838,185.58660244554733,26.291835481388944,0.053178066159662925,0.0,0.0,False
0,4,power_energy,Outer Approx. (Power-Energy),159.29476696415838,92.93812691803372,-66.35664004612467,-0.13421344420794087,3954.802770881921,0.5487969864018164,True
0,5,fullnet,Learned Polytope Approx. (FullNet),129.0399471201049,175.91879199508935,46.87884487498445,0.11604056160899612,0.0,0.0,False
0,5,supervised,Supervised Regression (FullNet),129.0399471201049,37.559739533565065,-91.48020758653983,-0.2264436056980201,4827.414330040251,0.981495563095743,True
0,5,cube,Inner Approx. (Cube),129.0399471201049,156.8639372297245,27.823990109619615,0.06887352807292235,0.0,0.0,False
0,5,power_energy,Outer Approx. (Power-Energy),129.0399471201049,71.22474810801387,-57.81519901209103,-0.1431116355530965,4055.7402277761935,0.6104063152529144,True
0,6,fullnet,Learned Polytope Approx. (FullNet),158.85665264858054,217.15811354683038,58.30146089824984,0.11673587899530924,0.0,0.0,False
0,6,supervised,Supervised Regression (FullNet),158.85665264858054,46.93058323054565,-111.92606941803488,-0.22410738761430463,4829.262055256503,0.9818743311214524,True
0,6,cube,Inner Approx. (Cube),158.85665264858054,188.532837931044,29.67618528246348,0.05942004747054337,0.0,0.0,False
0,6,power_energy,Outer Approx. (Power-Energy),158.85665264858054,89.09269725074216,-69.76395539783837,-0.1396870083542055,3954.802770881921,0.5487969864018164,True
0,7,fullnet,Learned Polytope Approx. (FullNet),139.26748412889322,193.542658659602,54.275174530708796,0.12227466021517232,0.0,0.0,False
0,7,supervised,Supervised Regression (FullNet),139.26748412889322,47.05221568170606,-92.21526844718716,-0.20774858328002246,4776.703857392415,0.9728996009518008,True
0,7,cube,Inner Approx. (Cube),139.26748412889322,168.01723407779292,28.749749948899705,0.06476931556035607,0.0,0.0,False
0,7,power_energy,Outer Approx. (Power-Energy),139.26748412889322,78.76779773209704,-60.49968639679618,-0.1362976473361168,3818.191485425481,0.5632525614805789,True
0,8,fullnet,Learned Polytope Approx. (FullNet),119.51894556099435,165.39511350242313,45.876167941428776,0.12183377866215882,0.0,0.0,False
0,8,supervised,Supervised Regression (FullNet),119.51894556099435,47.11165160791316,-72.4072939530812,-0.1922927441600699,4837.609832554202,0.9834956328307894,True
0,8,cube,Inner Approx. (Cube),119.51894556099435,143.85399541803167,24.33504985703732,0.06462682501729779,0.0,0.0,False
0,8,power_energy,Outer Approx. (Power-Energy),119.51894556099435,70.90690479784563,-48.61204076314873,-0.1290994623224594,4478.511001493415,0.7184184935111337,True
0,9,fullnet,Learned Polytope Approx. (FullNet),109.74248880452612,157.4787656200269,47.73627681550079,0.12959478349689327,0.0,0.0,False
0,9,supervised,Supervised Regression (FullNet),109.74248880452612,39.425101221761494,-70.31738758276462,-0.19089814346175488,4699.239226871219,0.9412006773459366,True
0,9,cube,Inner Approx. (Cube),109.74248880452612,147.01891204794413,37.27642324341801,0.10119829869514799,0.0,0.0,False
0,9,power_energy,Outer Approx. (Power-Energy),109.74248880452612,58.14456667040431,-51.59792213412181,-0.1400784056474582,3601.279544520922,0.5507435776090579,True
0,10,fullnet,Learned Polytope Approx. (FullNet),121.07850718920795,177.70931999932105,56.6308128101131,0.13336619790168253,0.0,0.0,False
0,10,supervised,Supervised Regression (FullNet),121.07850718920795,40.03301939428035,-81.0454877949276,-0.19086303070625346,4714.2981663013015,0.9145288284688587,True
0,10,cube,Inner Approx. (Cube),121.07850718920795,172.6081029267948,51.529595737586845,0.12135277461010502,0.0,0.0,False
0,10,power_energy,Outer Approx. (Power-Energy),121.07850718920795,58.582460644284936,-62.49604654492302,-0.14717888898275763,4101.531276436194,0.5698684703346258,True
0,11,fullnet,Learned Polytope Approx. (FullNet),146.16253862730497,193.33982235076866,47.17728372346369,0.10549661275441942,0.0,0.0,False
0,11,supervised,Supervised Regression (FullNet),146.16253862730497,58.61526709088234,-87.54727153642263,-0.19577092774399124,4835.991862002758,0.9831739972330088,True
0,11,cube,Inner Approx. (Cube),146.16253862730497,165.30607390759155,19.143535280286585,0.042808274847975614,0.0,0.0,False
0,11,power_energy,Outer Approx. (Power-Energy),146.16253862730497,92.77781155407196,-53.38472707323301,-0.11937753585088655,4348.329131394091,0.6191608269148307,True
0,12,fullnet,Learned Polytope Approx. (FullNet),170.95175404759237,208.24002930671753,37.28827525912516,0.07054151097763595,0.0,0.0,False
0,12,supervised,Supervised Regression (FullNet),170.95175404759237,55.47873134075028,-115.4730227068421,-0.21845047651814123,4770.743752331461,0.9687547072867754,True
0,12,cube,Inner Approx. (Cube),170.95175404759237,185.07798367004497,14.126229622452598,0.0267238314204674,0.0,0.0,False
0,12,power_energy,Outer Approx. (Power-Energy),170.95175404759237,107.94179359940239,-63.009960448189986,-0.11920148587641281,3150.2778439325543,0.3697296397318056,True
0,13,fullnet,Learned Polytope Approx. (FullNet),89.21004949073384,117.03199621290545,27.821946722171617,0.09877674073716881,0.0,0.0,False
0,13,supervised,Supervised Regression (FullNet),89.21004949073384,51.39414911228224,-37.815900378451595,-0.1342584480060193,4288.177796619149,0.8493642058856526,True
0,13,cube,Inner Approx. (Cube),89.21004949073384,94.0030353943017,4.7929859035678675,0.017016621111431502,0.0,0.0,False
0,13,power_energy,Outer Approx. (Power-Energy),89.21004949073384,51.51130541293584,-37.698744077798,-0.1338425059567103,4855.945203045663,0.77444566446252,True
0,14,fullnet,Learned Polytope Approx. (FullNet),74.2558831219005,109.33593564224145,35.080052520340956,0.13475860185369892,0.0,0.0,False
0,14,supervised,Supervised Regression (FullNet),74.2558831219005,44.167401063451265,-30.08848205844923,-0.11558368596357263,3666.8982704585005,0.6244595859059118,True
0,14,cube,Inner Approx. (Cube),74.2558831219005,97.10007750472383,22.844194382823332,0.08775504807806013,0.0,0.0,False
0,14,power_energy,Outer Approx. (Power-Energy),74.2558831219005,30.98588328866719,-43.26999983323331,-0.16621995295917055,4986.303548204294,0.7788956579096079,True
1,0,fullnet,Learned Polytope Approx. (FullNet),108.66589430534547,168.71536637546785,60.04947207012238,0.12760248138416228,0.0,0.0,False
1,0,supervised,Supervised Regression (FullNet),108.66589430534547,19.992030647727624,-88.67386365761786,-0.1884280518473152,4312.726764990259,1.0461344927482266,True
1,0,cube,Inner Approx. (Cube),108.66589430534547,136.3662328589358,27.700338553590328,0.0588619984950402,0.0,0.0,False
1,0,power_energy,Outer Approx. (Power-Energy),108.66589430534547,48.76275608980272,-59.903138215542754,-0.1272915283930508,3779.2613384829106,0.6158219316267761,True
1,1,fullnet,Learned Polytope Approx. (FullNet),97.89962237875747,158.73267524893572,60.83305287017825,0.13061681386936644,0.8487692176170185,0.00010372183672412505,True
1,1,supervised,Supervised Regression (FullNet),97.89962237875747,14.518695041556182,-83.38092733720129,-0.1790301579882962,4352.1233581274255,1.0557178995322212,True
1,1,cube,Inner Approx. (Cube),97.89962237875747,140.65696302353106,42.75734064477359,0.091805808537439,0.0,0.0,False
1,1,power_energy,Outer Approx. (Power-Energy),97.89962237875747,37.652800936645086,-60.246821442112385,-0.12935809549651966,3405.9307126473805,0.5652671680550343,True
1,2,fullnet,Learned Polytope Approx. (FullNet),105.71273279280067,169.45402679119042,63.74129399838975,0.12462147717317737,0.0,0.0,False
1,2,supervised,Supervised Regression (FullNet),105.71273279280067,12.313550426909718,-93.39918236589095,-0.18260602104341264,4312.726764990259,1.0461344927482266,True
1,2,cube,Inner Approx. (Cube),105.71273279280067,153.72623164356548,48.01349885076482,0.09387184940403191,0.0,0.0,False
1,2,power_energy,Outer Approx. (Power-Energy),105.71273279280067,34.91064888347422,-70.80208390932646,-0.13842612426321965,3708.856057175048,0.5364793867207447,True
1,3,fullnet,Learned Polytope Approx. (FullNet),106.84021077058918,171.31678661353394,64.47657584294475,0.1270104277635554,0.0,0.0,False
1,3,supervised,Supervised Regression (FullNet),106.84021077058918,11.117479133226132,-95.72273163736305,-0.18856127101991324,4352.1233581274255,1.0557178995322212,True
1,3,cube,Inner Approx. (Cube),106.84021077058918,150.3977858689411,43.55757509835192,0.08580273026689,0.0,0.0,False
1,3,power_energy,Outer Approx. (Power-Energy),106.84021077058918,35.806550897265375,-71.03365987332381,-0.1399270263374102,3708.856057175048,0.5364793867207447,True
1,4,fullnet,Learned Polytope Approx. (FullNet),114.27591954585824,167.55109999084303,53.275180444984784,0.10839204019147217,0.0,0.0,False
1,4,supervised,Supervised Regression (FullNet),114.27591954585824,12.288382235266681,-101.98753731059156,-0.20750070015463584,4544.6864063306875,1.0894906724051974,True
1,4,cube,Inner Approx. (Cube),114.27591954585824,140.12338746052987,25.847467914671626,0.052588461599825824,0.0,0.0,False
1,4,power_energy,Outer Approx. (Power-Energy),114.27591954585824,50.8057793752493,-63.47014017060894,-0.129134391040409,3739.9580163381024,0.5614896150075946,True
1,5,fullnet,Learned Polytope Approx. (FullNet),92.15359103015012,136.95182446601032,44.7982334358602,0.11171621580934772,0.0,0.0,False
1,5,supervised,Supervised Regression (FullNet),92.15359103015012,4.842672548008745,-87.31091848214137,-0.217732813630444,4586.35700278739,1.098837870210424,True
1,5,cube,Inner Approx. (Cube),92.15359103015012,117.05208610523704,24.898495075086913,0.06209096733956917,0.0,0.0,False
1,5,power_energy,Outer Approx. (Power-Energy),92.15359103015012,37.32175043473275,-54.831840595417376,-0.13673766279091626,3750.086678784021,0.6059679909859179,True
1,6,fullnet,Learned Polytope Approx. (FullNet),113.47764625413303,168.45775724671486,54.98011099258183,0.11067233783643375,0.0,0.0,False
1,6,supervised,Supervised Regression (FullNet),113.47764625413303,8.84487287810549,-104.63277337602754,-0.21062077603657717,4544.6864063306875,1.0894906724051974,True
1,6,cube,Inner Approx. (Cube),113.47764625413303,143.00185096444562,29.52420471031259,0.059430814144638806,0.0,0.0,False
1,6,power_energy,Outer Approx. (Power-Energy),113.47764625413303,46.690203467826954,-66.78744278630609,-0.13443993287454178,3750.6790129748492,0.5515072948386934,True
1,7,fullnet,Learned Polytope Approx. (FullNet),98.9016967470233,149.27791673378317,50.37621998675988,0.11422058753855041,0.0,0.0,False
1,7,supervised,Supervised Regression (FullNet),98.9016967470233,11.56184507079184,-87.33985167623146,-0.1980301256547424,4544.6864063306875,1.0894906724051974,True
1,7,cube,Inner Approx. (Cube),98.9016967470233,126.0987915740631,27.197094827039805,0.06166536813009419,0.0,0.0,False
1,7,power_energy,Outer Approx. (Power-Energy),98.9016967470233,42.214448671818865,-56.68724807520443,-0.1285299052369384,3650.6998822148275,0.5621408889123521,True
1,8,fullnet,Learned Polytope Approx. (FullNet),85.63283323551059,130.74796591866738,45.11513268315679,0.12111332578984922,0.0,0.0,False
1,8,supervised,Supervised Regression (FullNet),85.63283323551059,18.661860011295342,-66.97097322421524,-0.17978617852088966,4536.301089210679,1.0868382947799078,True
1,8,cube,Inner Approx. (Cube),85.63283323551059,107.82893521094988,22.19610197543929,0.05958629776610896,0.0,0.0,False
1,8,power_energy,Outer Approx. (Power-Energy),85.63283323551059,41.358252699857346,-44.27458053565324,-0.11885683090599485,4000.6387958020528,0.7134013228798646,True
1,9,fullnet,Learned Polytope Approx. (FullNet),76.16130294552687,122.64628414148287,46.484981195955996,0.12800844754129292,0.0,0.0,False
1,9,supervised,Supervised Regression (FullNet),76.16130294552687,12.82536658145817,-63.3359363640687,-0.1744119214195547,4596.3804297583,1.1282520826920024,True
1,9,cube,Inner Approx. (Cube),76.16130294552687,109.57444724126682,33.413144295739954,0.09201175559780532,0.0,0.0,False
1,9,power_energy,Outer Approx. (Power-Energy),76.16130294552687,31.55038878470209,-44.61091416082478,-0.12284771808452095,3606.931148986993,0.5878882755125537,True
1,10,fullnet,Learned Polytope Approx. (FullNet),81.9929490688211,135.313855235821,53.32090616699989,0.12762721610269886,0.0,0.0,False
1,10,supervised,Supervised Regression (FullNet),81.9929490688211,10.577868267429483,-71.41508080139162,-0.170936853959017,4586.775857934827,1.125895363812807,True
1,10,cube,Inner Approx. (Cube),81.9929490688211,127.76454792102457,45.77159885220347,0.10955743549781646,0.0,0.0,False
1,10,power_energy,Outer Approx. (Power-Energy),81.9929490688211,29.26260083450874,-52.730348234312366,-0.1262136755176943,3961.4256856819447,0.5658610142835889,True
1,11,fullnet,Learned Polytope Approx. (FullNet),106.5322554611021,150.89403692572546,44.36178146462336,0.09992120296006256,0.0,0.0,False
1,11,supervised,Supervised Regression (FullNet),106.5322554611021,22.62998121377604,-83.90227424732606,-0.18898285634817158,4212.817155944676,1.0218979463010929,True
1,11,cube,Inner Approx. (Cube),106.5322554611021,122.77068224207125,16.23842678096915,0.036575698372872126,0.0,0.0,False
1,11,power_energy,Outer Approx. (Power-Energy),106.5322554611021,56.19740734990312,-50.33484811119897,-0.11337503607905966,3755.401080243599,0.5800596206301218,True
1,12,fullnet,Learned Polytope Approx. (FullNet),123.89183483380049,155.2203820153377,31.328547181537203,0.05927075758078649,205.0380406325515,0.023670536142664504,True
1,12,supervised,Supervised Regression (FullNet),123.89183483380049,16.0987944444835,-107.79304038931699,-0.20393461365410323,4147.841481789105,0.9937400757694071,True
1,12,cube,Inner Approx. (Cube),123.89183483380049,143.40515178552914,19.513316951728655,0.03691741822373938,0.0,0.0,False
1,12,power_energy,Outer Approx. (Power-Energy),123.89183483380049,58.84517471569839,-65.0466601181021,-0.1230623559068809,3330.918686928584,0.41275332189607655,True
1,13,fullnet,Learned Polytope Approx. (FullNet),61.438880317289446,86.11403867287103,24.675158355581587,0.0875203605259758,0.0,0.0,False
1,13,supervised,Supervised Regression (FullNet),61.438880317289446,23.50303230446485,-37.93584801282459,-0.13455472289562842,4126.159369119401,1.0012531501501398,True
1,13,cube,Inner Approx. (Cube),61.438880317289446,67.90476714869911,6.465886831409662,0.022933864838890712,0.0,0.0,False
1,13,power_energy,Outer Approx. (Power-Energy),61.438880317289446,26.697312616912996,-34.74156770037645,-0.123224924701922,3899.222579206923,0.7614799372522525,True
1,14,fullnet,Learned Polytope Approx. (FullNet),47.93939869643787,80.8486618690986,32.90926317266074,0.12743203629085678,0.0,0.0,False
1,14,supervised,Supervised Regression (FullNet),47.93939869643787,22.35342643365052,-25.58597226278735,-0.09907461400220592,3324.9044832744603,0.6380062975171978,True
1,14,cube,Inner Approx. (Cube),47.93939869643787,63.44756468087507,15.508165984437198,0.060051091395300044,0.0,0.0,False
1,14,power_energy,Outer Approx. (Power-Energy),47.93939869643787,12.44096092422677,-35.4984377722111,-0.13745790012749734,4155.443708653729,0.6923401463083297,True
2,0,fullnet,Learned Polytope Approx. (FullNet),145.99953505843132,202.9067093078971,56.90717424946578,0.12292793964475603,0.0,0.0,False
2,0,supervised,Supervised Regression (FullNet),145.99953505843132,64.33791623534589,-81.66161882308543,-0.17640121271829898,4290.513260513865,0.7660602015568239,True
2,0,cube,Inner Approx. (Cube),145.99953505843132,171.02253786462998,25.02300280619866,0.05405339870165537,0.0,0.0,False
2,0,power_energy,Outer Approx. (Power-Energy),145.99953505843132,73.2876887268164,-72.71184633161492,-0.15706837626708275,4100.4038283573955,0.6195454888779344,True
2,1,fullnet,Learned Polytope Approx. (FullNet),136.8078495360891,196.5110973225823,59.70324778649319,0.1302321712960857,0.0,0.0,False
2,1,supervised,Supervised Regression (FullNet),136.8078495360891,57.99173833661949,-78.8161111994696,-0.17192353306016966,4255.40746193613,0.7282985904685825,True
2,1,cube,Inner Approx. (Cube),136.8078495360891,176.35884618760306,39.55099665151397,0.08627356738231182,0.0,0.0,False
2,1,power_energy,Outer Approx. (Power-Energy),136.8078495360891,59.39896847690039,-77.4088810591887,-0.1688539071440476,4155.8373631433615,0.5759103956186674,True
2,2,fullnet,Learned Polytope Approx. (FullNet),146.61240513170355,209.0146108204916,62.40220568878806,0.12408083286029892,0.0,0.0,False
2,2,supervised,Supervised Regression (FullNet),146.61240513170355,56.136415640464165,-90.47598949123939,-0.17990287372085145,4255.40746193613,0.7282985904685825,True
2,2,cube,Inner Approx. (Cube),146.61240513170355,188.19267611094372,41.58027097924017,0.08267840209673906,0.0,0.0,False
2,2,power_energy,Outer Approx. (Power-Energy),146.61240513170355,61.30386885687106,-85.30853627483249,-0.16962788597352568,3991.438150560479,0.5531281721376233,True
2,3,fullnet,Learned Polytope Approx. (FullNet),147.87181618864025,210.37912957732823,62.507313388687976,0.12518546040585649,0.0,0.0,False
2,3,supervised,Supervised Regression (FullNet),147.87181618864025,54.716653831551255,-93.155162357089,-0.18656491947332554,4255.40746193613,0.7282985904685825,True
2,3,cube,Inner Approx. (Cube),147.87181618864025,186.19632759178376,38.324511403143504,0.07675376439551562,0.0,0.0,False
2,3,power_energy,Outer Approx. (Power-Energy),147.87181618864025,63.5370541515647,-84.33476203707555,-0.16890001251821918,4025.9192001787314,0.558024431887607,True
2,4,fullnet,Learned Polytope Approx. (FullNet),152.15293326043187,202.3094122326245,50.156478972192645,0.10381957917877759,0.0,0.0,False
2,4,supervised,Supervised Regression (FullNet),152.15293326043187,58.178960946077325,-93.97397231435454,-0.19451800563678753,4351.116456707045,0.7582467931703109,True
2,4,cube,Inner Approx. (Cube),152.15293326043187,175.93857896825887,23.785645707827,0.04923423211687508,0.0,0.0,False
2,4,power_energy,Outer Approx. (Power-Energy),152.15293326043187,78.0158281942133,-74.13710506621857,-0.15345740385354556,4312.68824210817,0.5841052390115086,True
2,5,fullnet,Learned Polytope Approx. (FullNet),123.29739268623017,165.92180008733072,42.624407401100555,0.10806520187786577,0.0,0.0,False
2,5,supervised,Supervised Regression (FullNet),123.29739268623017,45.662953608208795,-77.63443907802137,-0.19682575883564385,4351.116488056115,0.7582466798676011,True
2,5,cube,Inner Approx. (Cube),123.29739268623017,148.88248073529402,25.585088049063856,0.06486559869483766,0.0,0.0,False
2,5,power_energy,Outer Approx. (Power-Energy),123.29739268623017,59.40067099661566,-63.89672168961451,-0.1619966716192683,4332.443920156775,0.6370860306950754,True
2,6,fullnet,Learned Polytope Approx. (FullNet),151.60220653383746,203.55442189635056,51.9522153625131,0.10640034291496524,0.0,0.0,False
2,6,supervised,Supervised Regression (FullNet),151.60220653383746,54.02536218867492,-97.57684434516254,-0.19984152025934432,4351.116456707045,0.7582467931703109,True
2,6,cube,Inner Approx. (Cube),151.60220653383746,178.6307723443427,27.028565810505228,0.05535565039277561,0.0,0.0,False
2,6,power_energy,Outer Approx. (Power-Energy),151.60220653383746,73.78814626996183,-77.81406026387563,-0.159366499347712,4312.68824210817,0.5841052390115086,True
2,7,fullnet,Learned Polytope Approx. (FullNet),132.89550806447556,180.83354900561721,47.93804094114165,0.11048517914252826,0.0,0.0,False
2,7,supervised,Supervised Regression (FullNet),132.89550806447556,53.99341966819376,-78.90208839628181,-0.1818495541335567,4351.116456707045,0.7582467931703109,True
2,7,cube,Inner Approx. (Cube),132.89550806447556,158.84160850947498,25.946100444999416,0.05979926378792739,0.0,0.0,False
2,7,power_energy,Outer Approx. (Power-Energy),132.89550806447556,65.38548784923293,-67.51002021524263,-0.15559368991642303,4252.62821781967,0.607049187292274,True
2,8,fullnet,Learned Polytope Approx. (FullNet),114.75529487170833,158.69242234990156,43.93712747819323,0.11970362635490807,0.0,0.0,False
2,8,supervised,Supervised Regression (FullNet),114.75529487170833,54.46066279014566,-60.29463208156267,-0.16426850192881168,4353.86674605933,0.7587049082082783,True
2,8,cube,Inner Approx. (Cube),114.75529487170833,136.0979626135652,21.342667741856857,0.058146603372197514,0.0,0.0,False
2,8,power_energy,Outer Approx. (Power-Energy),114.75529487170833,60.86752256890347,-53.88777230280486,-0.14681346121306732,4467.648368868701,0.732447670530094,True
2,9,fullnet,Learned Polytope Approx. (FullNet),105.52074678299721,152.19865042617414,46.67790364317693,0.13038975518743212,0.0,0.0,False
2,9,supervised,Supervised Regression (FullNet),105.52074678299721,47.70318243399674,-57.81756434900047,-0.16150721160550124,4238.298649530996,0.7256108820198927,True
2,9,cube,Inner Approx. (Cube),105.52074678299721,138.454409089685,32.93366230668778,0.0919966800227602,0.0,0.0,False
2,9,power_energy,Outer Approx. (Power-Energy),105.52074678299721,48.78125598232552,-56.73949080067169,-0.15849572790402222,3970.2041728096005,0.6179459193596076,True
2,10,fullnet,Learned Polytope Approx. (FullNet),116.46597097859093,171.67571749893824,55.20974652034731,0.13398432943778066,0.0,0.0,False
2,10,supervised,Supervised Regression (FullNet),116.46597097859093,49.76857179623852,-66.69739918235241,-0.16186283886302566,4055.3972506036434,0.7108102185191638,True
2,10,cube,Inner Approx. (Cube),116.46597097859093,162.30140267143892,45.83543169284799,0.11123451866590466,0.0,0.0,False
2,10,power_energy,Outer Approx. (Power-Energy),116.46597097859093,47.99346756746581,-68.47250341112513,-0.16617070413617316,4358.066595849593,0.5949277153664964,True
2,11,fullnet,Learned Polytope Approx. (FullNet),140.0678235289378,183.16101052935474,43.09318700041695,0.09852656421847109,0.0,0.0,False
2,11,supervised,Supervised Regression (FullNet),140.0678235289378,66.97888259106317,-73.08894093787463,-0.16710767372359508,4290.513260513865,0.7660602015568239,True
2,11,cube,Inner Approx. (Cube),140.0678235289378,157.4138007597702,17.345977230832403,0.03965915864030224,0.0,0.0,False
2,11,power_energy,Outer Approx. (Power-Energy),140.0678235289378,80.34738523856896,-59.72043829036883,-0.1365424561964826,4444.369422977044,0.6365925582707734,True
2,12,fullnet,Learned Polytope Approx. (FullNet),162.59159789916401,195.7167131639237,33.1251152647597,0.06388234674459564,0.0,0.0,False
2,12,supervised,Supervised Regression (FullNet),162.59159789916401,58.974882185643025,-103.61671571352099,-0.19982659407646766,4278.54121014423,0.7502269670027146,True
2,12,cube,Inner Approx. (Cube),162.59159789916401,176.80128375451258,14.209685855348567,0.02740362023460987,0.0,0.0,False
2,12,power_energy,Outer Approx. (Power-Energy),162.59159789916401,90.68535266945375,-71.90624522971027,-0.13867241379090792,3529.1086629301203,0.4128461255382548,True
2,13,fullnet,Learned Polytope Approx. (FullNet),85.3249151983276,109.03033820953758,23.705423011209973,0.08549014235197744,0.0,0.0,False
2,13,supervised,Supervised Regression (FullNet),85.3249151983276,56.40100204609014,-28.92391315223746,-0.1043098641012102,3878.3132267004976,0.6517448096828717,True
2,13,cube,Inner Approx. (Cube),85.3249151983276,90.37650547884645,5.051590280518852,0.018217821803103915,0.0,0.0,False
2,13,power_energy,Outer Approx. (Power-Energy),85.3249151983276,43.44640186448366,-41.87851333384394,-0.15102873569083647,4761.366698814163,0.7978606844737159,True
2,14,fullnet,Learned Polytope Approx. (FullNet),71.76414690543558,105.24332950544573,33.47918260001015,0.13093606762437002,0.0,0.0,False
2,14,supervised,Supervised Regression (FullNet),71.76414690543558,49.70365204354597,-22.06049486188961,-0.0862779262437121,3358.075951524191,0.47199901088108687,True
2,14,cube,Inner Approx. (Cube),71.76414690543558,93.55004888228578,21.785901976850198,0.08520400179955079,0.0,0.0,False
2,14,power_energy,Outer Approx. (Power-Energy),71.76414690543558,25.46758768264602,-46.29655922278956,-0.18106443880648948,4992.128145749618,0.8056429386704578,True
3,0,fullnet,Learned Polytope Approx. (FullNet),149.1669037898322,204.68520434257036,55.51830055273817,0.12401931834946146,0.0,0.0,False
3,0,supervised,Supervised Regression (FullNet),149.1669037898322,61.509735917310124,-87.65716787252207,-0.19581258971837048,4439.9606039626615,0.882893382332477,True
3,0,cube,Inner Approx. (Cube),149.1669037898322,174.35967886749853,25.19277507766634,0.05627677290834122,0.0,0.0,False
3,0,power_energy,Outer Approx. (Power-Energy),149.1669037898322,85.04902540291664,-64.11787838691555,-0.14322944853121494,3604.005877672445,0.5684738283533707,True
3,1,fullnet,Learned Polytope Approx. (FullNet),139.81631738398275,196.96614372516078,57.14982634117803,0.12872843839547496,0.0,0.0,False
3,1,supervised,Supervised Regression (FullNet),139.81631738398275,53.256529927917185,-86.55978745606556,-0.19497358050648905,4354.5114094015735,0.8210229274821995,True
3,1,cube,Inner Approx. (Cube),139.81631738398275,179.65652194145108,39.840204557468326,0.0897389834121667,0.0,0.0,False
3,1,power_energy,Outer Approx. (Power-Energy),139.81631738398275,70.72643821255471,-69.08987917142804,-0.15562308451428716,3748.820643602637,0.5520357190232555,True
3,2,fullnet,Learned Polytope Approx. (FullNet),150.3356771250113,210.54726359859595,60.211586473584646,0.12385917626399888,0.0,0.0,False
3,2,supervised,Supervised Regression (FullNet),150.3356771250113,53.002019227125615,-97.33365789788569,-0.20022170808076808,4316.686034203054,0.8155316234674869,True
3,2,cube,Inner Approx. (Cube),150.3356771250113,192.01279250281112,41.67711537779982,0.08573255551103245,0.0,0.0,False
3,2,power_energy,Outer Approx. (Power-Energy),150.3356771250113,75.33376419574711,-75.0019129292642,-0.15428384631117953,3748.820643602637,0.5520357190232555,True
3,3,fullnet,Learned Polytope Approx. (FullNet),151.4768659302444,212.58693179592558,61.11006586568118,0.1265888461808379,0.0,0.0,False
3,3,supervised,Supervised Regression (FullNet),151.4768659302444,51.373392884785275,-100.10347304545913,-0.20736327104232008,4354.5114094015735,0.8210229274821995,True
3,3,cube,Inner Approx. (Cube),151.4768659302444,190.21780302476267,38.74093709451827,0.08025143578700716,0.0,0.0,False
3,3,power_energy,Outer Approx. (Power-Energy),151.4768659302444,77.3201406188085,-74.1567253114359,-0.15361486132836735,3683.5965448142024,0.5193116014091681,True
3,4,fullnet,Learned Polytope Approx. (FullNet),155.72494528946658,207.11308365220927,51.388138362742694,0.11027643931457531,0.0,0.0,False
3,4,supervised,Supervised Regression (FullNet),155.72494528946658,57.47415407723321,-98.25079121223337,-0.2108414073738901,4443.694374330386,0.8809339400367816,True
3,4,cube,Inner Approx. (Cube),155.72494528946658,179.30653720097206,23.581591911505484,0.05060494643751521,0.0,0.0,False
3,4,power_energy,Outer Approx. (Power-Energy),155.72494528946658,91.0220123521974,-64.70293293726918,-0.13884933926123608,3836.2903946812226,0.5630071753405886,True
3,5,fullnet,Learned Polytope Approx. (FullNet),126.05706660999593,168.7815223614413,42.72445575144536,0.11223091457435286,0.0,0.0,False
3,5,supervised,Supervised Regression (FullNet),126.05706660999593,43.33560789939557,-82.72145871060036,-0.2172972084191189,4443.410256381986,0.8808704677921873,True
3,5,cube,Inner Approx. (Cube),126.05706660999593,151.55737023538427,25.50030362538834,0.066985578808788,0.0,0.0,False
3,5,power_energy,Outer Approx. (Power-Energy),126.05706660999593,69.57571922507015,-56.48134738492578,-0.14836826267090616,3908.4064738839706,0.6022068631549103,True
3,6,fullnet,Learned Polytope Approx. (FullNet),155.2493646090208,207.5965429802809,52.3471783712601,0.11120873564079875,0.0,0.0,False
3,6,supervised,Supervised Regression (FullNet),155.2493646090208,53.442435944954724,-101.80692866406608,-0.2162832872462853,4443.694374330386,0.8809339400367816,True
3,6,cube,Inner Approx. (Cube),155.2493646090208,182.22311999043188,26.97375538141108,0.057304277418280807,0.0,0.0,False
3,6,power_energy,Outer Approx. (Power-Energy),155.2493646090208,87.24292663144048,-68.00643797758032,-0.14447598167150363,3836.2903946812226,0.5630071753405886,True
3,7,fullnet,Learned Polytope Approx. (FullNet),136.34152526949714,184.82720768222998,48.48568241273284,0.11576486738972114,0.0,0.0,False
3,7,supervised,Supervised Regression (FullNet),136.34152526949714,53.265476856888256,-83.07604841260888,-0.1983531477577414,4443.694374330386,0.8809339400367816,True
3,7,cube,Inner Approx. (Cube),136.34152526949714,162.25813264905565,25.916607379558513,0.06187873341549933,0.0,0.0,False
3,7,power_energy,Outer Approx. (Power-Energy),136.34152526949714,77.27532478602826,-59.066200483468876,-0.1410270109839226,3733.9329626434583,0.5639848527525109,True
3,8,fullnet,Learned Polytope Approx. (FullNet),117.15424186283187,159.95373625430494,42.799494391473075,0.12044087426380957,0.0,0.0,False
3,8,supervised,Supervised Regression (FullNet),117.15424186283187,52.14140678665713,-65.01283507617474,-0.1829508223467088,4443.969442591555,0.8836731762473015,True
3,8,cube,Inner Approx. (Cube),117.15424186283187,138.51391520250746,21.359673339675595,0.060107666401135046,0.0,0.0,False
3,8,power_energy,Outer Approx. (Power-Energy),117.15424186283187,69.7285893969161,-47.42565246591576,-0.13345921784217354,4500.914951379802,0.7536141893948275,True
3,9,fullnet,Learned Polytope Approx. (FullNet),107.84988529640106,153.0242662324572,45.17438093605614,0.13018590664302407,0.0,0.0,False
3,9,supervised,Supervised Regression (FullNet),107.84988529640106,44.1779246890498,-63.67196060735125,-0.18349320450323825,4307.802813496623,0.8139164272828846,True
3,9,cube,Inner Approx. (Cube),107.84988529640106,140.88132265107288,33.03143735467182,0.09519173324869977,0.0,0.0,False
3,9,power_energy,Outer Approx. (Power-Energy),107.84988529640106,57.28667828977319,-50.56320700662786,-0.14571570900449926,3638.798459620138,0.5696397595121494,True
3,10,fullnet,Learned Polytope Approx. (FullNet),119.21614888971997,172.7118654396374,53.49571654991742,0.13383667060574925,0.0,0.0,False
3,10,supervised,Supervised Regression (FullNet),119.21614888971997,45.090961519298276,-74.1251873704217,-0.1854478998599354,4139.359507744792,0.745053888263736,True
3,10,cube,Inner Approx. (Cube),119.21614888971997,165.17980666811138,45.96365777839141,0.11499281293263566,0.0,0.0,False
3,10,power_energy,Outer Approx. (Power-Energy),119.21614888971997,57.86493580013332,-61.35121308958666,-0.15348971145890403,4027.245210878646,0.5930353615247553,True
3,11,fullnet,Learned Polytope Approx. (FullNet),142.9082686526261,185.9445815948684,43.03631294224229,0.10175853089201149,0.0,0.0,False
3,11,supervised,Supervised Regression (FullNet),142.9082686526261,64.52501633806675,-78.38325231455936,-0.18533568646486945,4439.9606039626615,0.882893382332477,True
3,11,cube,Inner Approx. (Cube),142.9082686526261,160.151291796623,17.243023143996908,0.04077079524969777,0.0,0.0,False
3,11,power_energy,Outer Approx. (Power-Energy),142.9082686526261,90.89644823716499,-52.011820415461116,-0.12298094498939889,4078.8697977308498,0.6270790031004219,True
3,12,fullnet,Learned Polytope Approx. (FullNet),166.77560013545485,200.44307035015197,33.66747021469712,0.06752193669974542,0.0,0.0,False
3,12,supervised,Supervised Regression (FullNet),166.77560013545485,61.48848258093062,-105.28711755452423,-0.21115902209105722,4388.851138232245,0.8733979739642513,True
3,12,cube,Inner Approx. (Cube),166.77560013545485,180.57568719481537,13.800087059360521,0.027676822729209617,0.0,0.0,False
3,12,power_energy,Outer Approx. (Power-Energy),166.77560013545485,105.74234516485389,-61.033254970600964,-0.12240550158429582,3067.623648730467,0.3691328853107256,True
3,13,fullnet,Learned Polytope Approx. (FullNet),87.53609070622018,112.25445463623919,24.71836393001901,0.09230806657762575,0.0,0.0,False
3,13,supervised,Supervised Regression (FullNet),87.53609070622018,55.872243963714226,-31.663846742505953,-0.11824522373268294,3835.947938856659,0.7302008056467075,True
3,13,cube,Inner Approx. (Cube),87.53609070622018,92.28484418660864,4.748753480388459,0.017733708172169172,0.0,0.0,False
3,13,power_energy,Outer Approx. (Power-Energy),87.53609070622018,50.85703501672613,-36.67905568949405,-0.13697398113304887,4846.849119626139,0.7933010378296895,True
3,14,fullnet,Learned Polytope Approx. (FullNet),73.44666930677234,106.35238962985903,32.9057203230867,0.1321998625687524,0.0,0.0,False
3,14,supervised,Supervised Regression (FullNet),73.44666930677234,46.41810998907047,-27.028559317701863,-0.10858816619566952,3503.502533100674,0.5430167859792294,True
3,14,cube,Inner Approx. (Cube),73.44666930677234,94.92239897864528,21.47572967187294,0.0862794822088539,0.0,0.0,False
3,14,power_energy,Outer Approx. (Power-Energy),73.44666930677234,31.316586313621848,-42.13008299315049,-0.16925905669346478,5084.664258753609,0.8138230000667794,True
4,0,fullnet,Learned Polytope Approx. (FullNet),100.86083091600872,161.95823234073166,61.09740142472293,0.13495267092286853,0.0,0.0,False
4,0,supervised,Supervised Regression (FullNet),100.86083091600872,21.05261851631115,-79.80821239969757,-0.17628133396456677,3863.126340967556,0.9236048323887782,True
4,0,cube,Inner Approx. (Cube),100.86083091600872,127.21804234206505,26.357211426056324,0.058218123800363904,0.0,0.0,False
4,0,power_energy,Outer Approx. (Power-Energy),100.86083091600872,42.13908640532272,-58.721744510686,-0.12970529152096924,3796.09227443206,0.6515006250550792,True
4,1,fullnet,Learned Polytope Approx. (FullNet),91.02038984208967,153.1266323581187,62.10624251602904,0.13856288100884276,0.4022288836706025,5.133931544005576e-05,True
4,1,supervised,Supervised Regression (FullNet),91.02038984208967,15.40669139495981,-75.61369844712986,-0.1686988533860198,3955.4859783219786,0.9457423728893235,True
4,1,cube,Inner Approx. (Cube),91.02038984208967,131.6911075723167,40.670717730227025,0.09073889504655222,0.0,0.0,False
4,1,power_energy,Outer Approx. (Power-Energy),91.02038984208967,31.861440192323144,-59.15894964976653,-0.13198728773219678,3405.3800017778767,0.5959989097905988,True
4,2,fullnet,Learned Polytope Approx. (FullNet),97.87928836315932,163.20864463995497,65.32935627679565,0.13296147723594967,0.0,0.0,False
4,2,supervised,Supervised Regression (FullNet),97.87928836315932,13.376603530588122,-84.50268483257119,-0.17198396626071333,3863.126340967556,0.9236048323887782,True
4,2,cube,Inner Approx. (Cube),97.87928836315932,143.29669778977922,45.4174094266199,0.09243571640301372,0.0,0.0,False
4,2,power_energy,Outer Approx. (Power-Energy),97.87928836315932,28.425453089401103,-69.45383527375822,-0.14135581710884346,3628.848104109435,0.5488382062111091,True
4,3,fullnet,Learned Polytope Approx. (FullNet),98.72390715626622,164.16712308584775,65.44321592958153,0.1341551196674122,0.0,0.0,False
4,3,supervised,Supervised Regression (FullNet),98.72390715626622,12.104743676447342,-86.61916347981888,-0.1775646883647967,3955.4859783219786,0.9457423728893235,True
4,3,cube,Inner Approx. (Cube),98.72390715626622,140.13146881718237,41.407561660916144,0.08488330395824843,0.0,0.0,False
4,3,power_energy,Outer Approx. (Power-Energy),98.72390715626622,29.062485671770276,-69.66142148449595,-0.14280221720018324,3628.848104109435,0.5488382062111091,True
4,4,fullnet,Learned Polytope Approx. (FullNet),105.173073825285,160.01869182614726,54.84561800086226,0.11609162038834545,0.0,0.0,False
4,4,supervised,Supervised Regression (FullNet),105.173073825285,13.216079677556488,-91.95699414772851,-0.19464520313151668,4094.9633996440343,0.9701046654602085,True
4,4,cube,Inner Approx. (Cube),105.173073825285,130.24376383370816,25.070690008423156,0.05306708417955996,0.0,0.0,False
4,4,power_energy,Outer Approx. (Power-Energy),105.173073825285,43.08673513859753,-62.08633868668747,-0.1314180407631445,3732.3958493465684,0.5593886202548236,True
4,5,fullnet,Learned Polytope Approx. (FullNet),84.73744421304218,130.86877533079854,46.13133111775636,0.11963649404625912,0.0,0.0,False
4,5,supervised,Supervised Regression (FullNet),84.73744421304218,5.8432918628864,-78.89415235015578,-0.2046032394736397,4128.429769348625,0.9775198406029507,True
4,5,cube,Inner Approx. (Cube),84.73744421304218,109.18429720929888,24.446852996256695,0.0634002035508288,0.0,0.0,False
4,5,power_energy,Outer Approx. (Power-Energy),84.73744421304218,31.03431716077735,-53.70312705226483,-0.13927310754275624,3730.1451411316743,0.5989212746933876,True
4,6,fullnet,Learned Polytope Approx. (FullNet),104.21708097408515,160.41718842896847,56.20010745488332,0.11776885649235559,0.0,0.0,False
4,6,supervised,Supervised Regression (FullNet),104.21708097408515,9.71713710838722,-94.49994386569793,-0.19802720727161185,4094.9633996440343,0.9701046654602085,True
4,6,cube,Inner Approx. (Cube),104.21708097408515,132.67363475708495,28.456553782999805,0.05963148382638729,0.0,0.0,False
4,6,power_energy,Outer Approx. (Power-Energy),104.21708097408515,38.933472109874884,-65.28360886421027,-0.13680358119963337,3607.2802137843255,0.5370518088705606,True
4,7,fullnet,Learned Polytope Approx. (FullNet),91.26511413193471,142.26006853202892,50.994954400094215,0.12018213841730738,0.0,0.0,False
4,7,supervised,Supervised Regression (FullNet),91.26511413193471,12.424945271965608,-78.8401688599691,-0.1858062272677547,4094.9633996440343,0.9701046654602085,True
4,7,cube,Inner Approx. (Cube),91.26511413193471,117.61069747850468,26.345583346569967,0.062089839704540066,0.0,0.0,False
4,7,power_energy,Outer Approx. (Power-Energy),91.26511413193471,35.78586715791707,-55.47924697401764,-0.13075047556287356,3640.2205983322174,0.5880831975165911,True
4,8,fullnet,Learned Polytope Approx. (FullNet),79.52948735397536,125.66724379250135,46.137756438526,0.1284568549611953,0.0,0.0,False
4,8,supervised,Supervised Regression (FullNet),79.52948735397536,19.506958136154466,-60.02252921782089,-0.16711487348568727,4087.547427078825,0.9678280516701234,True
4,8,cube,Inner Approx. (Cube),79.52948735397536,101.13298854023108,21.603501186255727,0.06014852114091054,0.0,0.0,False
4,8,power_energy,Outer Approx. (Power-Energy),79.52948735397536,36.156688662709016,-43.37279869126634,-0.12075865280030768,3979.0641244712115,0.7517038313562666,True
4,9,fullnet,Learned Polytope Approx. (FullNet),70.89038124285082,118.2904075588945,47.40002631604368,0.13537541240485418,0.0,0.0,False
4,9,supervised,Supervised Regression (FullNet),70.89038124285082,13.554420250475141,-57.33596099237568,-0.16375263830485037,4140.777114299273,1.0000021947104631,True
4,9,cube,Inner Approx. (Cube),70.89038124285082,103.05939231533439,32.16901107248357,0.09187533170461058,0.0,0.0,False
4,9,power_energy,Outer Approx. (Power-Energy),70.89038124285082,27.092456046108303,-43.79792519674252,-0.12508774038336568,3608.8279187011203,0.6192562412132369,True
4,10,fullnet,Learned Polytope Approx. (FullNet),76.34062158620355,130.56691353231,54.22629194610644,0.13454971557315068,0.0,0.0,False
4,10,supervised,Supervised Regression (FullNet),76.34062158620355,11.42817221424171,-64.91244937196184,-0.16106488728446283,4129.86132051721,0.99736618002942,True
4,10,cube,Inner Approx. (Cube),76.34062158620355,120.32531276944596,43.984691183242404,0.10913760605574778,0.0,0.0,False
4,10,power_energy,Outer Approx. (Power-Energy),76.34062158620355,24.514140709201065,-51.82648087700249,-0.1285951521097638,3866.766842191704,0.5751316775842832,True
4,11,fullnet,Learned Polytope Approx. (FullNet),98.51531690752259,145.0321998272177,46.51688291969512,0.10865118269843074,0.0,0.0,False
4,11,supervised,Supervised Regression (FullNet),98.51531690752259,23.718296768045775,-74.79702013947681,-0.17470613227679624,3767.438131047124,0.9007272094384033,True
4,11,cube,Inner Approx. (Cube),98.51531690752259,114.4487943277603,15.933477420237708,0.0372164052607787,0.0,0.0,False
4,11,power_energy,Outer Approx. (Power-Energy),98.51531690752259,49.334000033043154,-49.181316874479435,-0.11487459841845961,3571.1317363911235,0.5769241345651376,True
4,12,fullnet,Learned Polytope Approx. (FullNet),113.08020274396752,150.120773783866,37.040571039898495,0.07307014502730344,54.72181777584252,0.006450362739120449,True
4,12,supervised,Supervised Regression (FullNet),113.08020274396752,17.164703585569857,-95.91549915839767,-0.18921305036904001,3696.6619320866334,0.8752711576199637,True
4,12,cube,Inner Approx. (Cube),113.08020274396752,131.78219404225422,18.7019912982867,0.03689352453538527,0.0,0.0,False
4,12,power_energy,Outer Approx. (Power-Energy),113.08020274396752,49.79500979368815,-63.28519295027937,-0.12484305984313106,3221.3099552448125,0.41390779104796477,True
4,13,fullnet,Learned Polytope Approx. (FullNet),56.7466043723941,82.85232271637344,26.105718343979333,0.09601277557931794,0.0,0.0,False
4,13,supervised,Supervised Regression (FullNet),56.7466043723941,24.22914313564334,-32.51746123675076,-0.11959416963729548,3676.993750757642,0.8794316520832991,True
4,13,cube,Inner Approx. (Cube),56.7466043723941,62.63458941700882,5.887985044614716,0.02165509407762959,0.0,0.0,False
4,13,power_energy,Outer Approx. (Power-Energy),56.7466043723941,22.77748507791611,-33.96911929447799,-0.12493314240479327,3868.315037495022,0.7972511424143703,True
4,14,fullnet,Learned Polytope Approx. (FullNet),45.08626309871037,78.14185651198069,33.05559341327032,0.13156399949539868,0.0,0.0,False
4,14,supervised,Supervised Regression (FullNet),45.08626309871037,22.432161222269382,-22.654101876440986,-0.09016520171270835,3083.6461682146937,0.603544889377062,True
4,14,cube,Inner Approx. (Cube),45.08626309871037,59.869451100865994,14.783188002155626,0.05883831261293235,0.0,0.0,False
4,14,power_energy,Outer Approx. (Power-Energy),45.08626309871037,10.125035598505814,-34.96122750020456,-0.13914858098868327,4205.819426989412,0.7391211230503383,True
5,0,fullnet,Learned Polytope Approx. (FullNet),148.52709819042212,206.59669462587522,58.06959643545309,0.1253121795746191,0.0,0.0,False
5,0,supervised,Supervised Regression (FullNet),148.52709819042212,69.8120691891097,-78.71502900131242,-0.16986430860421128,4126.726383522707,0.7751336669935904,True
5,0,cube,Inner Approx. (Cube),148.52709819042212,174.969495752787,26.442397562364874,0.05706177888461303,0.0,0.0,False
5,0,power_energy,Outer Approx. (Power-Energy),148.52709819042212,81.4960103074379,-67.03108788298422,-0.1446507680006241,3792.0731076486773,0.5898250912722803,True
5,1,fullnet,Learned Polytope Approx. (FullNet),139.30630580450537,199.74803064186665,60.44172483736128,0.13131310285115635,0.0,0.0,False
5,1,supervised,Supervised Regression (FullNet),139.30630580450537,62.921658975255234,-76.38464682925013,-0.16595001238512758,4089.6714919587134,0.7359157649431701,True
5,1,cube,Inner Approx. (Cube),139.30630580450537,180.74337890075756,41.43707309625219,0.09002441038836173,0.0,0.0,False
5,1,power_energy,Outer Approx. (Power-Energy),139.30630580450537,67.16065068957784,-72.14565511492754,-0.15674056052937965,3939.41956659985,0.5609352219804119,True
5,2,fullnet,Learned Polytope Approx. (FullNet),149.77487739343616,213.2631287810666,63.48825138763044,0.12598491106376428,0.0,0.0,False
5,2,supervised,Supervised Regression (FullNet),149.77487739343616,62.172002805117074,-87.60287458831908,-0.1738375230490246,4089.6714919587134,0.7359157649431701,True
5,2,cube,Inner Approx. (Cube),149.77487739343616,192.80132229303132,43.02644489959516,0.08538088095967901,0.0,0.0,False
5,2,power_energy,Outer Approx. (Power-Energy),149.77487739343616,70.89386190633174,-78.88101548710442,-0.15653002726577647,3939.41956659985,0.5609352219804119,True
5,3,fullnet,Learned Polytope Approx. (FullNet),150.90236079218562,214.876880851686,63.97452005950038,0.12799790474106043,0.0,0.0,False
5,3,supervised,Supervised Regression (FullNet),150.90236079218562,60.75886411410555,-90.14349667808007,-0.18035584620401607,4089.6714919587134,0.7359157649431701,True
5,3,cube,Inner Approx. (Cube),150.90236079218562,190.48176835881486,39.57940756662924,0.07918904643144237,0.0,0.0,False
5,3,power_energy,Outer Approx. (Power-Energy),150.90236079218562,73.04723189853478,-77.85512889365084,-0.15576972461011265,3804.787838204836,0.5271006955993373,True
5,4,fullnet,Learned Polytope Approx. (FullNet),154.83557730324208,208.78629050508547,53.9507132018434,0.11181873585200078,0.0,0.0,False
5,4,supervised,Supervised Regression (FullNet),154.83557730324208,64.37655837461601,-90.45901892862607,-0.18748618030624228,4174.459110046098,0.7680204455275829,True
5,4,cube,Inner Approx. (Cube),154.83557730324208,179.78117612756867,24.945598824326595,0.051702473610896554,0.0,0.0,False
5,4,power_energy,Outer Approx. (Power-Energy),154.83557730324208,87.09064639294814,-67.74493091029393,-0.1404087561628633,3958.4902687226795,0.5640465416185139,True
5,5,fullnet,Learned Polytope Approx. (FullNet),125.41794358096908,171.85261725214488,46.4346736711758,0.11775878047244488,0.0,0.0,False
5,5,supervised,Supervised Regression (FullNet),125.41794358096908,50.61427889884925,-74.80366468211983,-0.18970281540503556,4174.4591461238815,0.7680203229116331,True
5,5,cube,Inner Approx. (Cube),125.41794358096908,152.03567218404305,26.61772860307397,0.06750281656852085,0.0,0.0,False
5,5,power_energy,Outer Approx. (Power-Energy),125.41794358096908,66.59089049725527,-58.82705308371381,-0.14918597423515614,4023.330127403867,0.6044209126200482,True
5,6,fullnet,Learned Polytope Approx. (FullNet),154.3716200848983,210.73681807775068,56.36519799285239,0.11566774922886773,0.0,0.0,False
5,6,supervised,Supervised Regression (FullNet),154.3716200848983,60.424079643599526,-93.94754044129877,-0.19279095852392908,4174.459110046098,0.7680204455275829,True
5,6,cube,Inner Approx. (Cube),154.3716200848983,182.28678848322835,27.915168398330053,0.057285076837468134,0.0,0.0,False
5,6,power_energy,Outer Approx. (Power-Energy),154.3716200848983,83.16131895217794,-71.21030113272036,-0.1461315767040532,3958.4902687226795,0.5640465416185139,True
5,7,fullnet,Learned Polytope Approx. (FullNet),135.3482032517747,186.96385104630787,51.615647794533174,0.11898723162353965,0.0,0.0,False
5,7,supervised,Supervised Regression (FullNet),135.3482032517747,59.43279208911909,-75.9154111626556,-0.17500438331733711,4174.459110046098,0.7680204455275829,True
5,7,cube,Inner Approx. (Cube),135.3482032517747,162.2078932421452,26.859689990370498,0.06191843541212286,0.0,0.0,False
5,7,power_energy,Outer Approx. (Power-Energy),135.3482032517747,73.37492991496065,-61.973273336814046,-0.14286419998738137,3912.1002002528044,0.5716407443357205,True
5,8,fullnet,Learned Polytope Approx. (FullNet),116.60016110340325,161.9765414211952,45.376380317791956,0.12321693892996789,0.0,0.0,False
5,8,supervised,Supervised Regression (FullNet),116.60016110340325,58.532002450001166,-58.06815865340209,-0.1576807296761501,4106.637075090622,0.7716422659699296,True
5,8,cube,Inner Approx. (Cube),116.60016110340325,139.2882961502851,22.688135046881854,0.061608319811493936,0.0,0.0,False
5,8,power_energy,Outer Approx. (Power-Energy),116.60016110340325,67.10134232096426,-49.49881878243899,-0.1344111823884263,4659.644914270994,0.746671069972713,True
5,9,fullnet,Learned Polytope Approx. (FullNet),107.35743686108849,154.93960522402068,47.582168362932194,0.13210691870931177,0.0,0.0,False
5,9,supervised,Supervised Regression (FullNet),107.35743686108849,51.32323329582226,-56.034203565266225,-0.1555731113150448,4070.3712380182524,0.7326995436971263,True
5,9,cube,Inner Approx. (Cube),107.35743686108849,141.94214071056564,34.58470384947715,0.09602081656261342,0.0,0.0,False
5,9,power_energy,Outer Approx. (Power-Energy),107.35743686108849,54.63663001572002,-52.720806845368465,-0.146373811531384,3756.2815773998996,0.575536925049457,True
5,10,fullnet,Learned Polytope Approx. (FullNet),118.6565599120793,174.97109198376825,56.314532071688944,0.13562783467023545,0.0,0.0,False
5,10,supervised,Supervised Regression (FullNet),118.6565599120793,53.69590841145339,-64.96065150062591,-0.1564511357491501,3923.419777490297,0.7218595527834326,True
5,10,cube,Inner Approx. (Cube),118.6565599120793,166.60221411113656,47.94565419905726,0.11547224174015926,0.0,0.0,False
5,10,power_energy,Outer Approx. (Power-Energy),118.6565599120793,54.741817606708736,-63.91474230537057,-0.1539321696102929,4199.039145806032,0.5979025375532934,True
5,11,fullnet,Learned Polytope Approx. (FullNet),142.30130216514638,189.5000016044716,47.198699439325225,0.107881940188991,0.0,0.0,False
5,11,supervised,Supervised Regression (FullNet),142.30130216514638,72.07090278408987,-70.23039938105651,-0.1605254347149106,4126.726383522707,0.7751336669935904,True
5,11,cube,Inner Approx. (Cube),142.30130216514638,161.01521635972415,18.713914194577768,0.04277434327267157,0.0,0.0,False
5,11,power_energy,Outer Approx. (Power-Energy),142.30130216514638,87.93059998154926,-54.37070218359712,-0.12427496754533718,4244.683900316959,0.6274804304517098,True
5,12,fullnet,Learned Polytope Approx. (FullNet),165.69684433168896,206.0584760685055,40.36163173681655,0.07843423982022361,0.0,0.0,False
5,12,supervised,Supervised Regression (FullNet),165.69684433168896,66.81170293857912,-98.88514139310985,-0.1921622234021116,4107.325079680341,0.7599714488373317,True
5,12,cube,Inner Approx. (Cube),165.69684433168896,180.41560397180638,14.718759640117412,0.028602776294996562,0.0,0.0,False
5,12,power_energy,Outer Approx. (Power-Energy),165.69684433168896,101.50139438675666,-64.1954499449323,-0.12475019219193534,3225.289632827655,0.3844321817259736,True
5,13,fullnet,Learned Polytope Approx. (FullNet),86.75699274723061,113.58521667194745,26.828223924716838,0.09743889565733786,0.0,0.0,False
5,13,supervised,Supervised Regression (FullNet),86.75699274723061,60.07609699405518,-26.680895753175434,-0.09690380640303269,4145.176989432164,0.7551127598169326,True
5,13,cube,Inner Approx. (Cube),86.75699274723061,91.89843493576922,5.141442188538605,0.018673485443652438,0.0,0.0,False
5,13,power_energy,Outer Approx. (Power-Energy),86.75699274723061,48.60198796135601,-38.1550047858746,-0.13857725135173302,4847.535544213594,0.795319200905824,True
5,14,fullnet,Learned Polytope Approx. (FullNet),72.78945463469043,108.01371855382519,35.224263919134756,0.13720676582017804,0.0,0.0,False
5,14,supervised,Supervised Regression (FullNet),72.78945463469043,51.8572986005812,-20.932156034109227,-0.08153565501544198,3207.5474556417103,0.4628853360198152,True
5,14,cube,Inner Approx. (Cube),72.78945463469043,95.55888029189904,22.769425657208615,0.0886922509205784,0.0,0.0,False
5,14,power_energy,Outer Approx. (Power-Energy),72.78945463469043,29.356381245133715,-43.43307338955671,-0.16918200315249904,5037.906768045372,0.8004910865920308,True
6,0,fullnet,Learned Polytope Approx. (FullNet),152.26802843166445,210.6862802901938,58.418251858529345,0.12682605166924857,0.0,0.0,False
6,0,supervised,Supervised Regression (FullNet),152.26802843166445,63.447331524123534,-88.8206969075409,-0.192829773862015,4483.115117210806,0.9344900242835135,True
6,0,cube,Inner Approx. (Cube),152.26802843166445,179.7237684236178,27.45573999195335,0.05960642415780414,0.0,0.0,False
6,0,power_energy,Outer Approx. (Power-Energy),152.26802843166445,88.36418663052166,-63.90384180114279,-0.1387352699591592,3608.1271480951496,0.5640428438044041,True
6,1,fullnet,Learned Polytope Approx. (FullNet),142.5046371422835,202.4433843941435,59.93874725185998,0.13101890485841475,0.0,0.0,False
6,1,supervised,Supervised Regression (FullNet),142.5046371422835,55.174456397517915,-87.3301807447656,-0.19089328968101765,4357.881301744685,0.8619910790028994,True
6,1,cube,Inner Approx. (Cube),142.5046371422835,185.51094741309242,43.00631027080891,0.09400663063587347,0.0,0.0,False
6,1,power_energy,Outer Approx. (Power-Energy),142.5046371422835,73.71229353872172,-68.79234360356179,-0.1503718034631221,3754.5647818892903,0.5354642048443268,True
6,2,fullnet,Learned Polytope Approx. (FullNet),153.19886654493058,216.66566159683435,63.46679505190377,0.1267433848878762,0.0,0.0,False
6,2,supervised,Supervised Regression (FullNet),153.19886654493058,55.71276076552533,-97.48610577940525,-0.19468005302480995,4296.043579545501,0.864038552278267,True
6,2,cube,Inner Approx. (Cube),153.19886654493058,198.45015374745554,45.25128720252496,0.09036695969744592,0.0,0.0,False
6,2,power_energy,Outer Approx. (Power-Energy),153.19886654493058,78.56680409290769,-74.6320624520229,-0.14904045822066467,3754.5647818892903,0.5354642048443268,True
6,3,fullnet,Learned Polytope Approx. (FullNet),154.33081532549116,219.15667395966398,64.82585863417282,0.13049660388775458,0.0,0.0,False
6,3,supervised,Supervised Regression (FullNet),154.33081532549116,54.22018737045222,-100.11062795503894,-0.20152601502629963,4357.881301744685,0.8619910790028994,True
6,3,cube,Inner Approx. (Cube),154.33081532549116,196.09256424540894,41.76174891991778,0.08406778593117685,0.0,0.0,False
6,3,power_energy,Outer Approx. (Power-Energy),154.33081532549116,80.68825611182969,-73.64255921366147,-0.14824491462917155,3569.7073219650056,0.5028065538215877,True
6,4,fullnet,Learned Polytope Approx. (FullNet),159.4543994146789,214.7457776456501,55.29137823097119,0.11534360804902781,0.0,0.0,False
6,4,supervised,Supervised Regression (FullNet),159.4543994146789,59.61998379853439,-99.83441561614451,-0.20826505095476347,4471.49570373434,0.9321602563251501,True
6,4,cube,Inner Approx. (Cube),159.4543994146789,184.73229800134618,25.277898586667277,0.05273234490021161,0.0,0.0,False
6,4,power_energy,Outer Approx. (Power-Energy),159.4543994146789,94.94779673020706,-64.50660268447184,-0.13456753176835026,3801.858487076942,0.551400472744425,True
6,5,fullnet,Learned Polytope Approx. (FullNet),129.10447747297607,175.57591695881118,46.471439485835106,0.11859647617213831,0.0,0.0,False
6,5,supervised,Supervised Regression (FullNet),129.10447747297607,44.982723585243065,-84.121753887733,-0.21468118248297316,4473.325494337046,0.9325354934031329,True
6,5,cube,Inner Approx. (Cube),129.10447747297607,155.8670268176495,26.76254934467343,0.06829881064107522,0.0,0.0,False
6,5,power_energy,Outer Approx. (Power-Energy),129.10447747297607,72.7539176996348,-56.350559773341274,-0.1438082808147734,3888.357419231577,0.5948122202850428,True
6,6,fullnet,Learned Polytope Approx. (FullNet),159.01134430508262,216.5839173692818,57.57257306419919,0.11890930453101588,0.0,0.0,False
6,6,supervised,Supervised Regression (FullNet),159.01134430508262,55.745979344419354,-103.26536496066326,-0.21328233351532597,4471.49570373434,0.9321602563251501,True
6,6,cube,Inner Approx. (Cube),159.01134430508262,187.6362895485889,28.62494524350629,0.059121421016708704,0.0,0.0,False
6,6,power_energy,Outer Approx. (Power-Energy),159.01134430508262,91.25628850069097,-67.75505580439165,-0.1399400119771674,3801.858487076942,0.551400472744425,True
6,7,fullnet,Learned Polytope Approx. (FullNet),139.4402539328433,192.86636883347762,53.42611490063433,0.12404520060826278,0.0,0.0,False
6,7,supervised,Supervised Regression (FullNet),139.4402539328433,54.857712956698876,-84.58254097614441,-0.19638445136533536,4436.255665898047,0.9255535944535903,True
6,7,cube,Inner Approx. (Cube),139.4402539328433,167.14260002841365,27.702346095570363,0.06431953895834845,0.0,0.0,False
6,7,power_energy,Outer Approx. (Power-Energy),139.4402539328433,80.59690190930769,-58.8433520235356,-0.1366229870878265,3697.6875171662377,0.5553075047602319,True
6,8,fullnet,Learned Polytope Approx. (FullNet),119.62025021355765,165.14863755397698,45.52838734041933,0.12445205834572784,0.0,0.0,False
6,8,supervised,Supervised Regression (FullNet),119.62025021355765,53.386169671002634,-66.23408054255502,-0.18105116692415169,4489.78815457264,0.9358658627004428,True
6,8,cube,Inner Approx. (Cube),119.62025021355765,142.59586581921772,22.975615605660067,0.06280395201580374,0.0,0.0,False
6,8,power_energy,Outer Approx. (Power-Energy),119.62025021355765,72.25909269381977,-47.36115751973789,-0.12946194414698414,4575.2168734338275,0.742041485060987,True
6,9,fullnet,Learned Polytope Approx. (FullNet),109.91540062432401,157.26483574499582,47.349435120671814,0.1323742853327393,0.0,0.0,False
6,9,supervised,Supervised Regression (FullNet),109.91540062432401,45.473558799529314,-64.4418418247947,-0.18015933527702013,4285.545156685136,0.8620072942759618,True
6,9,cube,Inner Approx. (Cube),109.91540062432401,145.29722441964316,35.38182379531915,0.09891656841814142,0.0,0.0,False
6,9,power_energy,Outer Approx. (Power-Energy),109.91540062432401,59.528127207076516,-50.38727341724749,-0.1408671358269592,3604.3902771294884,0.5595347623270882,True
6,10,fullnet,Learned Polytope Approx. (FullNet),121.31469163880278,177.40500896093775,56.090317322134965,0.1360660038567625,0.0,0.0,False
6,10,supervised,Supervised Regression (FullNet),121.31469163880278,46.805026339544014,-74.50966529925877,-0.18074835176541545,4341.791516010953,0.8588847422098201,True
6,10,cube,Inner Approx. (Cube),121.31469163880278,170.45440347442377,49.139711835620986,0.11920496334056584,0.0,0.0,False
6,10,power_energy,Outer Approx. (Power-Energy),121.31469163880278,60.197676853356164,-61.11701478544662,-0.14825995584497545,4034.5493571270217,0.5753947232020119,True
6,11,fullnet,Learned Polytope Approx. (FullNet),146.20394368937735,192.99918037769834,46.79523668832098,0.1076662259163591,0.0,0.0,False
6,11,supervised,Supervised Regression (FullNet),146.20394368937735,66.30025897203294,-79.90368471734442,-0.1838419629678725,4483.115117210806,0.9344900242835135,True
6,11,cube,Inner Approx. (Cube),146.20394368937735,164.52970794534275,18.325764255965396,0.042163818672705654,0.0,0.0,False
6,11,power_energy,Outer Approx. (Power-Energy),146.20394368937735,94.292139139753,-51.91180454962435,-0.11943839740767155,4142.023129814929,0.6210357857236147,True
6,12,fullnet,Learned Polytope Approx. (FullNet),171.36317811415262,209.80354997959844,38.440371865445826,0.07512015704072851,0.0,0.0,False
6,12,supervised,Supervised Regression (FullNet),171.36317811415262,65.03053067493121,-106.3326474392214,-0.20779521077866894,4423.7763757048215,0.9216597790108602,True
6,12,cube,Inner Approx. (Cube),171.36317811415262,185.39871559909778,14.035537484945166,0.02742824090543913,0.0,0.0,False
6,12,power_energy,Outer Approx. (Power-Energy),171.36317811415262,110.527968767465,-60.83520934668762,-0.11888413815883796,3059.5271651863563,0.37154264929147013,True
6,13,fullnet,Learned Polytope Approx. (FullNet),89.62837043226611,117.10511692896013,27.47674649669402,0.10030016826773461,0.0,0.0,False
6,13,supervised,Supervised Regression (FullNet),89.62837043226611,56.801431503162526,-32.826938929103584,-0.11983032629790773,4405.742495067343,0.918401970571455,True
6,13,cube,Inner Approx. (Cube),89.62837043226611,94.47365265354225,4.845282221276136,0.01768705120008049,0.0,0.0,False
6,13,power_energy,Outer Approx. (Power-Energy),89.62837043226611,52.969914100470625,-36.658456331795485,-0.13381676534945228,4931.716294713578,0.796985577522451,True
6,14,fullnet,Learned Polytope Approx. (FullNet),74.67349916834729,109.68423288288675,35.010733714539455,0.13736964390440176,0.0,0.0,False
6,14,supervised,Supervised Regression (FullNet),74.67349916834729,47.55608378167623,-27.117415386671063,-0.10639907537064168,3481.970893908623,0.5459756515770323,True
6,14,cube,Inner Approx. (Cube),74.67349916834729,96.66377181480172,21.99027264645443,0.08628199418596184,0.0,0.0,False
6,14,power_energy,Outer Approx. (Power-Energy),74.67349916834729,32.357686252237784,-42.31581291610951,-0.1660321717107354,5063.344911518289,0.8028162644100332,True
7,0,fullnet,Learned Polytope Approx. (FullNet),147.39136775874354,203.49492971298488,56.10356195424134,0.1249846897245601,0.0,0.0,False
7,0,supervised,Supervised Regression (FullNet),147.39136775874354,55.79136434428689,-91.60000341445665,-0.2040618742685555,4635.051125509719,0.86511725308618,True
7,0,cube,Inner Approx. (Cube),147.39136775874354,173.43605874717406,26.044690988430517,0.05802105087045988,0.0,0.0,False
7,0,power_energy,Outer Approx. (Power-Energy),147.39136775874354,80.1226661554977,-67.26870160324584,-0.14985782551405546,3638.777413141222,0.5815911890502956,True
7,1,fullnet,Learned Polytope Approx. (FullNet),137.92564864780718,196.45192616048126,58.526277512674085,0.1316207924318542,0.0,0.0,False
7,1,supervised,Supervised Regression (FullNet),137.92564864780718,47.99469494823878,-89.93095369956839,-0.20224733048375207,4583.849285918169,0.8177389006924457,True
7,1,cube,Inner Approx. (Cube),137.92564864780718,179.0644808064814,41.138832158674234,0.09251785554400194,0.0,0.0,False
7,1,power_energy,Outer Approx. (Power-Energy),137.92564864780718,66.0420667346521,-71.88358191315508,-0.16166027323710583,3775.648354699588,0.5336338319240918,True
7,2,fullnet,Learned Polytope Approx. (FullNet),147.6989989992297,209.2682466637077,61.56924766447801,0.1263724200582213,0.0,0.0,False
7,2,supervised,Supervised Regression (FullNet),147.6989989992297,46.58990424376613,-101.10909475546357,-0.20752894470587763,4583.849285918169,0.8177389006924457,True
7,2,cube,Inner Approx. (Cube),147.6989989992297,190.96595623726097,43.26695723803127,0.08880651140196032,0.0,0.0,False
7,2,power_energy,Outer Approx. (Power-Energy),147.6989989992297,69.35826765225063,-78.34073134697907,-0.16079630960247235,3774.167248194679,0.5334244987273922,True
7,3,fullnet,Learned Polytope Approx. (FullNet),148.91444204608192,210.9751850289136,62.06074298283167,0.12831546517730444,0.0,0.0,False
7,3,supervised,Supervised Regression (FullNet),148.91444204608192,44.865332588068114,-104.0491094580138,-0.21512971388503557,4583.849285918169,0.8177389006924457,True
7,3,cube,Inner Approx. (Cube),148.91444204608192,189.02596945505223,40.11152740897032,0.08293373638594782,0.0,0.0,False
7,3,power_energy,Outer Approx. (Power-Energy),148.91444204608192,71.48309280956641,-77.4313492365155,-0.1600954020053929,3636.8951219998316,0.5141323517638153,True
7,4,fullnet,Learned Polytope Approx. (FullNet),154.06172500433473,204.28586656757017,50.224141563235435,0.10734793281903347,0.0,0.0,False
7,4,supervised,Supervised Regression (FullNet),154.06172500433473,51.34772214493685,-102.71400285939788,-0.21953856323541218,4678.831793137424,0.8720048471309382,True
7,4,cube,Inner Approx. (Cube),154.06172500433473,178.31044974636634,24.248724742031612,0.05182867030743444,0.0,0.0,False
7,4,power_energy,Outer Approx. (Power-Energy),154.06172500433473,85.67146276169757,-68.39026224263716,-0.1461757841586044,3898.273433983183,0.5592690516789578,True
7,5,fullnet,Learned Polytope Approx. (FullNet),124.77503999157356,166.47485622657936,41.6998162350058,0.10916297046274535,0.0,0.0,False
7,5,supervised,Supervised Regression (FullNet),124.77503999157356,38.34907961569697,-86.4259603758766,-0.22624834859119147,4678.013765500423,0.8718444592566541,True
7,5,cube,Inner Approx. (Cube),124.77503999157356,150.7375176991911,25.962477707617538,0.06796531598998169,0.0,0.0,False
7,5,power_energy,Outer Approx. (Power-Energy),124.77503999157356,65.3200611875264,-59.45497880404716,-0.15564294236867512,3984.446429982653,0.6206619340594747,True
7,6,fullnet,Learned Polytope Approx. (FullNet),153.46793231917792,204.947836428915,51.47990410973708,0.10896609005445468,0.0,0.0,False
7,6,supervised,Supervised Regression (FullNet),153.46793231917792,47.14776126232628,-106.32017105685165,-0.22504496724178324,4678.831793137424,0.8720048471309382,True
7,6,cube,Inner Approx. (Cube),153.46793231917792,181.286115639334,27.818183320156095,0.05888197970132038,0.0,0.0,False
7,6,power_energy,Outer Approx. (Power-Energy),153.46793231917792,81.73812142875357,-71.72981089042435,-0.15182850800214714,3898.273433983183,0.5592690516789578,True
7,7,fullnet,Learned Polytope Approx. (FullNet),134.67884130736374,183.13601405820597,48.45717275084223,0.11537795209099427,0.0,0.0,False
7,7,supervised,Supervised Regression (FullNet),134.67884130736374,47.964561431401876,-86.71427987596186,-0.2064692482282698,4678.831793137424,0.8720048471309382,True
7,7,cube,Inner Approx. (Cube),134.67884130736374,161.40366790891736,26.724826601553616,0.06363259736858233,0.0,0.0,False
7,7,power_energy,Outer Approx. (Power-Energy),134.67884130736374,72.55396207103821,-62.124879236325526,-0.14792116281821224,3813.703044586653,0.5809762910636992,True
7,8,fullnet,Learned Polytope Approx. (FullNet),115.97756817931112,158.91728808563553,42.93971990632441,0.12061792614884995,0.0,0.0,False
7,8,supervised,Supervised Regression (FullNet),115.97756817931112,48.087694418566905,-67.88987376074422,-0.19070305529221926,4637.500103159211,0.865557177018867,True
7,8,cube,Inner Approx. (Cube),115.97756817931112,137.9309049990475,21.95333681973638,0.061667052440502364,0.0,0.0,False
7,8,power_energy,Outer Approx. (Power-Energy),115.97756817931112,66.00499709569306,-49.972571083618064,-0.14037324653215122,4435.766581474013,0.7408133577954736,True
7,9,fullnet,Learned Polytope Approx. (FullNet),106.52449353427751,152.49030717962063,45.96581364534312,0.13239441159075788,0.0,0.0,False
7,9,supervised,Supervised Regression (FullNet),106.52449353427751,40.31220892453486,-66.21228460974265,-0.1907099160394126,4576.753815211221,0.8165254321525575,True
7,9,cube,Inner Approx. (Cube),106.52449353427751,140.46814603784952,33.94365250357201,0.09776722185590773,0.0,0.0,False
7,9,power_energy,Outer Approx. (Power-Energy),106.52449353427751,53.779639514972324,-52.74485401930519,-0.1519199456841074,3551.69233768823,0.5629773177649852,True
7,10,fullnet,Learned Polytope Approx. (FullNet),117.51844544603065,172.00391123127747,54.48546578524682,0.1363220769047735,0.0,0.0,False
7,10,supervised,Supervised Regression (FullNet),117.51844544603065,40.891018361322416,-76.62742708470824,-0.19172103711527813,4542.15190659712,0.8205688263677462,True
7,10,cube,Inner Approx. (Cube),117.51844544603065,164.8227251681737,47.304279722143036,0.11835482298387566,0.0,0.0,False
7,10,power_energy,Outer Approx. (Power-Energy),117.51844544603065,53.72357976804859,-63.79486567798207,-0.15961410001267498,4062.759904436924,0.5732376161515826,True
7,11,fullnet,Learned Polytope Approx. (FullNet),141.58352279511746,183.64112103398918,42.05759823887172,0.09914661602028674,0.0,0.0,False
7,11,supervised,Supervised Regression (FullNet),141.58352279511746,59.281765103863705,-82.30175769125375,-0.1940182299822246,4635.051125509719,0.86511725308618,True
7,11,cube,Inner Approx. (Cube),141.58352279511746,159.35908542830134,17.77556263318388,0.04190412569274947,0.0,0.0,False
7,11,power_energy,Outer Approx. (Power-Energy),141.58352279511746,86.37980607127808,-55.20371672383938,-0.13013728634300673,4094.943781083552,0.6239507898777914,True
7,12,fullnet,Learned Polytope Approx. (FullNet),164.92817523677473,195.86624415704736,30.938068920272627,0.061643637086536265,0.0,0.0,False
7,12,supervised,Supervised Regression (FullNet),164.92817523677473,53.17920271032595,-111.74897252644878,-0.22265814731247996,4618.338572225787,0.8636462378836091,True
7,12,cube,Inner Approx. (Cube),164.92817523677473,178.89236824510277,13.964193008328039,0.02782344457988024,0.0,0.0,False
7,12,power_energy,Outer Approx. (Power-Energy),164.92817523677473,99.33507961808247,-65.59309561869226,-0.13069325665156956,3219.4490144592446,0.38353845121688357,True
7,13,fullnet,Learned Polytope Approx. (FullNet),86.71576537511163,110.8807884217266,24.165023046614976,0.08969943023900122,0.0,0.0,False
7,13,supervised,Supervised Regression (FullNet),86.71576537511163,51.80810962336922,-34.90765575174241,-0.1295755781349898,4152.315556103543,0.7496827553785516,True
7,13,cube,Inner Approx. (Cube),86.71576537511163,91.44772755247749,4.731962177365858,0.017564821287504563,0.0,0.0,False
7,13,power_energy,Outer Approx. (Power-Energy),86.71576537511163,47.832947996178106,-38.882817378933524,-0.14433119133590216,4849.453978205704,0.8046594113831216,True
7,14,fullnet,Learned Polytope Approx. (FullNet),72.72690980598608,105.73076304547106,33.00385323948498,0.13255810742956317,0.0,0.0,False
7,14,supervised,Supervised Regression (FullNet),72.72690980598608,43.63864283776036,-29.088266968225724,-0.11683137692240113,3653.6509946088627,0.5496347861752722,True
7,14,cube,Inner Approx. (Cube),72.72690980598608,94.51027243400516,21.783362628019077,0.08749164233852182,0.0,0.0,False
7,14,power_energy,Outer Approx. (Power-Energy),72.72690980598608,29.153417721422127,-43.57349208456395,-0.17501046326059178,5011.703914208346,0.8114054817047479,True
8,0,fullnet,Learned Polytope Approx. (FullNet),147.37393124473047,203.33268331091796,55.958752066187486,0.12457899829970401,0.0,0.0,False
8,0,supervised,Supervised Regression (FullNet),147.37393124473047,53.82535232884217,-93.5485789158883,-0.20826390552665847,4722.777916901462,0.8687985391763491,True
8,0,cube,Inner Approx. (Cube),147.37393124473047,172.16975536071072,24.795824115980253,0.055202069673226044,0.0,0.0,False
8,0,power_energy,Outer Approx. (Power-Energy),147.37393124473047,80.38005510053533,-66.99387614419514,-0.14914610626746397,3743.906424501402,0.5934620766176452,True
8,1,fullnet,Learned Polytope Approx. (FullNet),137.9642088387323,196.65923136029934,58.69502252156704,0.13196294962001154,0.0,0.0,False
8,1,supervised,Supervised Regression (FullNet),137.9642088387323,45.946110727450865,-92.01809811128143,-0.2068826132697447,4700.042291089312,0.8298211281693196,True
8,1,cube,Inner Approx. (Cube),137.9642088387323,177.18576215770508,39.22155331897278,0.08818110364892348,0.0,0.0,False
8,1,power_energy,Outer Approx. (Power-Energy),137.9642088387323,66.21389715438352,-71.75031168434879,-0.1613149183568804,3891.348281390058,0.5461455735091121,True
8,2,fullnet,Learned Polytope Approx. (FullNet),147.81783758053683,208.86363150135412,61.04579392081729,0.1253073257723747,0.0,0.0,False
8,2,supervised,Supervised Regression (FullNet),147.81783758053683,44.18841777391974,-103.6294198066171,-0.21271777518617443,4700.042291089312,0.8298211281693196,True
8,2,cube,Inner Approx. (Cube),147.81783758053683,189.00146097402128,41.18362339348445,0.08453669584096149,0.0,0.0,False
8,2,power_energy,Outer Approx. (Power-Energy),147.81783758053683,69.470861298426,-78.34697628211083,-0.16082107299640042,3891.348281390058,0.5461455735091121,True
8,3,fullnet,Learned Polytope Approx. (FullNet),149.053925621448,210.5166305599644,61.462704938516396,0.1270269265706022,0.0,0.0,False
8,3,supervised,Supervised Regression (FullNet),149.053925621448,42.448774183426885,-106.60515143802112,-0.22032425610476739,4700.042291089312,0.8298211281693196,True
8,3,cube,Inner Approx. (Cube),149.053925621448,187.17520600665688,38.12128038520888,0.07878646228006629,0.0,0.0,False
8,3,power_energy,Outer Approx. (Power-Energy),149.053925621448,71.64552701763027,-77.40839860381773,-0.15998239867951394,3707.7772333951198,0.5192351614732125,True
8,4,fullnet,Learned Polytope Approx. (FullNet),153.99393753759085,203.36417596218706,49.37023842459621,0.10541310182435337,0.0,0.0,False
8,4,supervised,Supervised Regression (FullNet),153.99393753759085,49.280148666199125,-104.71378887139173,-0.2235801495180674,4773.39872634704,0.8746660697375152,True
8,4,cube,Inner Approx. (Cube),153.99393753759085,177.6761168665804,23.682179328989548,0.050565119000633825,0.0,0.0,False
8,4,power_energy,Outer Approx. (Power-Energy),153.99393753759085,86.04218530501267,-67.95175223257819,-0.14508751032620887,3937.718541202099,0.5664158242095667,True
8,5,fullnet,Learned Polytope Approx. (FullNet),124.7259542324239,165.77158233502882,41.04562810260492,0.10729243927077418,0.0,0.0,False
8,5,supervised,Supervised Regression (FullNet),124.7259542324239,36.649770342849195,-88.07618388957471,-0.2302293581073012,4772.4334622054075,0.8744809349320327,True
8,5,cube,Inner Approx. (Cube),124.7259542324239,150.32313155064898,25.59717731822508,0.06691050228427631,0.0,0.0,False
8,5,power_energy,Outer Approx. (Power-Energy),124.7259542324239,65.64597953270581,-59.07997469971809,-0.1544338554581917,3979.1569555047936,0.614573365416092,True
8,6,fullnet,Learned Polytope Approx. (FullNet),153.42451526176268,203.89034733305647,50.46583207129379,0.1066898280551224,0.0,0.0,False
8,6,supervised,Supervised Regression (FullNet),153.42451526176268,45.04321314409563,-108.38130211766705,-0.22912893759462244,4773.39872634704,0.8746660697375152,True
8,6,cube,Inner Approx. (Cube),153.42451526176268,180.34256662544658,26.9180513636839,0.05690745904106446,0.0,0.0,False
8,6,power_energy,Outer Approx. (Power-Energy),153.42451526176268,82.13192752162757,-71.2925877401351,-0.15071967736218764,3937.718541202099,0.5664158242095667,True
8,7,fullnet,Learned Polytope Approx. (FullNet),134.60232095770448,182.755480425869,48.15315946816452,0.11456454347621653,0.0,0.0,False
8,7,supervised,Supervised Regression (FullNet),134.60232095770448,46.15716600611748,-88.445154951587,-0.2104260428936301,4773.39872634704,0.8746660697375152,True
8,7,cube,Inner Approx. (Cube),134.60232095770448,160.52749984576297,25.925178888058497,0.061680403044234174,0.0,0.0,False
8,7,power_energy,Outer Approx. (Power-Energy),134.60232095770448,72.77556465274081,-61.826756304963666,-0.1470963523250502,3912.091159832072,0.5888163150741449,True
8,8,fullnet,Learned Polytope Approx. (FullNet),115.91927907228839,159.16410512976609,43.244826057477695,0.12132874632611934,0.0,0.0,False
8,8,supervised,Supervised Regression (FullNet),115.91927907228839,46.63758857403056,-69.28169049825783,-0.1943784128148744,4724.748800435952,0.8691440055873882,True
8,8,cube,Inner Approx. (Cube),115.91927907228839,137.12981525237214,21.21053618008375,0.05950880135843138,0.0,0.0,False
8,8,power_energy,Outer Approx. (Power-Energy),115.91927907228839,66.22174177702908,-49.69753729525931,-0.13943263149018348,4443.706801356445,0.7363527164011522,True
8,9,fullnet,Learned Polytope Approx. (FullNet),106.49364157678328,152.62090927443876,46.12726769765548,0.1327503568422423,0.0,0.0,False
8,9,supervised,Supervised Regression (FullNet),106.49364157678328,38.741270210450324,-67.75237136633295,-0.1949855676417176,4693.54357962025,0.8287223364545593,True
8,9,cube,Inner Approx. (Cube),106.49364157678328,139.24927832371358,32.75563674693031,0.0942679391992445,0.0,0.0,False
8,9,power_energy,Outer Approx. (Power-Energy),106.49364157678328,53.88285228159299,-52.61078929519029,-0.1514093810729551,3647.4329134417053,0.5733405765395788,True
8,10,fullnet,Learned Polytope Approx. (FullNet),117.48144310631119,172.10160583894853,54.62016273263734,0.13658598680672043,0.0,0.0,False
8,10,supervised,Supervised Regression (FullNet),117.48144310631119,39.16457367333839,-78.3168694329728,-0.19584318976632906,4647.864877715651,0.8342749414253753,True
8,10,cube,Inner Approx. (Cube),117.48144310631119,163.09264878177328,45.61120567546209,0.11405772566299471,0.0,0.0,False
8,10,power_energy,Outer Approx. (Power-Energy),117.48144310631119,53.769678731877754,-63.711764374433436,-0.15932091324728762,4167.435705996535,0.5848940776128094,True
8,11,fullnet,Learned Polytope Approx. (FullNet),141.51406850675403,183.01925419132627,41.50518568457224,0.09765224336930059,0.0,0.0,False
8,11,supervised,Supervised Regression (FullNet),141.51406850675403,57.427870951115295,-84.08619755563873,-0.19783566058721389,4722.777916901462,0.8687985391763491,True
8,11,cube,Inner Approx. (Cube),141.51406850675403,159.12909146703473,17.615022960280697,0.04144413476778008,0.0,0.0,False
8,11,power_energy,Outer Approx. (Power-Energy),141.51406850675403,86.74262899495977,-54.771439511794256,-0.1288647154006289,4023.2467112936965,0.6200466590271668,True
8,12,fullnet,Learned Polytope Approx. (FullNet),164.7513017561615,194.9320819266125,30.180780170451015,0.060030756112505655,0.0,0.0,False
8,12,supervised,Supervised Regression (FullNet),164.7513017561615,50.47512520704706,-114.27617654911444,-0.22729979957927016,4711.315096887727,0.8661063707766571,True
8,12,cube,Inner Approx. (Cube),164.7513017561615,179.1379219700179,14.386620213856418,0.028615552164778665,0.0,0.0,False
8,12,power_energy,Outer Approx. (Power-Energy),164.7513017561615,99.72962050571381,-65.02168125044768,-0.12933067558645475,3203.4532103398406,0.37752866090816384,True
8,13,fullnet,Learned Polytope Approx. (FullNet),86.57703315854314,110.72635305512986,24.149319896586718,0.08947941417035578,0.0,0.0,False
8,13,supervised,Supervised Regression (FullNet),86.57703315854314,50.91617733383683,-35.66085582470632,-0.13213260256075562,4237.527957835583,0.7497840522090946,True
8,13,cube,Inner Approx. (Cube),86.57703315854314,91.74544907176657,5.168415913223427,0.019150304442707804,0.0,0.0,False
8,13,power_energy,Outer Approx. (Power-Energy),86.57703315854314,48.080407695972355,-38.49662546257079,-0.14263985522893777,4704.544169721065,0.7739317287952217,True
8,14,fullnet,Learned Polytope Approx. (FullNet),72.66574915397945,105.86841916808636,33.202670014106914,0.13297177047703818,0.0,0.0,False
8,14,supervised,Supervised Regression (FullNet),72.66574915397945,42.63847538166817,-30.027273772311275,-0.12025477934173787,3747.1965985020306,0.5590985728244523,True
8,14,cube,Inner Approx. (Cube),72.66574915397945,94.43912257145253,21.77337341747308,0.08719913221885361,0.0,0.0,False
8,14,power_energy,Outer Approx. (Power-Energy),72.66574915397945,29.350882230313072,-43.31486692366637,-0.17346961977365366,5016.2483908426475,0.8050021615547098,True
9,0,fullnet,Learned Polytope Approx. (FullNet),112.99464292749764,175.2044648912235,62.20982196372586,0.12974744190738954,0.0,0.0,False
9,0,supervised,Supervised Regression (FullNet),112.99464292749764,26.016977674101945,-86.97766525339568,-0.18140430583912645,4246.333602064427,1.0664326181615849,True
9,0,cube,Inner Approx. (Cube),112.99464292749764,142.33556938499663,29.340926457498995,0.06119468005025194,0.0,0.0,False
9,0,power_energy,Outer Approx. (Power-Energy),112.99464292749764,55.27036212321839,-57.724280804279246,-0.12039220711266763,3770.797972260721,0.6050496329030868,True
9,1,fullnet,Learned Polytope Approx. (FullNet),101.79754362693735,164.59725859974554,62.79971497280819,0.13224010896085528,0.9863668812926107,0.00011621007795890802,True
9,1,supervised,Supervised Regression (FullNet),101.79754362693735,20.082609971680302,-81.71493365525706,-0.17207071297981474,4354.58736650764,1.0936297963027992,True
9,1,cube,Inner Approx. (Cube),101.79754362693735,146.97144473866084,45.17390111172348,0.09512466111968543,0.0,0.0,False
9,1,power_energy,Outer Approx. (Power-Energy),101.79754362693735,43.55531124056018,-58.242232386377175,-0.12264321836863212,3324.4209935415,0.5424653921697318,True
9,2,fullnet,Learned Polytope Approx. (FullNet),110.2445889840877,176.37390298448165,66.12931400039395,0.12684633684496543,0.0,0.0,False
9,2,supervised,Supervised Regression (FullNet),110.2445889840877,18.95092453340147,-91.29366445068624,-0.17511548528469545,4246.333602064427,1.0664326181615849,True
9,2,cube,Inner Approx. (Cube),110.2445889840877,160.94004204342252,50.695453059334824,0.09724178471342089,0.0,0.0,False
9,2,power_energy,Outer Approx. (Power-Energy),110.2445889840877,41.79507479509257,-68.44951418899512,-0.13129684263229754,3655.8298547685267,0.5258364487650777,True
9,3,fullnet,Learned Polytope Approx. (FullNet),111.31430827506527,178.49007417055682,67.17576589549155,0.12985632971832456,0.0,0.0,False
9,3,supervised,Supervised Regression (FullNet),111.31430827506527,17.655363902182053,-93.65894437288321,-0.1810505112882025,4354.58736650764,1.0936297963027992,True
9,3,cube,Inner Approx. (Cube),111.31430827506527,157.2346060495012,45.92029777443592,0.08876774606243829,0.0,0.0,False
9,3,power_energy,Outer Approx. (Power-Energy),111.31430827506527,42.74463321209452,-68.56967506297076,-0.13255087180558825,3655.8298547685267,0.5258364487650777,True
9,4,fullnet,Learned Polytope Approx. (FullNet),119.2364042228934,175.4725594723708,56.23615524947739,0.11227326564053561,0.0,0.0,False
9,4,supervised,Supervised Regression (FullNet),119.2364042228934,18.7586461239282,-100.4777580989652,-0.20059988055665368,4488.835787115346,1.1134453611866837,True
9,4,cube,Inner Approx. (Cube),119.2364042228934,146.16031457228308,26.923910349389686,0.053752524960658396,0.0,0.0,False
9,4,power_energy,Outer Approx. (Power-Energy),119.2364042228934,58.274248550566774,-60.962155672326624,-0.12170853906095257,3590.012861645054,0.550749644021007,True
9,5,fullnet,Learned Polytope Approx. (FullNet),96.17930355940206,143.61378790793574,47.43448434853369,0.1160311211647211,0.0,0.0,False
9,5,supervised,Supervised Regression (FullNet),96.17930355940206,10.309949750540651,-85.8693538088614,-0.2100479752857332,4522.298354493204,1.1213217900076775,True
9,5,cube,Inner Approx. (Cube),96.17930355940206,122.03954676037795,25.860243200975887,0.06325762898894766,0.0,0.0,False
9,5,power_energy,Outer Approx. (Power-Energy),96.17930355940206,43.33302009185287,-52.846283467549185,-0.12926910884228776,3609.212483153931,0.5757135671321109,True
9,6,fullnet,Learned Polytope Approx. (FullNet),118.565873013839,177.12073653105423,58.55486351721524,0.11564738132980901,0.0,0.0,False
9,6,supervised,Supervised Regression (FullNet),118.565873013839,15.423047085416865,-103.14282592842213,-0.2037097690112698,4488.835787115346,1.1134453611866837,True
9,6,cube,Inner Approx. (Cube),118.565873013839,149.0954884145222,30.529615400683213,0.060296785988702674,0.0,0.0,False
9,6,power_energy,Outer Approx. (Power-Energy),118.565873013839,54.30494142461715,-64.26093158922185,-0.1269170144666566,3609.8048173447587,0.5432843479913465,True
9,7,fullnet,Learned Polytope Approx. (FullNet),103.19012382814688,156.79933283221794,53.60920900407106,0.11921149082911765,0.0,0.0,False
9,7,supervised,Supervised Regression (FullNet),103.19012382814688,17.312504928886447,-85.87761889926043,-0.19096717090263737,4488.835787115346,1.1134453611866837,True
9,7,cube,Inner Approx. (Cube),103.19012382814688,131.80475877520422,28.61463494705734,0.06363073350533172,0.0,0.0,False
9,7,power_energy,Outer Approx. (Power-Energy),103.19012382814688,48.63844760196537,-54.55167622618151,-0.1213072673699883,3605.5217329895017,0.5491097315549319,True
9,8,fullnet,Learned Polytope Approx. (FullNet),88.97119943319365,135.712885007698,46.741685574504345,0.12305674267616026,0.0,0.0,False
9,8,supervised,Supervised Regression (FullNet),88.97119943319365,23.35292059016407,-65.61827884302957,-0.1727531122421412,4485.0004445052655,1.1120711353621524,True
9,8,cube,Inner Approx. (Cube),88.97119943319365,112.2944153312882,23.32321589809456,0.06140298412169076,0.0,0.0,False
9,8,power_energy,Outer Approx. (Power-Energy),88.97119943319365,46.40298199024457,-42.56821744294908,-0.11206926142426282,3958.8798237175843,0.6891085718374721,True
9,9,fullnet,Learned Polytope Approx. (FullNet),79.1447289966585,127.42481269211612,48.28008369545762,0.13028627913415014,0.0,0.0,False
9,9,supervised,Supervised Regression (FullNet),79.1447289966585,17.078800355466228,-62.06592864119227,-0.1674880879385761,4532.489499590339,1.1489521412253842,True
9,9,cube,Inner Approx. (Cube),79.1447289966585,114.43149519632348,35.28676619966498,0.09522314625282197,0.0,0.0,False
9,9,power_energy,Outer Approx. (Power-Energy),79.1447289966585,36.10355559972217,-43.04117339693633,-0.11614881131579721,3506.0140911305207,0.5626923749287736,True
9,10,fullnet,Learned Polytope Approx. (FullNet),85.25074075646491,140.64910871492424,55.39836795845933,0.12991624647689481,0.0,0.0,False
9,10,supervised,Supervised Regression (FullNet),85.25074075646491,15.41018621194537,-69.84055454451953,-0.16378501809101229,4523.152220764567,1.1465853714451002,True
9,10,cube,Inner Approx. (Cube),85.25074075646491,133.32980117409605,48.07906041763114,0.11275153571813269,0.0,0.0,False
9,10,power_energy,Outer Approx. (Power-Energy),85.25074075646491,34.26255692947028,-50.98818382699463,-0.11957380156838252,3876.702858645079,0.5550651057401038,True
9,11,fullnet,Learned Polytope Approx. (FullNet),110.86086814497523,157.70714779899896,46.84627965402373,0.10360503726284478,0.0,0.0,False
9,11,supervised,Supervised Regression (FullNet),110.86086814497523,28.466088915916522,-82.39477922905871,-0.18222395108716552,4161.067463738625,1.0450183012273313,True
9,11,cube,Inner Approx. (Cube),110.86086814497523,127.4792371755692,16.618369030593968,0.03675311583711876,0.0,0.0,False
9,11,power_energy,Outer Approx. (Power-Energy),110.86086814497523,62.647938068356204,-48.212930076619024,-0.1066275156539566,3646.5787052911637,0.5696274657181603,True
9,12,fullnet,Learned Polytope Approx. (FullNet),129.82959903107508,165.03530432487634,35.20570529380126,0.06547445214357604,106.21548116096096,0.01224325366856731,True
9,12,supervised,Supervised Regression (FullNet),129.82959903107508,23.847245983781306,-105.98235304729377,-0.19710261290747114,4151.401050053402,1.0297109839535132,True
9,12,cube,Inner Approx. (Cube),129.82959903107508,148.81338693693652,18.983787905861448,0.03530544559108641,0.0,0.0,False
9,12,power_energy,Outer Approx. (Power-Energy),129.82959903107508,67.78697225520719,-62.04262677586789,-0.11538490604855324,3278.0107549108147,0.4082760657202632,True
9,13,fullnet,Learned Polytope Approx. (FullNet),64.0864018345529,91.08847175844977,27.00206992389687,0.0943085992978302,0.0,0.0,False
9,13,supervised,Supervised Regression (FullNet),64.0864018345529,27.57678177386699,-36.50962006068591,-0.12751508082615695,4068.46904484417,1.0221397397255214,True
9,13,cube,Inner Approx. (Cube),64.0864018345529,70.24443974356576,6.158037909012862,0.021507830001875977,0.0,0.0,False
9,13,power_energy,Outer Approx. (Power-Energy),64.0864018345529,30.798896598233714,-33.28750523631919,-0.11626138299042653,3855.765878721439,0.7393076742269666,True
9,14,fullnet,Learned Polytope Approx. (FullNet),49.665512573156136,84.37650797452162,34.71099540136548,0.13215303802919845,0.0,0.0,False
9,14,supervised,Supervised Regression (FullNet),49.665512573156136,25.7082458509711,-23.957266722185036,-0.09121102819448453,3273.0794281568164,0.6317027226890114,True
9,14,cube,Inner Approx. (Cube),49.665512573156136,65.11630106891477,15.45078849575863,0.05882483680029435,0.0,0.0,False
9,14,power_energy,Outer Approx. (Power-Energy),49.665512573156136,15.14693511750771,-34.518577455648426,-0.13142045701837426,4153.424543622141,0.6809538110775205,True
