xi_index,xi_id,ev_count,error_feas,error_opt
0,0,80,4.085294335591018e-11,0.23733759662497564
1,1,80,0.00010112463137435059,0.2096088432460858
2,2,80,6.859596418834632e-10,0.18679960990675135
3,3,80,1.2025505263579298e-05,0.213395392569236
4,4,80,7.696680432514376e-10,0.198275994029748
5,5,80,2.172835117905907e-09,0.18722371896736317
6,6,80,2.860934253912937e-10,0.16334426064249258
7,7,80,4.824825354796208e-10,0.22227774174406756
8,8,80,4.840350891907389e-10,0.22164471696546234
9,9,80,9.398116904197346e-10,0.2051940431055911
10,10,80,1.670610280667785e-10,0.23143177585872482
11,11,80,8.874440568698594e-10,0.18980023476826482
12,12,80,1.0355524871017654e-08,0.2116730987849405
13,13,80,3.742651480257521e-10,0.19866781217752733
14,14,80,2.9684953090032027e-10,0.2171524791769376
15,15,80,5.714595083024136e-10,0.1978912311887602
16,16,80,4.086178411312126e-09,0.24726725262639088
17,17,80,1.3228174615175848e-10,0.2179634967591153
18,18,80,4.718216999997897e-09,0.20368052830706737
19,19,80,8.980490576631974e-10,0.19737455873901177
20,20,80,9.41069737807556e-10,0.20144368998882628
21,21,80,2.3741496140445707e-10,0.21603006718833911
22,22,80,2.8074292087263357e-08,0.21694402516616645
23,23,80,1.5451073663360805e-10,0.1870019747755425
24,24,80,7.467135386508775e-11,0.1527538080046822
25,25,80,3.4406058056445326e-10,0.20815697651325799
26,26,80,6.044710381985882e-10,0.1897165430520308
27,27,80,1.3005655303542466e-10,0.21609155222479184
28,28,80,2.904304910954911e-10,0.202462638416307
29,29,80,4.6127516811570035e-11,0.21571704011633397
30,30,80,1.2845725867191165e-09,0.20524835121655727
31,31,80,2.1317561116933855e-09,0.22426041404142238
32,32,80,1.9929628211117968e-09,0.22683541018924128
33,33,80,1.9072356968715954e-10,0.20740520843488128
34,34,80,9.820796819696006e-11,0.21360736763353164
35,35,80,5.309309362218663e-10,0.21365075355122493
36,36,80,1.9680040951049126e-10,0.21736285463570865
37,37,80,3.55351747734575e-11,0.2065625699849792
38,38,80,1.6712962984376617e-09,0.21376663009933114
39,39,80,2.0614148047624645e-10,0.1696177030388218
40,40,80,3.665822927769113e-10,0.19480366962364287
41,41,80,2.1550644499798333e-10,0.2081827304287506
42,42,80,2.726230887317581e-10,0.19576218772789117
43,43,80,9.107799182698162e-07,0.18292241166283846
44,44,80,3.275542193509443e-10,0.2183566899362957
45,45,80,3.815681676592173e-06,0.24801383343422606
46,46,80,5.687840381029369e-10,0.21675872640449745
47,47,80,5.738256035406194e-10,0.23851585946751724
48,48,80,9.99815272301114e-10,0.18555599365443165
49,49,80,2.555992440212385e-10,0.17727059434180817
