mode,sample_index,model_id,ev_count,error_feas,error_opt
interpolation,0,0,96,0.00013237800402649843,0.26303961798694925
interpolation,1,1,82,1.3238979669308596e-10,0.15423317361560737
interpolation,2,2,73,9.57736866842707e-10,0.18603202070842437
interpolation,3,3,74,3.695540976280637e-10,0.2706264528608545
interpolation,4,4,60,3.683466214902433e-11,0.1921212075123062
interpolation,5,5,78,3.6289229729825396e-09,0.19004964682125727
interpolation,6,6,86,2.9198302719077993e-10,0.18065287079886422
interpolation,7,7,68,4.507986135294937e-10,0.2291107075748812
interpolation,8,8,66,4.092489272039689e-10,0.27053718834181784
interpolation,9,9,94,6.532878689343219e-11,0.1788301731267589
interpolation,10,10,82,7.51398105409429e-11,0.1750960567631746
interpolation,11,11,66,1.919016515515129e-09,0.21583083935508643
interpolation,12,12,91,7.356450128048406e-10,0.25823749205375046
interpolation,13,13,80,1.7981724364454514e-09,0.14699282912871
interpolation,14,14,74,1.2868601441414998e-09,0.18910630986034282
interpolation,15,15,78,1.524353920722703e-09,0.18664733285717494
interpolation,16,16,90,9.396479781844594e-10,0.19404881965208615
interpolation,17,17,60,1.3373410568360096e-09,0.23695778430050957
interpolation,18,18,61,1.8156168575853573e-09,0.20695162858159186
interpolation,19,19,70,3.31686094555496e-09,0.20401064290241325
interpolation,20,20,67,2.0981433278258867e-10,0.1903441365950081
interpolation,21,21,71,8.88924486726161e-11,0.20270000911292194
interpolation,22,22,92,1.216570270412158e-09,0.2059679999280803
interpolation,23,23,79,6.998671684782578e-10,0.15325553685695747
interpolation,24,24,95,4.9870488105994835e-11,0.1752170735073218
interpolation,25,25,83,5.428167135319382e-11,0.19295727243047794
interpolation,26,26,72,1.282867797877084e-09,0.14596665231000056
interpolation,27,27,70,6.013538491084905e-10,0.17802327251581246
interpolation,28,28,81,2.623548806604986e-10,0.19527846380897734
interpolation,29,29,84,6.635293321368244e-10,0.20007000559278013
interpolation,30,30,84,8.272541401619554e-10,0.2187769147441167
interpolation,31,31,90,9.172911918746688e-10,0.16449970600384542
interpolation,32,32,66,5.538550272766481e-11,0.24690675901431317
interpolation,33,33,93,1.370508375717487e-10,0.22421623841445903
interpolation,34,34,65,3.86197722528971e-10,0.26126093115965654
interpolation,35,35,98,2.61637202420895e-10,0.23296658460216632
interpolation,36,36,72,2.827588666966083e-10,0.25897285630973305
interpolation,37,37,75,2.9470968599646024e-11,0.14873414665773166
interpolation,38,38,97,8.359876891582264e-10,0.2182590781003606
interpolation,39,39,69,2.0320963010625352e-10,0.18513870862750217
extrapolation,0,0,128,2.6418407605949115e-10,0.5239359530757107
extrapolation,1,1,36,3.634654596976325e-10,0.5279090471636221
extrapolation,2,2,136,3.584412227004562e-12,0.31481287026174026
extrapolation,3,3,101,4.383061590235543e-11,0.4141443904219634
extrapolation,4,4,54,3.7054269291025384e-11,0.32385249530075066
extrapolation,5,5,48,1.2744119098957993e-10,0.2583799684089505
extrapolation,6,6,123,5.818394054639706e-11,0.3197927749764343
extrapolation,7,7,49,4.53275429330385e-10,0.40621543429748064
extrapolation,8,8,131,4.057748819572106e-11,0.5465455055231172
extrapolation,9,9,137,8.398873801605106e-14,0.5339412990590967
extrapolation,10,10,56,9.630160691138363e-11,0.38340703321987163
extrapolation,11,11,50,8.622028816407298e-10,0.32172176962765126
extrapolation,12,12,113,2.32796488658849e-10,0.2847940312254652
extrapolation,13,13,31,1.139943909845751e-09,0.4074547270595216
extrapolation,14,14,35,2.287404425760005e-10,0.32370642746313355
extrapolation,15,15,57,3.047425527478497e-11,0.2288902788818529
extrapolation,16,16,51,2.8704232261776274e-10,0.33540981550095383
extrapolation,17,17,42,9.328357813859466e-10,0.4412022312092768
extrapolation,18,18,36,1.870580732254528e-05,0.18231343034306774
extrapolation,19,19,52,1.2759762257612555e-10,0.2419874723088709
extrapolation,20,20,57,2.0242606878671496e-10,0.2490883648481371
extrapolation,21,21,114,1.0778506467919858e-11,0.3998070982734732
extrapolation,22,22,49,6.808209025307936e-12,0.18302261283702756
extrapolation,23,23,111,1.233037786859629e-10,0.2363382503668759
extrapolation,24,24,46,4.652389954105026e-11,0.14840359180161475
extrapolation,25,25,121,3.268329833183715e-11,0.3011504202761008
extrapolation,26,26,44,2.0239005424789598e-10,0.4181308272134522
extrapolation,27,27,134,1.378543291823036e-12,0.5431826858815869
extrapolation,28,28,136,3.3279920366200224e-11,0.41657964776638945
extrapolation,29,29,33,1.5968644652498524e-10,0.42195732864768265
extrapolation,30,30,56,2.403525671273277e-10,0.23448209163494993
extrapolation,31,31,47,6.112684749665304e-11,0.27490328885279913
extrapolation,32,32,109,1.327412342723756e-10,0.27262524955666106
extrapolation,33,33,33,3.2873781455269505e-11,0.2582508006638457
extrapolation,34,34,133,3.726021656275905e-10,0.6553105942224045
extrapolation,35,35,52,9.847571796141501e-11,0.2793611865822897
extrapolation,36,36,121,2.6459873183258145e-11,0.48351326634775454
extrapolation,37,37,51,1.3826202510521313e-10,0.25493985694787624
extrapolation,38,38,31,4.265215840753692e-10,0.6276760688033176
extrapolation,39,39,45,4.666361636916647e-10,0.3730021171878357
