xi_id,n_ev,EV_ta,EV_td,EV_SOCa,n_tcl,TCL_H,TCL_C,TCL_Qmax,n_pv,PV_Ppanel,PV_eta,PV_energy,theta_amb_mean
0,80,8.474607603377992,18.421569228448362,0.4453434475562002,80,0.8176067499999998,60.72152777777778,20.55215805874834,20,25.389304613873385,0.8714751804905669,5.7387310403759875,-7.430684604748965
1,80,8.428244719925704,18.372373170724703,0.5029734769024367,80,0.8176067499999998,60.72152777777778,20.55215805874834,20,25.831799483030018,0.8845606916361289,5.7387310403759875,-7.430684604748965
2,80,8.549402731164964,18.423608949569267,0.4784300453215523,80,0.8176067499999998,60.72152777777778,20.55215805874834,20,21.773479258254692,0.8652820039437135,5.7387310403759875,-7.430684604748965
3,80,8.593102234544236,18.49798953020411,0.4958215792193247,80,0.8176067499999998,60.72152777777778,20.55215805874834,20,24.41353278153067,0.8856996769910392,5.7387310403759875,-7.430684604748965
4,80,8.3655890605697,18.268887021556612,0.4778287472186964,80,0.8176067499999998,60.72152777777778,20.55215805874834,20,26.645664913323166,0.8943806314867849,5.7387310403759875,-7.430684604748965
5,80,8.490914508341652,18.362056849583507,0.5076503481518992,80,0.8176067499999998,60.72152777777778,20.55215805874834,20,23.189231470750038,0.8585600564743817,5.7387310403759875,-7.430684604748965
6,80,8.461063426497992,18.31695582732479,0.5008012566224562,80,0.8176067499999998,60.72152777777778,20.55215805874834,20,26.43950126681896,0.877811604271433,5.7387310403759875,-7.430684604748965
7,80,8.500956370688565,18.240030471636942,0.4979912043602604,80,0.8176067499999998,60.72152777777778,20.55215805874834,20,24.691526266777462,0.8498262026190726,5.7387310403759875,-7.430684604748965
8,80,8.384009711835638,18.168517972573433,0.5237411561649402,80,0.8176067499999998,60.72152777777778,20.55215805874834,20,23.841918317522158,0.8651459282364687,5.7387310403759875,-7.430684604748965
9,80,8.41383240003429,18.1545541182405,0.5100104922178521,80,0.8176067499999998,60.72152777777778,20.55215805874834,20,24.362395978914957,0.8673630859965794,5.7387310403759875,-7.430684604748965
10,80,8.566413941874796,18.42114248035509,0.5047778645180511,80,0.8176067499999998,60.72152777777778,20.55215805874834,20,24.838139594292677,0.8728804871745777,5.7387310403759875,-7.430684604748965
11,80,8.393149871445619,18.31108159960082,0.46520727418396535,80,0.8176067499999998,60.72152777777778,20.55215805874834,20,23.04320233335761,0.8658276060338134,5.7387310403759875,-7.430684604748965
12,80,8.58576704322322,18.311452198726197,0.48037248576135455,80,0.8176067499999998,60.72152777777778,20.55215805874834,20,25.194224427744757,0.8560653188171246,5.7387310403759875,-7.430684604748965
13,80,8.493939801748747,18.228802405227867,0.5104262465671159,80,0.8176067499999998,60.72152777777778,20.55215805874834,20,22.644936501159872,0.8727423039518033,5.7387310403759875,-7.430684604748965
14,80,8.650317528517673,18.61536709111843,0.5209869363982476,80,0.8176067499999998,60.72152777777778,20.55215805874834,20,26.325083726861397,0.8723747247736279,5.7387310403759875,-7.430684604748965
15,80,8.377910740861875,18.239584851583228,0.4909070751782084,80,0.8176067499999998,60.72152777777778,20.55215805874834,20,24.246457068016596,0.8691268730487085,5.7387310403759875,-7.430684604748965
16,80,8.57501328115298,18.33147170463277,0.4604630387384884,80,0.8176067499999998,60.72152777777778,20.55215805874834,20,25.051560337743147,0.8720895710993088,5.7387310403759875,-7.430684604748965
17,80,8.353952167990958,18.138838868880306,0.5267253201255121,80,0.8176067499999998,60.72152777777778,20.55215805874834,20,24.997435986311054,0.8646463377438771,5.7387310403759875,-7.430684604748965
18,80,8.367372233923188,18.326632125097582,0.5162524226962159,80,0.8176067499999998,60.72152777777778,20.55215805874834,20,25.05817203851972,0.8691459393401131,5.7387310403759875,-7.430684604748965
19,80,8.56895589616388,18.437110364275412,0.5090255588133561,80,0.8176067499999998,60.72152777777778,20.55215805874834,20,28.209607297140188,0.8684269101295252,5.7387310403759875,-7.430684604748965
20,80,8.391480448946373,18.592737183184358,0.49217730743981764,80,0.8176067499999998,60.72152777777778,20.55215805874834,20,27.415316044581708,0.8813861694771618,5.7387310403759875,-7.430684604748965
21,80,8.447706224767,18.290981077465993,0.4545435510855981,80,0.8176067499999998,60.72152777777778,20.55215805874834,20,24.257328918854714,0.8744434825362232,5.7387310403759875,-7.430684604748965
22,80,8.440001432587529,18.154364159041744,0.46572124357631395,80,0.8176067499999998,60.72152777777778,20.55215805874834,20,25.378087692564485,0.8717665036323764,5.7387310403759875,-7.430684604748965
23,80,8.474224630567734,18.331323372644665,0.47540415504299405,80,0.8176067499999998,60.72152777777778,20.55215805874834,20,24.04373021783532,0.8778102414448432,5.7387310403759875,-7.430684604748965
24,80,8.473003555613857,18.19378835720223,0.4806359315820005,80,0.8176067499999998,60.72152777777778,20.55215805874834,20,24.304952499758883,0.8638542554868984,5.7387310403759875,-7.430684604748965
25,80,8.393598777863152,18.24842917145612,0.47682010190693563,80,0.8176067499999998,60.72152777777778,20.55215805874834,20,25.03613857434494,0.876443831029438,5.7387310403759875,-7.430684604748965
26,80,8.498947536742074,18.068603855847886,0.5093462098339128,80,0.8176067499999998,60.72152777777778,20.55215805874834,20,24.19728911964796,0.8731367270068995,5.7387310403759875,-7.430684604748965
27,80,8.427049529355056,18.185924887370867,0.5210775769730182,80,0.8176067499999998,60.72152777777778,20.55215805874834,20,26.490993069655353,0.8757861017609573,5.7387310403759875,-7.430684604748965
28,80,8.77980594250381,18.566548260969245,0.482410346286808,80,0.8176067499999998,60.72152777777778,20.55215805874834,20,23.680917550486303,0.8770388513772656,5.7387310403759875,-7.430684604748965
29,80,8.413444266038104,18.5330872676574,0.4942537083484762,80,0.8176067499999998,60.72152777777778,20.55215805874834,20,25.419577788688773,0.884742868516415,5.7387310403759875,-7.430684604748965
30,80,8.623781646860072,18.47981168620629,0.498374526907252,80,0.8176067499999998,60.72152777777778,20.55215805874834,20,25.623966101679553,0.8724592788891077,5.7387310403759875,-7.430684604748965
31,80,8.425118862799398,18.32485115790878,0.4486253424386903,80,0.8176067499999998,60.72152777777778,20.55215805874834,20,23.5322529084128,0.874856667361532,5.7387310403759875,-7.430684604748965
32,80,8.373773294002712,17.999656806168527,0.4952883925048395,80,0.8176067499999998,60.72152777777778,20.55215805874834,20,25.00936906988881,0.8712097052242493,5.7387310403759875,-7.430684604748965
33,80,8.562213643844682,18.3717806732173,0.473138905685103,80,0.8176067499999998,60.72152777777778,20.55215805874834,20,26.830733740045684,0.8514264897818362,5.7387310403759875,-7.430684604748965
34,80,8.545674269236597,18.581161127689974,0.4974216168739513,80,0.8176067499999998,60.72152777777778,20.55215805874834,20,25.27471482796703,0.8875379231575756,5.7387310403759875,-7.430684604748965
35,80,8.563909272375458,18.48496022516643,0.49829170800311856,80,0.8176067499999998,60.72152777777778,20.55215805874834,20,25.735599006651615,0.8659098853497756,5.7387310403759875,-7.430684604748965
36,80,8.506866613081396,18.39954095158283,0.474296588825156,80,0.8176067499999998,60.72152777777778,20.55215805874834,20,23.956916342299632,0.8683930292154949,5.7387310403759875,-7.430684604748965
37,80,8.19626362787873,17.91169957312121,0.4827534960506309,80,0.8176067499999998,60.72152777777778,20.55215805874834,20,24.99758050596485,0.8878024705341174,5.7387310403759875,-7.430684604748965
38,80,8.527215469717424,18.581887714264944,0.47214667917024383,80,0.8176067499999998,60.72152777777778,20.55215805874834,20,22.332904344087105,0.8852950849523067,5.7387310403759875,-7.430684604748965
39,80,8.683830100607574,18.51357512843784,0.4857193306059379,80,0.8176067499999998,60.72152777777778,20.55215805874834,20,24.87635304441795,0.8795189181359271,5.7387310403759875,-7.430684604748965
40,80,8.672164404282418,18.465448338086496,0.4954519631006691,80,0.8176067499999998,60.72152777777778,20.55215805874834,20,25.129600978568696,0.8803936018473513,5.7387310403759875,-7.430684604748965
41,80,8.697528998949323,18.436814350798926,0.5045142716335134,80,0.8176067499999998,60.72152777777778,20.55215805874834,20,24.581313071331188,0.8726767623148663,5.7387310403759875,-7.430684604748965
42,80,8.659279781041096,18.455925598677418,0.4753388071415593,80,0.8176067499999998,60.72152777777778,20.55215805874834,20,23.18569275707855,0.8791747398833321,5.7387310403759875,-7.430684604748965
43,80,8.550095463224114,18.467366617283442,0.5181616855050459,80,0.8176067499999998,60.72152777777778,20.55215805874834,20,28.34206769429172,0.8782377258223999,5.7387310403759875,-7.430684604748965
44,80,8.33218869776544,18.107377052638775,0.4981239837832641,80,0.8176067499999998,60.72152777777778,20.55215805874834,20,26.06074668484222,0.8654228231958248,5.7387310403759875,-7.430684604748965
45,80,8.686879715256165,18.679678271267676,0.5295708381532813,80,0.8176067499999998,60.72152777777778,20.55215805874834,20,22.691607270307685,0.8633182311168792,5.7387310403759875,-7.430684604748965
46,80,8.520056851339373,18.43188135586001,0.4902443580518717,80,0.8176067499999998,60.72152777777778,20.55215805874834,20,24.75457409064027,0.8846903095386995,5.7387310403759875,-7.430684604748965
47,80,8.59050049116497,18.335007936308152,0.49169908120091604,80,0.8176067499999998,60.72152777777778,20.55215805874834,20,26.198678879431107,0.865572751827471,5.7387310403759875,-7.430684604748965
48,80,8.492833364462598,18.482653760898575,0.4991068937812521,80,0.8176067499999998,60.72152777777778,20.55215805874834,20,25.22346301584544,0.8705335447364997,5.7387310403759875,-7.430684604748965
49,80,8.524019398731232,18.42743066700016,0.5035166510480008,80,0.8176067499999998,60.72152777777778,20.55215805874834,20,25.59241994972207,0.8842792551728798,5.7387310403759875,-7.430684604748965
