1.000000000000000000e+00,0.000000000000000000e+00,0.000000000000000000e+00,0.000000000000000000e+00,0.000000000000000000e+00,0.000000000000000000e+00,0.000000000000000000e+00,0.000000000000000000e+00,0.000000000000000000e+00,0.000000000000000000e+00,0.000000000000000000e+00,0.000000000000000000e+00,0.000000000000000000e+00,0.000000000000000000e+00,0.000000000000000000e+00,0.000000000000000000e+00,0.000000000000000000e+00,0.000000000000000000e+00,0.000000000000000000e+00,0.000000000000000000e+00,0.000000000000000000e+00,0.000000000000000000e+00,0.000000000000000000e+00,0.000000000000000000e+00
-1.266806293278932571e-02,9.936596155166625977e-01,8.856404572725296021e-02,5.357154086232185364e-02,3.337206691503524780e-02,1.561607792973518372e-02,8.470638655126094818e-03,-2.140746219083666801e-03,2.255247440189123154e-03,6.799202528782188892e-04,-2.697235904633998871e-03,6.023735273629426956e-03,-5.135394632816314697e-03,1.637729816138744354e-03,-3.360757546033710241e-05,1.640092232264578342e-03,5.141741130501031876e-03,4.219222813844680786e-03,9.916068520396947861e-04,-8.302757632918655872e-04,9.593818336725234985e-03,2.360549289733171463e-03,7.113907486200332642e-03,7.606334518641233444e-03
-1.022505294531583786e-02,9.398682415485382080e-02,9.930995702743530273e-01,5.369599163532257080e-02,3.798343241214752197e-02,1.292367000132799149e-02,8.704325184226036072e-03,2.407162217423319817e-03,4.676113836467266083e-03,-4.538806970231235027e-04,1.264391583390533924e-03,1.517191994935274124e-03,2.753780921921133995e-03,4.664266089093871415e-05,4.241025308147072792e-04,7.630488253198564053e-04,-1.309467246755957603e-03,-1.163326436653733253e-03,-1.984116621315479279e-03,2.658078446984291077e-03,2.956640208140015602e-03,-1.454855198971927166e-03,1.223589573055505753e-02,5.623357836157083511e-03
-1.380886044353246689e-02,5.690309032797813416e-02,5.703619122505187988e-02,9.950870275497436523e-01,4.808837547898292542e-02,2.335054241120815277e-02,9.475300088524818420e-03,-2.110162051394581795e-03,7.345839403569698334e-04,-1.017705770209431648e-03,1.464815926738083363e-03,6.161788478493690491e-04,3.238216973841190338e-03,-2.187293721362948418e-03,9.784077992662787437e-04,-1.266156090423464775e-03,-1.534695504233241081e-03,-3.227740060538053513e-03,-1.753561897203326225e-03,-1.181888743303716183e-03,4.601835273206233978e-03,5.344164557754993439e-03,7.597473915666341782e-03,4.620043095201253891e-03
-1.315179560333490372e-02,3.678996115922927856e-02,4.000730440020561218e-02,4.913526773452758789e-02,9.964324235916137695e-01,3.266455233097076416e-02,1.792883500456809998e-02,9.803865104913711548e-04,4.356705583631992340e-03,-1.960783964022994041e-03,5.393149331212043762e-04,2.443616045638918877e-03,3.159983083605766296e-03,2.618917496874928474e-04,-2.557340078055858612e-03,-2.180539770051836967e-03,-4.456903785467147827e-03,-4.389149136841297150e-03,-6.284381728619337082e-03,-3.285160986706614494e-03,1.787022454664111137e-03,-2.441706601530313492e-04,5.279263481497764587e-03,4.544983152300119400e-03
-8.865519426763057709e-03,2.227797172963619232e-02,2.123058028519153595e-02,2.727251686155796051e-02,4.086362197995185852e-02,9.977433085441589355e-01,2.662180550396442413e-02,9.245906025171279907e-03,8.016435429453849792e-03,-1.007620157906785607e-04,1.322276657447218895e-03,2.966239815577864647e-03,5.346294492483139038e-04,-2.773950342088937759e-03,-2.648400608450174332e-03,-5.331542808562517166e-03,-8.016919717192649841e-03,-4.299320746213197708e-03,-5.973991006612777710e-03,-3.579168813303112984e-03,-1.585043384693562984e-03,-3.727378090843558311e-03,-1.881523639895021915e-03,2.352084033191204071e-03
-6.368570495396852493e-03,1.437949948012828827e-02,1.495494507253170013e-02,1.605237275362014771e-02,2.688099816441535950e-02,3.328245878219604492e-02,9.985971450805664062e-01,9.551992639899253845e-03,2.655501943081617355e-03,-1.736928708851337433e-03,-4.607226699590682983e-03,-1.511426176875829697e-03,-7.886781822890043259e-04,-7.613851921632885933e-04,-5.954453255981206894e-03,-4.009859170764684677e-03,-6.148594897240400314e-03,-1.717521809041500092e-03,-5.484343855641782284e-04,-2.516091335564851761e-03,-2.562958979979157448e-03,-3.581123659387230873e-03,6.014533573761582375e-04,1.817263255361467600e-04
-3.060025628656148911e-03,6.637778133153915405e-03,5.285782273858785629e-03,8.901600725948810577e-03,1.147001050412654877e-02,1.798455789685249329e-02,2.524289116263389587e-02,9.992236495018005371e-01,6.212693173438310623e-03,-4.449103958904743195e-03,-8.136034011840820312e-03,-2.264261478558182716e-03,2.658426761627197266e-03,4.344739019870758057e-03,6.183909717947244644e-03,7.326682098209857941e-03,2.951446687802672386e-03,-2.472188207320868969e-04,2.992948051542043686e-03,-4.104752093553543091e-03,-1.457124017179012299e-03,-3.353221807628870010e-03,4.075885226484388113e-05,1.925941905938088894e-03
-6.083029787987470627e-03,3.101993119344115257e-03,-4.518090863712131977e-04,2.969549503177404404e-03,6.407462060451507568e-03,1.424384023994207382e-02,1.907486468553543091e-02,2.855228260159492493e-02,9.987667202949523926e-01,8.463857695460319519e-03,-7.224843138828873634e-04,8.937711245380342007e-04,9.908608160912990570e-03,6.697220262140035629e-03,1.023881603032350540e-02,1.582059264183044434e-02,9.267289191484451294e-03,1.398223545402288437e-02,1.001605764031410217e-02,4.587502684444189072e-03,-4.542114911600947380e-04,-1.302066084463149309e-04,3.496281569823622704e-04,3.449824405834078789e-03
-6.879134161863476038e-05,1.463622087612748146e-03,-2.063282998278737068e-03,4.257442895323038101e-03,4.831855650991201401e-03,-1.521792262792587280e-03,1.064155157655477524e-02,1.452167425304651260e-02,1.800352893769741058e-02,9.986937046051025391e-01,8.214254863560199738e-03,4.249017219990491867e-03,1.498421002179384232e-02,1.071059051901102066e-02,1.813620142638683319e-02,1.687773503363132477e-02,2.132848463952541351e-02,1.602795720100402832e-02,1.030591595917940140e-02,3.899558214470744133e-03,4.008217249065637589e-03,-2.112275222316384315e-03,3.755481448024511337e-03,2.418892690911889076e-03
5.153067875653505325e-03,-8.086482062935829163e-03,-1.675083301961421967e-02,8.144587045535445213e-04,7.972500170581042767e-04,3.495704848319292068e-03,-1.745318295434117317e-03,3.779742866754531860e-03,1.786384545266628265e-02,1.347999088466167450e-02,9.972673058509826660e-01,2.478370815515518188e-02,1.648866198956966400e-02,2.506090514361858368e-02,2.553937025368213654e-02,2.425071410834789276e-02,2.639060840010643005e-02,2.302641794085502625e-02,2.119962498545646667e-02,1.095874048769474030e-02,5.632946849800646305e-04,5.237847799435257912e-04,-9.008984779939055443e-04,1.309138024225831032e-03
-2.766041783615946770e-03,-3.133554244413971901e-03,-1.264536473900079727e-02,-2.756485482677817345e-03,-7.069831714034080505e-03,-2.295555546879768372e-03,2.276764484122395515e-03,6.757261697202920914e-03,1.736394688487052917e-02,1.466917525976896286e-02,2.649880759418010712e-02,9.963612556457519531e-01,3.354143723845481873e-02,3.312806785106658936e-02,2.862434834241867065e-02,3.214887529611587524e-02,2.701208554208278656e-02,2.037803083658218384e-02,1.764253154397010803e-02,5.514426156878471375e-03,-8.272614330053329468e-03,-8.766899816691875458e-03,-5.649019498378038406e-03,3.898720024153590202e-03
5.937949288636445999e-03,-2.325231675058603287e-03,-4.805641714483499527e-03,-5.129093304276466370e-03,-5.522867664694786072e-03,-2.921733306720852852e-03,2.664924599230289459e-03,4.505952354520559311e-03,1.774338632822036743e-02,1.754998974502086639e-02,1.794515550136566162e-02,2.729094587266445160e-02,9.968639016151428223e-01,3.566547483205795288e-02,3.095945157110691071e-02,2.962415665388107300e-02,2.180864848196506500e-02,2.312892675399780273e-02,1.492673344910144806e-02,3.390944562852382660e-03,-7.006892003118991852e-03,-2.194139873608946800e-03,-2.323821652680635452e-03,2.008751733228564262e-03
-2.485539764165878296e-03,-6.344935973174870014e-04,-3.073184750974178314e-03,-5.501954583451151848e-04,4.462779033929109573e-04,4.709623288363218307e-03,-2.816747175529599190e-03,1.336541678756475449e-02,1.085113547742366791e-02,4.940700251609086990e-03,1.802119053900241852e-02,1.385385729372501373e-02,2.051698789000511169e-02,9.969913959503173828e-01,3.909502178430557251e-02,3.705631196498870850e-02,2.684188261628150940e-02,2.571985311806201935e-02,1.702229864895343781e-02,4.130557179450988770e-03,-5.487062968313694000e-03,-5.902728531509637833e-03,-5.407052114605903625e-03,-4.321554210036993027e-03
2.135703573003411293e-03,-4.875890910625457764e-03,-2.287248615175485611e-03,7.129510631784796715e-04,-3.912508022040128708e-03,2.052215160802006721e-03,4.798250738531351089e-03,6.456059869378805161e-03,3.670384408906102180e-03,5.364293698221445084e-03,1.347834523767232895e-02,8.188885636627674103e-03,1.004799734801054001e-02,2.139971219003200531e-02,9.975425601005554199e-01,4.424438253045082092e-02,2.969985641539096832e-02,2.220376022160053253e-02,2.134279906749725342e-02,8.764636702835559845e-03,-1.997257582843303680e-03,-7.931022904813289642e-03,-2.588717034086585045e-03,1.397329964675009251e-03
-5.353060550987720490e-04,1.492651179432868958e-03,-3.748167073354125023e-03,-2.964108949527144432e-03,-6.084272172302007675e-04,-8.566085016354918480e-04,-1.020953874103724957e-03,9.380972012877464294e-03,8.941680192947387695e-03,9.052014909684658051e-03,7.919267751276493073e-03,6.293763406574726105e-03,2.125844359397888184e-03,7.814824581146240234e-03,3.177518770098686218e-02,9.972860217094421387e-01,4.263556003570556641e-02,3.277453407645225525e-02,2.514761872589588165e-02,1.380571257323026657e-02,7.453625556081533432e-03,2.944179577752947807e-03,-1.927202334627509117e-03,-1.350667234510183334e-02
1.158092170953750610e-03,-8.514448069036006927e-03,-6.893795449286699295e-03,-5.896863527595996857e-03,-4.782944917678833008e-03,1.580808428116142750e-03,-3.159187966957688332e-03,3.910965751856565475e-03,4.521376919001340866e-03,1.225614454597234726e-02,1.396904885768890381e-02,7.494331337511539459e-03,9.154337458312511444e-03,7.893733680248260498e-03,2.582195214927196503e-02,3.831092268228530884e-02,9.967809319496154785e-01,4.337057471275329590e-02,3.217586502432823181e-02,1.951446570456027985e-02,7.721340749412775040e-03,7.674776017665863037e-03,2.271557692438364029e-03,-9.875908493995666504e-03
3.792452393099665642e-03,2.349419984966516495e-03,-6.625738460570573807e-03,-5.942604970186948776e-03,-5.070000886917114258e-03,-2.982657868415117264e-03,-1.548548927530646324e-03,3.793633077293634415e-03,2.112449583364650607e-04,1.018614973872900009e-03,1.002715062350034714e-02,-1.213780487887561321e-04,5.826868116855621338e-03,8.648183196783065796e-03,1.527740247547626495e-02,1.834451220929622650e-02,3.592142462730407715e-02,9.973933696746826172e-01,4.294206947088241577e-02,2.636177279055118561e-02,1.661809533834457397e-02,1.130718924105167389e-02,6.498113740235567093e-03,-4.225574957672506571e-04
1.087394426576793194e-03,-5.439708475023508072e-03,-9.788028895854949951e-03,-5.625876132398843765e-03,-5.646458594128489494e-04,-3.549324814230203629e-03,-2.829574514180421829e-03,1.561174052767455578e-03,-1.276098308153450489e-03,1.427477807737886906e-03,6.077231839299201965e-03,4.667431581765413284e-03,5.164382047951221466e-03,5.951225291937589645e-03,5.980235990136861801e-03,2.020908333361148834e-02,2.334825135767459869e-02,3.247435763478279114e-02,9.970392584800720215e-01,4.571238532662391663e-02,3.027654811739921570e-02,2.026250585913658142e-02,1.028519589453935623e-02,6.335528101772069931e-03
2.201368566602468491e-03,-7.276693824678659439e-03,-8.328410913236439228e-04,3.238383214920759201e-04,2.137948758900165558e-03,1.234783208929002285e-03,-1.216157907037995756e-04,-3.803892526775598526e-03,-1.348472200334072113e-03,-2.067998517304658890e-03,5.786912515759468079e-03,1.705693663097918034e-03,2.554600359871983528e-03,2.396583295194432139e-04,5.169541109353303909e-03,9.095687419176101685e-03,1.863250508904457092e-02,2.611426822841167450e-02,3.316394239664077759e-02,9.970940947532653809e-01,4.290443658828735352e-02,3.241712972521781921e-02,2.266064099967479706e-02,5.615415982902050018e-03
4.632413852959871292e-03,4.982490558177232742e-03,-9.740039822645485401e-04,4.792030435055494308e-03,9.828786278376355767e-05,2.309075207449495792e-04,-4.011177807115018368e-04,-8.241142495535314083e-04,-3.711411962285637856e-03,-2.909784903749823570e-03,-4.970550537109375000e-03,-5.049210507422685623e-03,-6.426513660699129105e-03,-4.307910334318876266e-03,-3.258968004956841469e-03,-9.293517214246094227e-04,8.379898034036159515e-03,1.038636639714241028e-02,1.949316635727882385e-02,3.072363510727882385e-02,9.976865649223327637e-01,4.070896655321121216e-02,3.230561316013336182e-02,1.428175624459981918e-02
3.590584499761462212e-03,2.743944991379976273e-03,-5.171776865608990192e-04,3.631663508713245392e-03,2.082156483083963394e-03,-5.957741523161530495e-04,1.518359524197876453e-03,-8.589794742874801159e-04,-1.071684760972857475e-03,-3.635979956015944481e-03,-5.930868908762931824e-03,-3.011297201737761497e-03,-6.588626652956008911e-03,-4.445909988135099411e-03,-3.475882578641176224e-03,3.853340749628841877e-04,6.814325693994760513e-03,7.561460137367248535e-03,1.274558342993259430e-02,2.307175286114215851e-02,4.066351801156997681e-02,9.976856112480163574e-01,4.020565375685691833e-02,1.947644539177417755e-02
4.800614900887012482e-03,8.518846589140594006e-04,-1.441459753550589085e-03,3.604469820857048035e-03,1.615732442587614059e-03,3.317652968689799309e-03,2.504694508388638496e-03,-2.675583120435476303e-03,-1.913105254061520100e-03,-2.965955296531319618e-03,-2.204622142016887665e-03,-2.727887127548456192e-03,-5.894618574529886246e-03,-5.635683424770832062e-03,-1.291188411414623260e-03,-2.152527449652552605e-04,3.937820903956890106e-03,1.386840478517115116e-03,7.819662801921367645e-03,1.845533773303031921e-02,3.349324688315391541e-02,4.484129324555397034e-02,9.978852868080139160e-01,2.268083766102790833e-02
2.009587828069925308e-03,3.309510648250579834e-03,1.085098992916755378e-04,3.159558400511741638e-03,1.059521571733057499e-03,2.525599906221032143e-03,1.698434934951364994e-03,4.242569557391107082e-04,-3.512148396112024784e-04,-2.012757118791341782e-03,-2.310576383024454117e-03,-1.485167420469224453e-03,-2.967355540022253990e-03,-2.712813671678304672e-03,-2.623347099870443344e-03,5.172390956431627274e-04,1.208023633807897568e-03,-1.985451381187886000e-04,2.598207676783204079e-03,7.271420676261186600e-03,1.777378842234611511e-02,2.473752573132514954e-02,3.141260892152786255e-02,9.989762902259826660e-01
-1.000000000000000000e+00,0.000000000000000000e+00,0.000000000000000000e+00,0.000000000000000000e+00,0.000000000000000000e+00,0.000000000000000000e+00,0.000000000000000000e+00,0.000000000000000000e+00,0.000000000000000000e+00,0.000000000000000000e+00,0.000000000000000000e+00,0.000000000000000000e+00,0.000000000000000000e+00,0.000000000000000000e+00,0.000000000000000000e+00,0.000000000000000000e+00,0.000000000000000000e+00,0.000000000000000000e+00,0.000000000000000000e+00,0.000000000000000000e+00,0.000000000000000000e+00,0.000000000000000000e+00,0.000000000000000000e+00,0.000000000000000000e+00
1.739672385156154633e-02,-9.945665001869201660e-01,-7.253337651491165161e-02,-2.705978415906429291e-02,2.660030266270041466e-03,1.481415424495935440e-02,2.147740125656127930e-02,1.528269425034523010e-02,1.898989267647266388e-02,1.742777414619922638e-02,1.811221614480018616e-02,1.771562732756137848e-02,1.536012440919876099e-02,1.584606245160102844e-02,1.641743630170822144e-02,1.061633694916963577e-02,1.723216101527214050e-02,9.169434197247028351e-03,1.690993830561637878e-02,1.178837567567825317e-02,1.328875683248043060e-02,1.142977178096771240e-02,1.279625296592712402e-02,1.295352820307016373e-02
1.392903644591569901e-02,-6.757758557796478271e-02,-9.952949881553649902e-01,-2.768419124186038971e-02,1.241467776708304882e-03,9.365930221974849701e-03,1.658960431814193726e-02,1.683921553194522858e-02,1.792590320110321045e-02,1.604838669300079346e-02,1.345105655491352081e-02,1.577576436102390289e-02,1.478189602494239807e-02,1.828223094344139099e-02,1.313554495573043823e-02,1.181808114051818848e-02,1.282266620546579361e-02,1.683769561350345612e-02,1.214604638516902924e-02,1.574898697435855865e-02,9.408141486346721649e-03,1.210858579725027084e-02,8.886934258043766022e-03,1.346844434738159180e-02
1.323088910430669785e-02,-4.114829376339912415e-02,-3.784736990928649902e-02,-9.964364171028137207e-01,-2.054630778729915619e-02,6.585655733942985535e-03,1.470871828496456146e-02,1.856915280222892761e-02,1.015264540910720825e-02,1.655173860490322113e-02,1.236974261701107025e-02,1.633864827454090118e-02,1.311436109244823456e-02,1.115049235522747040e-02,1.411469466984272003e-02,1.279883552342653275e-02,1.258442271500825882e-02,1.190715655684471130e-02,1.666050776839256287e-02,1.370985526591539383e-02,1.038820575922727585e-02,1.358966715633869171e-02,9.026167914271354675e-03,1.382072269916534424e-02
9.109649807214736938e-03,-1.363204512745141983e-02,-1.666971296072006226e-02,-2.793796546757221222e-02,-9.982845783233642578e-01,-1.354417391121387482e-02,4.375630524009466171e-03,7.064982317388057709e-03,1.497913245111703873e-02,1.138649601489305496e-02,1.518109906464815140e-02,1.227591093629598618e-02,1.375962048768997192e-02,8.633056655526161194e-03,1.428600214421749115e-02,9.088501334190368652e-03,1.091412734240293503e-02,1.168085727840662003e-02,9.685174562036991119e-03,1.142244227230548859e-02,-2.993535017594695091e-03,1.006595557555556297e-03,3.233191557228565216e-03,7.873467169702053070e-03
2.054698066785931587e-03,-1.440815394744277000e-03,-5.213935393840074539e-03,-1.098045427352190018e-02,-1.884638704359531403e-02,-9.990532994270324707e-01,-9.946825914084911346e-03,2.217944012954831123e-03,9.469415061175823212e-03,8.084114640951156616e-03,1.315694488584995270e-02,1.016612071543931961e-02,1.108544226735830307e-02,6.782282143831253052e-03,9.204055182635784149e-03,1.409517321735620499e-02,7.472851779311895370e-03,8.395914919674396515e-03,9.975017048418521881e-03,6.576682440936565399e-03,3.836080664768815041e-03,1.418521977029740810e-03,9.116700850427150726e-03,5.176833830773830414e-03
1.305479963775724173e-04,-8.239686721935868263e-04,7.031281711533665657e-04,4.745528858620673418e-04,-9.906389750540256500e-03,-1.733270846307277679e-02,-9.990854859352111816e-01,-1.252920087426900864e-02,1.109246164560317993e-03,8.207916282117366791e-03,1.316425297409296036e-02,1.083335932344198227e-02,1.226093806326389313e-02,8.779828436672687531e-03,1.220613345503807068e-02,1.133619341999292374e-02,1.096526067703962326e-02,9.134006686508655548e-03,9.698875248432159424e-03,9.938764851540327072e-04,5.932257510721683502e-03,6.877604871988296509e-03,3.619092982262372971e-03,3.560649696737527847e-03
2.380020683631300926e-03,-2.809583675116300583e-04,-1.444472814910113811e-03,5.569732747972011566e-04,-4.334393423050642014e-03,-1.543684862554073334e-02,-1.663439720869064331e-02,-9.989290237426757812e-01,-2.229729667305946350e-03,7.773908320814371109e-03,1.945445314049720764e-02,1.352331414818763733e-02,1.565872877836227417e-02,5.612882319837808609e-03,7.664903998374938965e-03,1.342862006276845932e-02,1.092265453189611435e-02,8.964962325990200043e-03,1.113589014858007431e-02,4.469048697501420975e-03,7.865761406719684601e-03,4.586323164403438568e-03,4.417118150740861893e-03,3.243944142013788223e-03
-2.909884089604020119e-03,-5.275069735944271088e-03,-4.717228002846240997e-03,-6.879817228764295578e-03,-3.053094260394573212e-03,-7.485626265406608582e-03,-1.516429800540208817e-02,-1.098012831062078476e-02,-9.989334344863891602e-01,9.056105278432369232e-03,2.038192562758922577e-02,1.440910808742046356e-02,9.392221458256244659e-03,1.037146057933568954e-02,9.916735813021659851e-03,1.621487550437450409e-02,5.957738496363162994e-03,8.639303967356681824e-03,1.031192950904369354e-02,8.305043913424015045e-03,4.062279127538204193e-03,4.126116633415222168e-03,1.246878644451498985e-03,5.240015219897031784e-03
-7.573987822979688644e-04,-1.796196680516004562e-03,-3.232461458537727594e-04,-3.220807295292615891e-03,-2.881469205021858215e-03,-6.125084590166807175e-03,-5.374982953071594238e-03,-2.629515947774052620e-03,1.671616570092737675e-03,-9.993888139724731445e-01,1.916430518031120300e-02,1.483434904366731644e-02,9.739432483911514282e-03,7.083734963089227676e-03,7.468449417501688004e-03,4.279972054064273834e-03,8.790271356701850891e-03,1.084355730563402176e-02,4.381965380162000656e-03,6.781205069273710251e-03,6.173603702336549759e-03,4.088941030204296112e-03,1.418050727806985378e-03,9.524264896754175425e-05
-2.292785327881574631e-03,-2.638929290696978569e-03,-4.828539211302995682e-03,9.670603903941810131e-04,3.763349726796150208e-03,-4.783502663485705853e-04,2.293671714141964912e-03,8.856954053044319153e-03,1.617077365517616272e-02,1.282171066850423813e-02,-9.994331002235412598e-01,1.506422739475965500e-02,1.228276919573545456e-02,7.875224575400352478e-03,2.772015286609530449e-03,7.118890993297100067e-03,3.830400528386235237e-03,4.078387748450040817e-03,3.590682521462440491e-03,-4.323772445786744356e-04,3.663217881694436073e-03,-9.062994504347443581e-04,3.397264750674366951e-03,2.084405394271016121e-03
-3.328543622046709061e-03,8.097690879367291927e-04,-2.892893273383378983e-03,6.149084307253360748e-03,1.886555459350347519e-03,-3.733348101377487183e-03,-6.164218299090862274e-03,6.358211860060691833e-03,1.746905222535133362e-02,1.708175614476203918e-02,1.730109192430973053e-02,-9.990620017051696777e-01,1.384281925857067108e-02,1.359480991959571838e-02,5.935205612331628799e-03,5.394625943154096603e-03,8.225462399423122406e-03,1.182248909026384354e-02,8.286044932901859283e-03,5.485197994858026505e-03,6.137750111520290375e-03,3.024879610165953636e-03,4.580773413181304932e-03,-3.217112272977828979e-03
4.786871140822768211e-04,-1.428632298484444618e-03,-2.737510250881314278e-03,-2.994563430547714233e-03,4.447194747626781464e-03,-1.220080652274191380e-03,-3.162592183798551559e-03,-2.244609175249934196e-03,8.215183392167091370e-03,8.491743355989456177e-03,1.120275072753429413e-02,6.282113492488861084e-03,-9.993315339088439941e-01,3.288945881649851799e-03,8.182713761925697327e-03,1.203310489654541016e-02,8.549180813133716583e-03,1.087396964430809021e-02,1.368905883282423019e-02,1.167854014784097672e-02,1.045601442456245422e-02,9.128699079155921936e-03,5.203037988394498825e-03,4.398765508085489273e-03
-3.635004861280322075e-03,1.464677159674465656e-03,3.897768328897655010e-04,2.627934329211711884e-03,5.312025081366300583e-03,-4.346244968473911285e-03,-9.292688919231295586e-04,-1.053420477546751499e-03,9.325743652880191803e-03,9.341446682810783386e-03,1.041199360042810440e-02,1.116450410336256027e-02,6.378401070833206177e-03,-9.995254874229431152e-01,-3.769673872739076614e-03,2.513188635930418968e-03,-1.028943341225385666e-03,5.271879956126213074e-03,5.566781852394342422e-03,6.533742882311344147e-03,9.824884124100208282e-03,8.078917860984802246e-03,4.239347763359546661e-03,1.124813221395015717e-02
-6.565188989043235779e-03,8.371188305318355560e-03,6.013227161020040512e-03,8.431584574282169342e-03,8.833527565002441406e-03,4.293411038815975189e-03,2.963040024042129517e-03,4.588047042489051819e-03,1.359431445598602295e-02,9.185853414237499237e-03,1.028295047581195831e-02,8.996212854981422424e-03,2.418515505269169807e-03,-5.985853262245655060e-03,-9.994478821754455566e-01,-1.125510875135660172e-02,-7.553283590823411942e-03,-2.304967929376289248e-04,3.328196937218308449e-03,-1.581874210387468338e-03,5.212685093283653259e-03,3.130871569737792015e-03,2.255478873848915100e-03,4.501637071371078491e-03
-4.026537761092185974e-03,1.334504596889019012e-02,9.588724933564662933e-03,1.624045893549919128e-02,8.562157861888408661e-03,1.072805747389793396e-02,1.156695280224084854e-02,1.740832254290580750e-02,1.748359762132167816e-02,2.049991302192211151e-02,1.599295251071453094e-02,1.700878702104091644e-02,1.492455042898654938e-02,9.305589832365512848e-03,-1.340133324265480042e-02,-9.980276226997375488e-01,-2.518180571496486664e-02,-1.549936365336179733e-02,-7.465987931936979294e-03,-3.461953252553939819e-03,3.117030020803213120e-03,-2.426548860967159271e-03,1.724226865917444229e-03,6.712315604090690613e-03
-3.527366206981241703e-04,1.571613177657127380e-02,1.200323645025491714e-02,1.430300716310739517e-02,1.282653026282787323e-02,7.420766633003950119e-03,1.377523690462112427e-02,1.390457060188055038e-02,2.082733809947967529e-02,2.437901869416236877e-02,2.297794446349143982e-02,2.285850793123245239e-02,2.735104784369468689e-02,1.630431227385997772e-02,1.057735458016395569e-02,-1.157349627465009689e-02,-9.969325065612792969e-01,-2.922988682985305786e-02,-1.368056517094373703e-02,-1.661468297243118286e-02,-1.489720586687326431e-02,-5.345066078007221222e-03,-2.957463962957262993e-03,-3.454904071986675262e-03
1.724656031001359224e-04,1.434413064271211624e-02,1.282995752990245819e-02,1.415701024234294891e-02,1.130113750696182251e-02,9.970450773835182190e-03,7.736647967249155045e-03,1.720805279910564423e-02,2.012145146727561951e-02,1.883252151310443878e-02,2.089326642453670502e-02,2.484327927231788635e-02,2.398772537708282471e-02,2.587248012423515320e-02,1.633462496101856232e-02,3.612081985920667648e-03,-1.607792079448699951e-02,-9.965704679489135742e-01,-2.979451790452003479e-02,-2.344458177685737610e-02,-1.655569113790988922e-02,-1.551298703998327255e-02,-8.215752430260181427e-03,-8.787507191300392151e-03
-6.955404300242662430e-03,1.332548912614583969e-02,1.167372707277536392e-02,1.336433459073305130e-02,1.932433061301708221e-02,1.015610992908477783e-02,8.876902051270008087e-03,1.809473335742950439e-02,2.528836205601692200e-02,2.536056749522686005e-02,2.704726532101631165e-02,3.021489456295967102e-02,2.930332347750663757e-02,1.833346858620643616e-02,1.897389814257621765e-02,1.125994138419628143e-02,-1.288104976993054152e-04,-1.645940169692039490e-02,-9.952119588851928711e-01,-3.863291069865226746e-02,-2.974684536457061768e-02,-2.226330712437629700e-02,-1.701726578176021576e-02,-9.342004545032978058e-03
-4.930744878947734833e-03,1.234839949756860733e-02,1.728703826665878296e-02,1.719020120799541473e-02,1.029050350189208984e-02,9.776392951607704163e-03,1.309149060398340225e-02,1.835338026285171509e-02,2.377091161906719208e-02,2.621141634881496429e-02,2.412601746618747711e-02,3.051449172198772430e-02,2.650278620421886444e-02,2.320431545376777649e-02,2.125874534249305725e-02,1.919429190456867218e-02,3.231707727536559105e-03,4.917734302580356598e-03,-2.079940959811210632e-02,-9.943849444389343262e-01,-4.497398436069488525e-02,-3.648766502737998962e-02,-2.257246524095535278e-02,-2.367441728711128235e-02
1.786592882126569748e-03,1.943410374224185944e-02,1.861159503459930420e-02,1.094107702374458313e-02,1.513567287474870682e-02,1.769503206014633179e-02,1.012343820184469223e-02,2.446231059730052948e-02,2.424269169569015503e-02,1.886276155710220337e-02,2.200881019234657288e-02,2.477179281413555145e-02,2.830495871603488922e-02,2.650826983153820038e-02,2.550333738327026367e-02,1.831168495118618011e-02,1.527852751314640045e-02,1.467453129589557648e-02,-6.773651693947613239e-04,-2.466382831335067749e-02,-9.938215613365173340e-01,-4.874261841177940369e-02,-3.594230860471725464e-02,-3.117916546761989594e-02
4.347466398030519485e-03,2.291434258222579956e-02,1.617557555437088013e-02,1.645872369408607483e-02,1.225294452160596848e-02,1.831773109734058380e-02,1.781457290053367615e-02,2.000206150114536285e-02,2.407291531562805176e-02,1.960812695324420929e-02,2.871158160269260406e-02,2.774049155414104462e-02,2.761250361800193787e-02,2.725077793002128601e-02,3.031259402632713318e-02,1.614676043391227722e-02,2.230265177786350250e-02,1.160838920623064041e-02,3.932605031877756119e-03,-4.189993254840373993e-03,-3.044547885656356812e-02,-9.926645159721374512e-01,-5.194712057709693909e-02,-5.295492336153984070e-02
-1.867998216766864061e-04,2.186407707631587982e-02,2.277841791510581970e-02,2.293034829199314117e-02,1.908836513757705688e-02,1.604388654232025146e-02,1.932157576084136963e-02,2.428605966269969940e-02,3.206020966172218323e-02,2.129521220922470093e-02,3.030622191727161407e-02,2.860541641712188721e-02,2.795472368597984314e-02,2.900908328592777252e-02,2.954283356666564941e-02,2.798755280673503876e-02,1.674205809831619263e-02,1.163401640951633453e-02,7.662741467356681824e-03,-1.374958665110170841e-03,-2.462850324809551239e-02,-5.948938429355621338e-02,-9.890729784965515137e-01,-8.664845675230026245e-02
-7.200258551165461540e-04,2.088166214525699615e-02,1.952307298779487610e-02,2.400791458785533905e-02,1.704582571983337402e-02,2.038925886154174805e-02,1.679662987589836121e-02,2.402680180966854095e-02,2.816627360880374908e-02,3.103856556117534637e-02,2.554967813193798065e-02,2.379301004111766815e-02,2.716983295977115631e-02,3.907399997115135193e-02,2.899593301117420197e-02,2.106907218694686890e-02,2.615300565958023071e-02,1.423113327473402023e-02,8.624097332358360291e-03,-2.912157913669943810e-03,-2.643289603292942047e-02,-5.709822103381156921e-02,-9.680189192295074463e-02,-9.880364537239074707e-01
1.000000000000000000e+00,0.000000000000000000e+00,0.000000000000000000e+00,0.000000000000000000e+00,0.000000000000000000e+00,0.000000000000000000e+00,0.000000000000000000e+00,0.000000000000000000e+00,0.000000000000000000e+00,0.000000000000000000e+00,0.000000000000000000e+00,0.000000000000000000e+00,0.000000000000000000e+00,0.000000000000000000e+00,0.000000000000000000e+00,0.000000000000000000e+00,0.000000000000000000e+00,0.000000000000000000e+00,0.000000000000000000e+00,0.000000000000000000e+00,0.000000000000000000e+00,0.000000000000000000e+00,0.000000000000000000e+00,0.000000000000000000e+00
7.057673335075378418e-01,7.050197720527648926e-01,6.768273189663887024e-03,9.472428821027278900e-03,-2.370449248701334000e-03,-1.302804518491029739e-02,-2.622408047318458557e-02,6.561890244483947754e-03,-2.109985239803791046e-02,-6.961439270526170731e-03,2.672965405508875847e-03,-1.850770413875579834e-02,-1.534716133028268814e-02,-1.939572207629680634e-02,-1.061016414314508438e-02,-2.253602817654609680e-02,1.231369841843843460e-02,-2.980687189847230911e-03,-2.750223688781261444e-02,-1.768573746085166931e-02,-2.388394670560956001e-03,5.383290350437164307e-03,-6.992029957473278046e-04,-2.139140293002128601e-02
5.758138895034790039e-01,5.762835144996643066e-01,5.764216780662536621e-01,1.217527128756046295e-02,-5.693192128092050552e-03,6.842056754976511002e-04,-2.486967481672763824e-03,-4.340230487287044525e-03,-9.133384563028812408e-03,5.120838992297649384e-03,-1.995845325291156769e-02,-6.962832063436508179e-03,2.836122876033186913e-03,-2.396087534725666046e-02,4.848358687013387680e-03,1.906758989207446575e-03,1.385693158954381943e-02,4.000179469585418701e-02,-1.339526381343603134e-02,-5.805395077913999557e-03,-1.235262677073478699e-02,-1.707833074033260345e-02,-1.186253409832715988e-02,-1.056778058409690857e-02
4.750455617904663086e-01,5.012014508247375488e-01,5.124112367630004883e-01,5.048856735229492188e-01,5.454934388399124146e-02,7.580051198601722717e-03,1.742483116686344147e-02,4.165014252066612244e-03,1.911475695669651031e-02,1.707491092383861542e-02,2.261870540678501129e-02,1.017272472381591797e-02,2.288911677896976471e-02,8.927258662879467010e-03,1.045088749378919601e-02,-6.936641875654459000e-04,-2.495410444680601358e-04,-7.689767517149448395e-04,-2.951778704300522804e-03,9.521367028355598450e-03,8.190073072910308838e-03,-1.282312790863215923e-03,1.195791270583868027e-02,1.680770423263311386e-03
4.319140613079071045e-01,4.471232295036315918e-01,4.618952870368957520e-01,4.433219432830810547e-01,4.395799934864044189e-01,2.168245986104011536e-02,1.621937938034534454e-02,4.771937057375907898e-02,5.172895640134811401e-02,4.443380050361156464e-03,-2.927047666162252426e-03,1.422340609133243561e-02,4.673077538609504700e-02,2.354004792869091034e-02,6.462790071964263916e-03,4.178659990429878235e-03,2.053724229335784912e-02,1.298073958605527878e-02,-2.336101839318871498e-03,-2.127538993954658508e-02,-2.046365663409233093e-02,1.010230462998151779e-02,5.997519474476575851e-04,-1.163675542920827866e-02
1.732990741729736328e-01,4.349773526191711426e-01,4.340071678161621094e-01,4.364562928676605225e-01,4.510819613933563232e-01,4.125027060508728027e-01,1.245933696627616882e-01,1.856965385377407074e-02,1.700464077293872833e-02,2.093261852860450745e-02,-2.268260903656482697e-02,3.541350737214088440e-02,7.496078964322805405e-03,3.766451030969619751e-02,2.223497256636619568e-02,3.617141395807266235e-03,3.141054511070251465e-02,2.371359057724475861e-02,1.709498837590217590e-02,1.363228168338537216e-02,3.864037245512008667e-02,4.127269983291625977e-02,4.872731491923332214e-02,1.811239682137966156e-02
3.691916167736053467e-01,3.800644576549530029e-01,3.631882369518280029e-01,3.896205723285675049e-01,3.913773298263549805e-01,3.733713030815124512e-01,3.701685070991516113e-01,-5.469904746860265732e-03,6.106671877205371857e-03,2.834174083545804024e-04,-1.855821348726749420e-02,3.696420928463339806e-03,-1.225041970610618591e-02,-2.739960141479969025e-02,-1.718248054385185242e-02,-1.243864931166172028e-02,7.884145714342594147e-03,-2.834834530949592590e-02,1.481687766499817371e-03,4.117099568247795105e-02,-2.913359552621841431e-03,-1.632039807736873627e-02,-2.561231702566146851e-02,-2.572217583656311035e-02
1.297692415391793475e-05,3.994844257831573486e-01,3.960353136062622070e-01,3.947561979293823242e-01,3.829208612442016602e-01,3.520812690258026123e-01,3.348338305950164795e-01,3.195344209671020508e-01,1.416680961847305298e-01,5.229393765330314636e-02,4.678833484649658203e-02,3.438263013958930969e-02,3.965786471962928772e-02,3.805715963244438171e-02,3.038336522877216339e-02,5.345305055379867554e-02,3.549965098500251770e-02,4.655560478568077087e-02,4.373881220817565918e-02,2.772787213325500488e-02,1.578533276915550232e-02,3.004927001893520355e-02,3.849428519606590271e-02,3.477651998400688171e-02
3.333333432674407959e-01,3.333333432674407959e-01,3.333333432674407959e-01,3.333333432674407959e-01,3.333333432674407959e-01,3.333333432674407959e-01,3.333333432674407959e-01,3.333333432674407959e-01,3.333333432674407959e-01,0.000000000000000000e+00,0.000000000000000000e+00,0.000000000000000000e+00,0.000000000000000000e+00,0.000000000000000000e+00,0.000000000000000000e+00,0.000000000000000000e+00,0.000000000000000000e+00,0.000000000000000000e+00,0.000000000000000000e+00,0.000000000000000000e+00,0.000000000000000000e+00,0.000000000000000000e+00,0.000000000000000000e+00,0.000000000000000000e+00
3.162277638912200928e-01,3.162277638912200928e-01,3.162277638912200928e-01,3.162277638912200928e-01,3.162277638912200928e-01,3.162277638912200928e-01,3.162277638912200928e-01,3.162277638912200928e-01,3.162277638912200928e-01,3.162277638912200928e-01,0.000000000000000000e+00,0.000000000000000000e+00,0.000000000000000000e+00,0.000000000000000000e+00,0.000000000000000000e+00,0.000000000000000000e+00,0.000000000000000000e+00,0.000000000000000000e+00,0.000000000000000000e+00,0.000000000000000000e+00,0.000000000000000000e+00,0.000000000000000000e+00,0.000000000000000000e+00,0.000000000000000000e+00
1.738847047090530396e-01,3.065241277217864990e-01,2.964004576206207275e-01,2.957532405853271484e-01,3.480118811130523682e-01,3.236723244190216064e-01,3.124778270721435547e-01,3.316803574562072754e-01,2.701300382614135742e-01,2.607601583003997803e-01,3.403018414974212646e-01,5.296183750033378601e-03,1.575440540909767151e-02,4.041591286659240723e-02,-1.322501339018344879e-03,4.804079607129096985e-02,-1.273720245808362961e-02,3.407026082277297974e-02,6.431332975625991821e-02,-2.130753546953201294e-02,-9.668052371125668287e-05,-5.765191745012998581e-03,-1.580940326675772667e-03,-3.716101171448826790e-03
1.021606847643852234e-01,2.904947996139526367e-01,3.011749088764190674e-01,2.731156945228576660e-01,2.799305021762847900e-01,2.816205024719238281e-01,2.860680222511291504e-01,2.834147512912750244e-01,3.226897418498992920e-01,3.654989600181579590e-01,3.259268701076507568e-01,2.413125187158584595e-01,7.663292437791824341e-02,4.723178222775459290e-02,3.093720413744449615e-02,3.111018240451812744e-02,2.104681171476840973e-02,4.274972155690193176e-02,3.448766842484474182e-02,3.411842882633209229e-02,2.169920690357685089e-02,1.754687353968620300e-02,4.776238650083541870e-02,1.252437103539705276e-02
2.773500978946685791e-01,2.773500978946685791e-01,2.773500978946685791e-01,2.773500978946685791e-01,2.773500978946685791e-01,2.773500978946685791e-01,2.773500978946685791e-01,2.773500978946685791e-01,2.773500978946685791e-01,2.773500978946685791e-01,2.773500978946685791e-01,2.773500978946685791e-01,2.773500978946685791e-01,0.000000000000000000e+00,0.000000000000000000e+00,0.000000000000000000e+00,0.000000000000000000e+00,0.000000000000000000e+00,0.000000000000000000e+00,0.000000000000000000e+00,0.000000000000000000e+00,0.000000000000000000e+00,0.000000000000000000e+00,0.000000000000000000e+00
2.672612369060516357e-01,2.672612369060516357e-01,2.672612369060516357e-01,2.672612369060516357e-01,2.672612369060516357e-01,2.672612369060516357e-01,2.672612369060516357e-01,2.672612369060516357e-01,2.672612369060516357e-01,2.672612369060516357e-01,2.672612369060516357e-01,2.672612369060516357e-01,2.672612369060516357e-01,2.672612369060516357e-01,0.000000000000000000e+00,0.000000000000000000e+00,0.000000000000000000e+00,0.000000000000000000e+00,0.000000000000000000e+00,0.000000000000000000e+00,0.000000000000000000e+00,0.000000000000000000e+00,0.000000000000000000e+00,0.000000000000000000e+00
2.581989169120788574e-01,2.581989169120788574e-01,2.581989169120788574e-01,2.581989169120788574e-01,2.581989169120788574e-01,2.581989169120788574e-01,2.581989169120788574e-01,2.581989169120788574e-01,2.581989169120788574e-01,2.581989169120788574e-01,2.581989169120788574e-01,2.581989169120788574e-01,2.581989169120788574e-01,2.581989169120788574e-01,2.581989169120788574e-01,0.000000000000000000e+00,0.000000000000000000e+00,0.000000000000000000e+00,0.000000000000000000e+00,0.000000000000000000e+00,0.000000000000000000e+00,0.000000000000000000e+00,0.000000000000000000e+00,0.000000000000000000e+00
2.500000000000000000e-01,2.500000000000000000e-01,2.500000000000000000e-01,2.500000000000000000e-01,2.500000000000000000e-01,2.500000000000000000e-01,2.500000000000000000e-01,2.500000000000000000e-01,2.500000000000000000e-01,2.500000000000000000e-01,2.500000000000000000e-01,2.500000000000000000e-01,2.500000000000000000e-01,2.500000000000000000e-01,2.500000000000000000e-01,2.500000000000000000e-01,0.000000000000000000e+00,0.000000000000000000e+00,0.000000000000000000e+00,0.000000000000000000e+00,0.000000000000000000e+00,0.000000000000000000e+00,0.000000000000000000e+00,0.000000000000000000e+00
2.425356209278106689e-01,2.425356209278106689e-01,2.425356209278106689e-01,2.425356209278106689e-01,2.425356209278106689e-01,2.425356209278106689e-01,2.425356209278106689e-01,2.425356209278106689e-01,2.425356209278106689e-01,2.425356209278106689e-01,2.425356209278106689e-01,2.425356209278106689e-01,2.425356209278106689e-01,2.425356209278106689e-01,2.425356209278106689e-01,2.425356209278106689e-01,2.425356209278106689e-01,0.000000000000000000e+00,0.000000000000000000e+00,0.000000000000000000e+00,0.000000000000000000e+00,0.000000000000000000e+00,0.000000000000000000e+00,0.000000000000000000e+00
2.357022613286972046e-01,2.357022613286972046e-01,2.357022613286972046e-01,2.357022613286972046e-01,2.357022613286972046e-01,2.357022613286972046e-01,2.357022613286972046e-01,2.357022613286972046e-01,2.357022613286972046e-01,2.357022613286972046e-01,2.357022613286972046e-01,2.357022613286972046e-01,2.357022613286972046e-01,2.357022613286972046e-01,2.357022613286972046e-01,2.357022613286972046e-01,2.357022613286972046e-01,2.357022613286972046e-01,0.000000000000000000e+00,0.000000000000000000e+00,0.000000000000000000e+00,0.000000000000000000e+00,0.000000000000000000e+00,0.000000000000000000e+00
4.793501924723386765e-03,1.689121723175048828e-01,1.737030893564224243e-01,1.709102243185043335e-01,1.726219952106475830e-01,1.707077771425247192e-01,1.701060235500335693e-01,1.967179179191589355e-01,2.359376698732376099e-01,2.523954808712005615e-01,2.807164788246154785e-01,2.784523963928222656e-01,2.800449430942535400e-01,2.698837518692016602e-01,2.605034410953521729e-01,2.474865317344665527e-01,2.415608763694763184e-01,2.208887785673141479e-01,2.038489729166030884e-01,1.693219989538192749e-01,1.374353617429733276e-01,1.251107305288314819e-01,1.083906367421150208e-01,7.582918554544448853e-02
2.236067950725555420e-01,2.236067950725555420e-01,2.236067950725555420e-01,2.236067950725555420e-01,2.236067950725555420e-01,2.236067950725555420e-01,2.236067950725555420e-01,2.236067950725555420e-01,2.236067950725555420e-01,2.236067950725555420e-01,2.236067950725555420e-01,2.236067950725555420e-01,2.236067950725555420e-01,2.236067950725555420e-01,2.236067950725555420e-01,2.236067950725555420e-01,2.236067950725555420e-01,2.236067950725555420e-01,2.236067950725555420e-01,2.236067950725555420e-01,0.000000000000000000e+00,0.000000000000000000e+00,0.000000000000000000e+00,0.000000000000000000e+00
2.182178944349288940e-01,2.182178944349288940e-01,2.182178944349288940e-01,2.182178944349288940e-01,2.182178944349288940e-01,2.182178944349288940e-01,2.182178944349288940e-01,2.182178944349288940e-01,2.182178944349288940e-01,2.182178944349288940e-01,2.182178944349288940e-01,2.182178944349288940e-01,2.182178944349288940e-01,2.182178944349288940e-01,2.182178944349288940e-01,2.182178944349288940e-01,2.182178944349288940e-01,2.182178944349288940e-01,2.182178944349288940e-01,2.182178944349288940e-01,2.182178944349288940e-01,0.000000000000000000e+00,0.000000000000000000e+00,0.000000000000000000e+00
2.132007181644439697e-01,2.132007181644439697e-01,2.132007181644439697e-01,2.132007181644439697e-01,2.132007181644439697e-01,2.132007181644439697e-01,2.132007181644439697e-01,2.132007181644439697e-01,2.132007181644439697e-01,2.132007181644439697e-01,2.132007181644439697e-01,2.132007181644439697e-01,2.132007181644439697e-01,2.132007181644439697e-01,2.132007181644439697e-01,2.132007181644439697e-01,2.132007181644439697e-01,2.132007181644439697e-01,2.132007181644439697e-01,2.132007181644439697e-01,2.132007181644439697e-01,2.132007181644439697e-01,0.000000000000000000e+00,0.000000000000000000e+00
2.085144221782684326e-01,2.085144221782684326e-01,2.085144221782684326e-01,2.085144221782684326e-01,2.085144221782684326e-01,2.085144221782684326e-01,2.085144221782684326e-01,2.085144221782684326e-01,2.085144221782684326e-01,2.085144221782684326e-01,2.085144221782684326e-01,2.085144221782684326e-01,2.085144221782684326e-01,2.085144221782684326e-01,2.085144221782684326e-01,2.085144221782684326e-01,2.085144221782684326e-01,2.085144221782684326e-01,2.085144221782684326e-01,2.085144221782684326e-01,2.085144221782684326e-01,2.085144221782684326e-01,2.085144221782684326e-01,0.000000000000000000e+00
1.657393127679824829e-01,1.657878607511520386e-01,2.122989147901535034e-01,1.695599108934402466e-01,1.900923103094100952e-01,2.579763233661651611e-01,1.478182077407836914e-01,1.614226549863815308e-01,1.843288093805313110e-01,1.999599486589431763e-01,1.964148432016372681e-01,1.964794099330902100e-01,2.294647544622421265e-01,2.378981262445449829e-01,2.247046530246734619e-01,2.626107931137084961e-01,2.240937948226928711e-01,2.067514061927795410e-01,2.190244495868682861e-01,2.020767480134963989e-01,1.963886767625808716e-01,2.098906338214874268e-01,1.905295997858047485e-01,2.002096772193908691e-01
-1.000000000000000000e+00,0.000000000000000000e+00,0.000000000000000000e+00,0.000000000000000000e+00,0.000000000000000000e+00,0.000000000000000000e+00,0.000000000000000000e+00,0.000000000000000000e+00,0.000000000000000000e+00,0.000000000000000000e+00,0.000000000000000000e+00,0.000000000000000000e+00,0.000000000000000000e+00,0.000000000000000000e+00,0.000000000000000000e+00,0.000000000000000000e+00,0.000000000000000000e+00,0.000000000000000000e+00,0.000000000000000000e+00,0.000000000000000000e+00,0.000000000000000000e+00,0.000000000000000000e+00,0.000000000000000000e+00,0.000000000000000000e+00
-7.177420854568481445e-01,-6.959524750709533691e-01,-1.518248463980853558e-03,6.720453035086393356e-03,-2.191143808886408806e-03,-3.824606304988265038e-03,-6.797108799219131470e-04,7.507421541959047318e-04,-4.315790254622697830e-03,4.317529033869504929e-03,5.816949531435966492e-03,1.103757042437791824e-02,1.057859044522047043e-02,1.176532940007746220e-03,-1.702884212136268616e-03,3.808754496276378632e-03,5.148683674633502960e-03,1.276906928978860378e-03,-2.486804965883493423e-03,-7.503246888518333435e-04,3.675438347272574902e-04,-7.110759150236845016e-03,1.222414895892143250e-03,-4.217211157083511353e-03
-5.773503184318542480e-01,-5.773503184318542480e-01,-5.773503184318542480e-01,0.000000000000000000e+00,0.000000000000000000e+00,0.000000000000000000e+00,0.000000000000000000e+00,0.000000000000000000e+00,0.000000000000000000e+00,0.000000000000000000e+00,0.000000000000000000e+00,0.000000000000000000e+00,0.000000000000000000e+00,0.000000000000000000e+00,0.000000000000000000e+00,0.000000000000000000e+00,0.000000000000000000e+00,0.000000000000000000e+00,0.000000000000000000e+00,0.000000000000000000e+00,0.000000000000000000e+00,0.000000000000000000e+00,0.000000000000000000e+00,0.000000000000000000e+00
-4.878304302692413330e-01,-5.134890675544738770e-01,-4.968845844268798828e-01,-4.990611374378204346e-01,-9.700416587293148041e-03,-2.674146369099617004e-02,7.201802916824817657e-03,-6.993009708821773529e-03,-2.758773742243647575e-03,-4.362374544143676758e-03,-1.049004122614860535e-02,-1.971528492867946625e-02,6.168001331388950348e-03,-9.973098523914813995e-03,1.218140125274658203e-03,-1.426735892891883850e-02,3.304197220131754875e-03,-5.725473631173372269e-03,-8.284230716526508331e-04,-1.578979752957820892e-02,-4.942414816468954086e-03,1.318133063614368439e-02,-5.215788260102272034e-03,-9.863947518169879913e-03
-4.506012201309204102e-01,-4.230428338050842285e-01,-4.887098968029022217e-01,-4.083864986896514893e-01,-4.467402696609497070e-01,2.286932989954948425e-02,3.096931055188179016e-02,3.682911396026611328e-02,2.636012248694896698e-02,2.995198406279087067e-02,1.841269806027412415e-02,3.083184547722339630e-02,1.559899002313613892e-02,2.246930822730064392e-02,4.796084389090538025e-02,6.732925307005643845e-03,1.406861096620559692e-02,3.773368522524833679e-02,2.156773814931511879e-03,4.530025273561477661e-02,8.381771855056285858e-03,-2.729064552113413811e-03,3.623478580266237259e-03,-1.470773946493864059e-02
-3.362850546836853027e-01,-3.936685621738433838e-01,-4.512485861778259277e-01,-4.199101924896240234e-01,-3.784237205982208252e-01,-4.319026768207550049e-01,2.479682303965091705e-02,5.072618275880813599e-02,1.989697664976119995e-02,-8.750328794121742249e-03,4.076475277543067932e-02,5.156246200203895569e-02,3.117169812321662903e-02,2.428342588245868683e-02,5.277044326066970825e-02,1.512147672474384308e-02,7.129932194948196411e-02,-7.162649650126695633e-03,2.443789690732955933e-02,4.107738379389047623e-03,4.895908758044242859e-02,3.451346606016159058e-02,-3.095034044235944748e-03,-1.846177130937576294e-02
-4.794919490814208984e-02,-3.991804718971252441e-01,-4.107091724872589111e-01,-4.103227853775024414e-01,-4.302487373352050781e-01,-3.796462416648864746e-01,-2.915728986263275146e-01,-8.874104917049407959e-02,7.392448186874389648e-02,7.031667977571487427e-02,7.992810010910034180e-02,6.489945948123931885e-02,7.694637775421142578e-02,6.593619287014007568e-02,5.058790370821952820e-02,6.680677086114883423e-02,7.615416496992111206e-02,7.885242253541946411e-02,8.403982222080230713e-02,6.692902743816375732e-02,6.253041326999664307e-02,7.155019789934158325e-02,7.729984819889068604e-02,4.805792868137359619e-02
-3.535534143447875977e-01,-3.535534143447875977e-01,-3.535534143447875977e-01,-3.535534143447875977e-01,-3.535534143447875977e-01,-3.535534143447875977e-01,-3.535534143447875977e-01,-3.535534143447875977e-01,0.000000000000000000e+00,0.000000000000000000e+00,0.000000000000000000e+00,0.000000000000000000e+00,0.000000000000000000e+00,0.000000000000000000e+00,0.000000000000000000e+00,0.000000000000000000e+00,0.000000000000000000e+00,0.000000000000000000e+00,0.000000000000000000e+00,0.000000000000000000e+00,0.000000000000000000e+00,0.000000000000000000e+00,0.000000000000000000e+00,0.000000000000000000e+00
-3.333333432674407959e-01,-3.333333432674407959e-01,-3.333333432674407959e-01,-3.333333432674407959e-01,-3.333333432674407959e-01,-3.333333432674407959e-01,-3.333333432674407959e-01,-3.333333432674407959e-01,-3.333333432674407959e-01,0.000000000000000000e+00,0.000000000000000000e+00,0.000000000000000000e+00,0.000000000000000000e+00,0.000000000000000000e+00,0.000000000000000000e+00,0.000000000000000000e+00,0.000000000000000000e+00,0.000000000000000000e+00,0.000000000000000000e+00,0.000000000000000000e+00,0.000000000000000000e+00,0.000000000000000000e+00,0.000000000000000000e+00,0.000000000000000000e+00
-3.162277638912200928e-01,-3.162277638912200928e-01,-3.162277638912200928e-01,-3.162277638912200928e-01,-3.162277638912200928e-01,-3.162277638912200928e-01,-3.162277638912200928e-01,-3.162277638912200928e-01,-3.162277638912200928e-01,-3.162277638912200928e-01,0.000000000000000000e+00,0.000000000000000000e+00,0.000000000000000000e+00,0.000000000000000000e+00,0.000000000000000000e+00,0.000000000000000000e+00,0.000000000000000000e+00,0.000000000000000000e+00,0.000000000000000000e+00,0.000000000000000000e+00,0.000000000000000000e+00,0.000000000000000000e+00,0.000000000000000000e+00,0.000000000000000000e+00
-3.015113472938537598e-01,-3.015113472938537598e-01,-3.015113472938537598e-01,-3.015113472938537598e-01,-3.015113472938537598e-01,-3.015113472938537598e-01,-3.015113472938537598e-01,-3.015113472938537598e-01,-3.015113472938537598e-01,-3.015113472938537598e-01,-3.015113472938537598e-01,0.000000000000000000e+00,0.000000000000000000e+00,0.000000000000000000e+00,0.000000000000000000e+00,0.000000000000000000e+00,0.000000000000000000e+00,0.000000000000000000e+00,0.000000000000000000e+00,0.000000000000000000e+00,0.000000000000000000e+00,0.000000000000000000e+00,0.000000000000000000e+00,0.000000000000000000e+00
4.151213914155960083e-02,-2.973132431507110596e-01,-2.789094150066375732e-01,-2.730036377906799316e-01,-2.595760822296142578e-01,-2.694441676139831543e-01,-2.490680962800979614e-01,-3.180117905139923096e-01,-3.841107785701751709e-01,-3.660308718681335449e-01,-3.058386743068695068e-01,-1.772188544273376465e-01,-4.075683280825614929e-02,1.867665094323456287e-03,3.936069458723068237e-02,6.043123081326484680e-02,5.924578756093978882e-02,7.057093083858489990e-02,7.208459079265594482e-02,7.181074470281600952e-02,7.805041223764419556e-02,7.487298548221588135e-02,7.076714932918548584e-02,7.440001517534255981e-02
-2.773500978946685791e-01,-2.773500978946685791e-01,-2.773500978946685791e-01,-2.773500978946685791e-01,-2.773500978946685791e-01,-2.773500978946685791e-01,-2.773500978946685791e-01,-2.773500978946685791e-01,-2.773500978946685791e-01,-2.773500978946685791e-01,-2.773500978946685791e-01,-2.773500978946685791e-01,-2.773500978946685791e-01,0.000000000000000000e+00,0.000000000000000000e+00,0.000000000000000000e+00,0.000000000000000000e+00,0.000000000000000000e+00,0.000000000000000000e+00,0.000000000000000000e+00,0.000000000000000000e+00,0.000000000000000000e+00,0.000000000000000000e+00,0.000000000000000000e+00
-2.672612369060516357e-01,-2.672612369060516357e-01,-2.672612369060516357e-01,-2.672612369060516357e-01,-2.672612369060516357e-01,-2.672612369060516357e-01,-2.672612369060516357e-01,-2.672612369060516357e-01,-2.672612369060516357e-01,-2.672612369060516357e-01,-2.672612369060516357e-01,-2.672612369060516357e-01,-2.672612369060516357e-01,-2.672612369060516357e-01,0.000000000000000000e+00,0.000000000000000000e+00,0.000000000000000000e+00,0.000000000000000000e+00,0.000000000000000000e+00,0.000000000000000000e+00,0.000000000000000000e+00,0.000000000000000000e+00,0.000000000000000000e+00,0.000000000000000000e+00
-2.581989169120788574e-01,-2.581989169120788574e-01,-2.581989169120788574e-01,-2.581989169120788574e-01,-2.581989169120788574e-01,-2.581989169120788574e-01,-2.581989169120788574e-01,-2.581989169120788574e-01,-2.581989169120788574e-01,-2.581989169120788574e-01,-2.581989169120788574e-01,-2.581989169120788574e-01,-2.581989169120788574e-01,-2.581989169120788574e-01,-2.581989169120788574e-01,0.000000000000000000e+00,0.000000000000000000e+00,0.000000000000000000e+00,0.000000000000000000e+00,0.000000000000000000e+00,0.000000000000000000e+00,0.000000000000000000e+00,0.000000000000000000e+00,0.000000000000000000e+00
-2.500000000000000000e-01,-2.500000000000000000e-01,-2.500000000000000000e-01,-2.500000000000000000e-01,-2.500000000000000000e-01,-2.500000000000000000e-01,-2.500000000000000000e-01,-2.500000000000000000e-01,-2.500000000000000000e-01,-2.500000000000000000e-01,-2.500000000000000000e-01,-2.500000000000000000e-01,-2.500000000000000000e-01,-2.500000000000000000e-01,-2.500000000000000000e-01,-2.500000000000000000e-01,0.000000000000000000e+00,0.000000000000000000e+00,0.000000000000000000e+00,0.000000000000000000e+00,0.000000000000000000e+00,0.000000000000000000e+00,0.000000000000000000e+00,0.000000000000000000e+00
-2.425356209278106689e-01,-2.425356209278106689e-01,-2.425356209278106689e-01,-2.425356209278106689e-01,-2.425356209278106689e-01,-2.425356209278106689e-01,-2.425356209278106689e-01,-2.425356209278106689e-01,-2.425356209278106689e-01,-2.425356209278106689e-01,-2.425356209278106689e-01,-2.425356209278106689e-01,-2.425356209278106689e-01,-2.425356209278106689e-01,-2.425356209278106689e-01,-2.425356209278106689e-01,-2.425356209278106689e-01,0.000000000000000000e+00,0.000000000000000000e+00,0.000000000000000000e+00,0.000000000000000000e+00,0.000000000000000000e+00,0.000000000000000000e+00,0.000000000000000000e+00
-2.357022613286972046e-01,-2.357022613286972046e-01,-2.357022613286972046e-01,-2.357022613286972046e-01,-2.357022613286972046e-01,-2.357022613286972046e-01,-2.357022613286972046e-01,-2.357022613286972046e-01,-2.357022613286972046e-01,-2.357022613286972046e-01,-2.357022613286972046e-01,-2.357022613286972046e-01,-2.357022613286972046e-01,-2.357022613286972046e-01,-2.357022613286972046e-01,-2.357022613286972046e-01,-2.357022613286972046e-01,-2.357022613286972046e-01,0.000000000000000000e+00,0.000000000000000000e+00,0.000000000000000000e+00,0.000000000000000000e+00,0.000000000000000000e+00,0.000000000000000000e+00
-2.294157296419143677e-01,-2.294157296419143677e-01,-2.294157296419143677e-01,-2.294157296419143677e-01,-2.294157296419143677e-01,-2.294157296419143677e-01,-2.294157296419143677e-01,-2.294157296419143677e-01,-2.294157296419143677e-01,-2.294157296419143677e-01,-2.294157296419143677e-01,-2.294157296419143677e-01,-2.294157296419143677e-01,-2.294157296419143677e-01,-2.294157296419143677e-01,-2.294157296419143677e-01,-2.294157296419143677e-01,-2.294157296419143677e-01,-2.294157296419143677e-01,0.000000000000000000e+00,0.000000000000000000e+00,0.000000000000000000e+00,0.000000000000000000e+00,0.000000000000000000e+00
-2.236067950725555420e-01,-2.236067950725555420e-01,-2.236067950725555420e-01,-2.236067950725555420e-01,-2.236067950725555420e-01,-2.236067950725555420e-01,-2.236067950725555420e-01,-2.236067950725555420e-01,-2.236067950725555420e-01,-2.236067950725555420e-01,-2.236067950725555420e-01,-2.236067950725555420e-01,-2.236067950725555420e-01,-2.236067950725555420e-01,-2.236067950725555420e-01,-2.236067950725555420e-01,-2.236067950725555420e-01,-2.236067950725555420e-01,-2.236067950725555420e-01,-2.236067950725555420e-01,0.000000000000000000e+00,0.000000000000000000e+00,0.000000000000000000e+00,0.000000000000000000e+00
-2.182178944349288940e-01,-2.182178944349288940e-01,-2.182178944349288940e-01,-2.182178944349288940e-01,-2.182178944349288940e-01,-2.182178944349288940e-01,-2.182178944349288940e-01,-2.182178944349288940e-01,-2.182178944349288940e-01,-2.182178944349288940e-01,-2.182178944349288940e-01,-2.182178944349288940e-01,-2.182178944349288940e-01,-2.182178944349288940e-01,-2.182178944349288940e-01,-2.182178944349288940e-01,-2.182178944349288940e-01,-2.182178944349288940e-01,-2.182178944349288940e-01,-2.182178944349288940e-01,-2.182178944349288940e-01,0.000000000000000000e+00,0.000000000000000000e+00,0.000000000000000000e+00
-2.132007181644439697e-01,-2.132007181644439697e-01,-2.132007181644439697e-01,-2.132007181644439697e-01,-2.132007181644439697e-01,-2.132007181644439697e-01,-2.132007181644439697e-01,-2.132007181644439697e-01,-2.132007181644439697e-01,-2.132007181644439697e-01,-2.132007181644439697e-01,-2.132007181644439697e-01,-2.132007181644439697e-01,-2.132007181644439697e-01,-2.132007181644439697e-01,-2.132007181644439697e-01,-2.132007181644439697e-01,-2.132007181644439697e-01,-2.132007181644439697e-01,-2.132007181644439697e-01,-2.132007181644439697e-01,-2.132007181644439697e-01,0.000000000000000000e+00,0.000000000000000000e+00
-2.085144221782684326e-01,-2.085144221782684326e-01,-2.085144221782684326e-01,-2.085144221782684326e-01,-2.085144221782684326e-01,-2.085144221782684326e-01,-2.085144221782684326e-01,-2.085144221782684326e-01,-2.085144221782684326e-01,-2.085144221782684326e-01,-2.085144221782684326e-01,-2.085144221782684326e-01,-2.085144221782684326e-01,-2.085144221782684326e-01,-2.085144221782684326e-01,-2.085144221782684326e-01,-2.085144221782684326e-01,-2.085144221782684326e-01,-2.085144221782684326e-01,-2.085144221782684326e-01,-2.085144221782684326e-01,-2.085144221782684326e-01,-2.085144221782684326e-01,0.000000000000000000e+00
9.186498937197029591e-04,-1.885478347539901733e-01,-1.937378495931625366e-01,-1.876390874385833740e-01,-1.795952618122100830e-01,-1.755884140729904175e-01,-1.743490397930145264e-01,-1.998470425605773926e-01,-2.220862805843353271e-01,-2.266057282686233521e-01,-2.355147153139114380e-01,-2.376041263341903687e-01,-2.471094727516174316e-01,-2.440718710422515869e-01,-2.408569157123565674e-01,-2.457269877195358276e-01,-2.319764345884323120e-01,-2.359405606985092163e-01,-2.188093215227127075e-01,-2.024622559547424316e-01,-1.772790402173995972e-01,-1.675540506839752197e-01,-1.607314199209213257e-01,-1.515725404024124146e-01
